Daily MySQL backup scheduled at 10:30
✅ CryptoUtils loaded (COMPATIBLE VERSION)
Server running on port 9010
connected to the Local database
Backup created at: /home/smart/Dispatch/Backup/DailyBackup/backup-2026-02-24_05-00-00-100.sql
Daily MySQL backup scheduled at 10:30
✅ CryptoUtils loaded (COMPATIBLE VERSION)
Server running on port 9010
connected to the Local database
Error in /get-running-csv: TypeError: Cannot read properties of undefined (reading 'SHPH_ShipmentCode')
    at /snapshot/Backend/app.js:977:40
    at processTicksAndRejections (node:internal/process/task_queues:96:5)
Error in /get-running-csv: TypeError: Cannot read properties of undefined (reading 'SHPH_ShipmentCode')
    at /snapshot/Backend/app.js:977:40
    at processTicksAndRejections (node:internal/process/task_queues:96:5)
Error in /get-running-csv: TypeError: Cannot read properties of undefined (reading 'SHPH_ShipmentCode')
    at /snapshot/Backend/app.js:977:40
    at processTicksAndRejections (node:internal/process/task_queues:96:5)
Error in /get-running-csv: TypeError: Cannot read properties of undefined (reading 'SHPH_ShipmentCode')
    at /snapshot/Backend/app.js:977:40
    at processTicksAndRejections (node:internal/process/task_queues:96:5)
Error in /get-running-csv: TypeError: Cannot read properties of undefined (reading 'SHPH_ShipmentCode')
    at /snapshot/Backend/app.js:977:40
    at processTicksAndRejections (node:internal/process/task_queues:96:5)
Error in /get-running-csv: TypeError: Cannot read properties of undefined (reading 'SHPH_ShipmentCode')
    at /snapshot/Backend/app.js:977:40
    at processTicksAndRejections (node:internal/process/task_queues:96:5)
Error in /get-running-csv: TypeError: Cannot read properties of undefined (reading 'SHPH_ShipmentCode')
    at /snapshot/Backend/app.js:977:40
    at processTicksAndRejections (node:internal/process/task_queues:96:5)
Error in /get-running-csv: TypeError: Cannot read properties of undefined (reading 'SHPH_ShipmentCode')
    at /snapshot/Backend/app.js:977:40
    at processTicksAndRejections (node:internal/process/task_queues:96:5)
Error in /get-running-csv: TypeError: Cannot read properties of undefined (reading 'SHPH_ShipmentCode')
    at /snapshot/Backend/app.js:977:40
    at processTicksAndRejections (node:internal/process/task_queues:96:5)
Error in /get-running-csv: TypeError: Cannot read properties of undefined (reading 'SHPH_ShipmentCode')
    at /snapshot/Backend/app.js:977:40
    at processTicksAndRejections (node:internal/process/task_queues:96:5)
Error in /get-running-csv: TypeError: Cannot read properties of undefined (reading 'SHPH_ShipmentCode')
    at /snapshot/Backend/app.js:977:40
    at processTicksAndRejections (node:internal/process/task_queues:96:5)
Error in /get-running-csv: TypeError: Cannot read properties of undefined (reading 'SHPH_ShipmentCode')
    at /snapshot/Backend/app.js:977:40
    at processTicksAndRejections (node:internal/process/task_queues:96:5)
Error in /get-running-csv: TypeError: Cannot read properties of undefined (reading 'SHPH_ShipmentCode')
    at /snapshot/Backend/app.js:977:40
    at processTicksAndRejections (node:internal/process/task_queues:96:5)
Error in /get-running-csv: TypeError: Cannot read properties of undefined (reading 'SHPH_ShipmentCode')
    at /snapshot/Backend/app.js:977:40
    at processTicksAndRejections (node:internal/process/task_queues:96:5)
Error in /get-running-csv: TypeError: Cannot read properties of undefined (reading 'SHPH_ShipmentCode')
    at /snapshot/Backend/app.js:977:40
    at processTicksAndRejections (node:internal/process/task_queues:96:5)
Error in /get-running-csv: TypeError: Cannot read properties of undefined (reading 'SHPH_ShipmentCode')
    at /snapshot/Backend/app.js:977:40
    at processTicksAndRejections (node:internal/process/task_queues:96:5)
Error in /get-running-csv: TypeError: Cannot read properties of undefined (reading 'SHPH_ShipmentCode')
    at /snapshot/Backend/app.js:977:40
    at processTicksAndRejections (node:internal/process/task_queues:96:5)
Error in /get-running-csv: TypeError: Cannot read properties of undefined (reading 'SHPH_ShipmentCode')
    at /snapshot/Backend/app.js:977:40
    at processTicksAndRejections (node:internal/process/task_queues:96:5)
Error in /get-running-csv: TypeError: Cannot read properties of undefined (reading 'SHPH_ShipmentCode')
    at /snapshot/Backend/app.js:977:40
    at processTicksAndRejections (node:internal/process/task_queues:96:5)
Error in /get-running-csv: TypeError: Cannot read properties of undefined (reading 'SHPH_ShipmentCode')
    at /snapshot/Backend/app.js:977:40
    at processTicksAndRejections (node:internal/process/task_queues:96:5)
Error in /get-running-csv: TypeError: Cannot read properties of undefined (reading 'SHPH_ShipmentCode')
    at /snapshot/Backend/app.js:977:40
    at processTicksAndRejections (node:internal/process/task_queues:96:5)
Error in /get-running-csv: TypeError: Cannot read properties of undefined (reading 'SHPH_ShipmentCode')
    at /snapshot/Backend/app.js:977:40
    at processTicksAndRejections (node:internal/process/task_queues:96:5)
Error in /get-running-csv: TypeError: Cannot read properties of undefined (reading 'SHPH_ShipmentCode')
    at /snapshot/Backend/app.js:977:40
    at processTicksAndRejections (node:internal/process/task_queues:96:5)
Error in /get-running-csv: TypeError: Cannot read properties of undefined (reading 'SHPH_ShipmentCode')
    at /snapshot/Backend/app.js:977:40
    at processTicksAndRejections (node:internal/process/task_queues:96:5)
Error in /get-running-csv: TypeError: Cannot read properties of undefined (reading 'SHPH_ShipmentCode')
    at /snapshot/Backend/app.js:977:40
    at processTicksAndRejections (node:internal/process/task_queues:96:5)
Error in /get-running-csv: TypeError: Cannot read properties of undefined (reading 'SHPH_ShipmentCode')
    at /snapshot/Backend/app.js:977:40
    at processTicksAndRejections (node:internal/process/task_queues:96:5)
Error in /get-running-csv: TypeError: Cannot read properties of undefined (reading 'SHPH_ShipmentCode')
    at /snapshot/Backend/app.js:977:40
    at processTicksAndRejections (node:internal/process/task_queues:96:5)
Error in /get-running-csv: TypeError: Cannot read properties of undefined (reading 'SHPH_ShipmentCode')
    at /snapshot/Backend/app.js:977:40
    at processTicksAndRejections (node:internal/process/task_queues:96:5)
Error in /get-running-csv: TypeError: Cannot read properties of undefined (reading 'SHPH_ShipmentCode')
    at /snapshot/Backend/app.js:977:40
    at processTicksAndRejections (node:internal/process/task_queues:96:5)
Error in /get-running-csv: TypeError: Cannot read properties of undefined (reading 'SHPH_ShipmentCode')
    at /snapshot/Backend/app.js:977:40
    at processTicksAndRejections (node:internal/process/task_queues:96:5)
Error in /get-running-csv: TypeError: Cannot read properties of undefined (reading 'SHPH_ShipmentCode')
    at /snapshot/Backend/app.js:977:40
    at processTicksAndRejections (node:internal/process/task_queues:96:5)
Error in /get-running-csv: TypeError: Cannot read properties of undefined (reading 'SHPH_ShipmentCode')
    at /snapshot/Backend/app.js:977:40
    at processTicksAndRejections (node:internal/process/task_queues:96:5)
Error in /get-running-csv: TypeError: Cannot read properties of undefined (reading 'SHPH_ShipmentCode')
    at /snapshot/Backend/app.js:977:40
    at processTicksAndRejections (node:internal/process/task_queues:96:5)
Error in /get-running-csv: TypeError: Cannot read properties of undefined (reading 'SHPH_ShipmentCode')
    at /snapshot/Backend/app.js:977:40
    at processTicksAndRejections (node:internal/process/task_queues:96:5)
Error in /get-running-csv: TypeError: Cannot read properties of undefined (reading 'SHPH_ShipmentCode')
    at /snapshot/Backend/app.js:977:40
    at processTicksAndRejections (node:internal/process/task_queues:96:5)
Error in /get-running-csv: TypeError: Cannot read properties of undefined (reading 'SHPH_ShipmentCode')
    at /snapshot/Backend/app.js:977:40
    at processTicksAndRejections (node:internal/process/task_queues:96:5)
Error in /get-running-csv: TypeError: Cannot read properties of undefined (reading 'SHPH_ShipmentCode')
    at /snapshot/Backend/app.js:977:40
    at processTicksAndRejections (node:internal/process/task_queues:96:5)
Error in /get-running-csv: TypeError: Cannot read properties of undefined (reading 'SHPH_ShipmentCode')
    at /snapshot/Backend/app.js:977:40
    at processTicksAndRejections (node:internal/process/task_queues:96:5)
Error in /get-running-csv: TypeError: Cannot read properties of undefined (reading 'SHPH_ShipmentCode')
    at /snapshot/Backend/app.js:977:40
    at processTicksAndRejections (node:internal/process/task_queues:96:5)
Error in /get-running-csv: TypeError: Cannot read properties of undefined (reading 'SHPH_ShipmentCode')
    at /snapshot/Backend/app.js:977:40
    at processTicksAndRejections (node:internal/process/task_queues:96:5)
Error in /get-running-csv: TypeError: Cannot read properties of undefined (reading 'SHPH_ShipmentCode')
    at /snapshot/Backend/app.js:977:40
    at processTicksAndRejections (node:internal/process/task_queues:96:5)
Error in /get-running-csv: TypeError: Cannot read properties of undefined (reading 'SHPH_ShipmentCode')
    at /snapshot/Backend/app.js:977:40
    at processTicksAndRejections (node:internal/process/task_queues:96:5)
Error in /get-running-csv: TypeError: Cannot read properties of undefined (reading 'SHPH_ShipmentCode')
    at /snapshot/Backend/app.js:977:40
    at processTicksAndRejections (node:internal/process/task_queues:96:5)
Error in /get-running-csv: TypeError: Cannot read properties of undefined (reading 'SHPH_ShipmentCode')
    at /snapshot/Backend/app.js:977:40
    at processTicksAndRejections (node:internal/process/task_queues:96:5)
Error in /get-running-csv: TypeError: Cannot read properties of undefined (reading 'SHPH_ShipmentCode')
    at /snapshot/Backend/app.js:977:40
    at processTicksAndRejections (node:internal/process/task_queues:96:5)
Error in /get-running-csv: TypeError: Cannot read properties of undefined (reading 'SHPH_ShipmentCode')
    at /snapshot/Backend/app.js:977:40
    at processTicksAndRejections (node:internal/process/task_queues:96:5)
Error in /get-running-csv: TypeError: Cannot read properties of undefined (reading 'SHPH_ShipmentCode')
    at /snapshot/Backend/app.js:977:40
    at processTicksAndRejections (node:internal/process/task_queues:96:5)
Error in /get-running-csv: TypeError: Cannot read properties of undefined (reading 'SHPH_ShipmentCode')
    at /snapshot/Backend/app.js:977:40
    at processTicksAndRejections (node:internal/process/task_queues:96:5)
Error in /get-running-csv: TypeError: Cannot read properties of undefined (reading 'SHPH_ShipmentCode')
    at /snapshot/Backend/app.js:977:40
    at processTicksAndRejections (node:internal/process/task_queues:96:5)
Error in /get-running-csv: TypeError: Cannot read properties of undefined (reading 'SHPH_ShipmentCode')
    at /snapshot/Backend/app.js:977:40
    at processTicksAndRejections (node:internal/process/task_queues:96:5)
Error in /get-running-csv: TypeError: Cannot read properties of undefined (reading 'SHPH_ShipmentCode')
    at /snapshot/Backend/app.js:977:40
    at processTicksAndRejections (node:internal/process/task_queues:96:5)
Error in /get-running-csv: TypeError: Cannot read properties of undefined (reading 'SHPH_ShipmentCode')
    at /snapshot/Backend/app.js:977:40
    at processTicksAndRejections (node:internal/process/task_queues:96:5)
Error in /get-running-csv: TypeError: Cannot read properties of undefined (reading 'SHPH_ShipmentCode')
    at /snapshot/Backend/app.js:977:40
    at processTicksAndRejections (node:internal/process/task_queues:96:5)
Error in /get-running-csv: TypeError: Cannot read properties of undefined (reading 'SHPH_ShipmentCode')
    at /snapshot/Backend/app.js:977:40
    at processTicksAndRejections (node:internal/process/task_queues:96:5)
Error in /get-running-csv: TypeError: Cannot read properties of undefined (reading 'SHPH_ShipmentCode')
    at /snapshot/Backend/app.js:977:40
    at processTicksAndRejections (node:internal/process/task_queues:96:5)
Error in /get-running-csv: TypeError: Cannot read properties of undefined (reading 'SHPH_ShipmentCode')
    at /snapshot/Backend/app.js:977:40
    at processTicksAndRejections (node:internal/process/task_queues:96:5)
Error in /get-running-csv: TypeError: Cannot read properties of undefined (reading 'SHPH_ShipmentCode')
    at /snapshot/Backend/app.js:977:40
    at processTicksAndRejections (node:internal/process/task_queues:96:5)
Error in /get-running-csv: TypeError: Cannot read properties of undefined (reading 'SHPH_ShipmentCode')
    at /snapshot/Backend/app.js:977:40
    at processTicksAndRejections (node:internal/process/task_queues:96:5)
Error in /get-running-csv: TypeError: Cannot read properties of undefined (reading 'SHPH_ShipmentCode')
    at /snapshot/Backend/app.js:977:40
    at processTicksAndRejections (node:internal/process/task_queues:96:5)
Error in /get-running-csv: TypeError: Cannot read properties of undefined (reading 'SHPH_ShipmentCode')
    at /snapshot/Backend/app.js:977:40
    at processTicksAndRejections (node:internal/process/task_queues:96:5)
Error in /get-running-csv: TypeError: Cannot read properties of undefined (reading 'SHPH_ShipmentCode')
    at /snapshot/Backend/app.js:977:40
    at processTicksAndRejections (node:internal/process/task_queues:96:5)
Error in /get-running-csv: TypeError: Cannot read properties of undefined (reading 'SHPH_ShipmentCode')
    at /snapshot/Backend/app.js:977:40
    at processTicksAndRejections (node:internal/process/task_queues:96:5)
Error in /get-running-csv: TypeError: Cannot read properties of undefined (reading 'SHPH_ShipmentCode')
    at /snapshot/Backend/app.js:977:40
    at processTicksAndRejections (node:internal/process/task_queues:96:5)
Error in /get-running-csv: TypeError: Cannot read properties of undefined (reading 'SHPH_ShipmentCode')
    at /snapshot/Backend/app.js:977:40
    at processTicksAndRejections (node:internal/process/task_queues:96:5)
Error in /get-running-csv: TypeError: Cannot read properties of undefined (reading 'SHPH_ShipmentCode')
    at /snapshot/Backend/app.js:977:40
    at processTicksAndRejections (node:internal/process/task_queues:96:5)
Error in /get-running-csv: TypeError: Cannot read properties of undefined (reading 'SHPH_ShipmentCode')
    at /snapshot/Backend/app.js:977:40
    at processTicksAndRejections (node:internal/process/task_queues:96:5)
Error in /get-running-csv: TypeError: Cannot read properties of undefined (reading 'SHPH_ShipmentCode')
    at /snapshot/Backend/app.js:977:40
    at processTicksAndRejections (node:internal/process/task_queues:96:5)
Error in /get-running-csv: TypeError: Cannot read properties of undefined (reading 'SHPH_ShipmentCode')
    at /snapshot/Backend/app.js:977:40
    at processTicksAndRejections (node:internal/process/task_queues:96:5)
Error in /get-running-csv: TypeError: Cannot read properties of undefined (reading 'SHPH_ShipmentCode')
    at /snapshot/Backend/app.js:977:40
    at processTicksAndRejections (node:internal/process/task_queues:96:5)
Error in /get-running-csv: TypeError: Cannot read properties of undefined (reading 'SHPH_ShipmentCode')
    at /snapshot/Backend/app.js:977:40
    at processTicksAndRejections (node:internal/process/task_queues:96:5)
Error in /get-running-csv: TypeError: Cannot read properties of undefined (reading 'SHPH_ShipmentCode')
    at /snapshot/Backend/app.js:977:40
    at processTicksAndRejections (node:internal/process/task_queues:96:5)
Error in /get-running-csv: TypeError: Cannot read properties of undefined (reading 'SHPH_ShipmentCode')
    at /snapshot/Backend/app.js:977:40
    at processTicksAndRejections (node:internal/process/task_queues:96:5)
Error in /get-running-csv: TypeError: Cannot read properties of undefined (reading 'SHPH_ShipmentCode')
    at /snapshot/Backend/app.js:977:40
    at processTicksAndRejections (node:internal/process/task_queues:96:5)
Error in /get-running-csv: TypeError: Cannot read properties of undefined (reading 'SHPH_ShipmentCode')
    at /snapshot/Backend/app.js:977:40
    at processTicksAndRejections (node:internal/process/task_queues:96:5)
Error in /get-running-csv: TypeError: Cannot read properties of undefined (reading 'SHPH_ShipmentCode')
    at /snapshot/Backend/app.js:977:40
    at processTicksAndRejections (node:internal/process/task_queues:96:5)
Error in /get-running-csv: TypeError: Cannot read properties of undefined (reading 'SHPH_ShipmentCode')
    at /snapshot/Backend/app.js:977:40
    at processTicksAndRejections (node:internal/process/task_queues:96:5)
Error in /get-running-csv: TypeError: Cannot read properties of undefined (reading 'SHPH_ShipmentCode')
    at /snapshot/Backend/app.js:977:40
    at processTicksAndRejections (node:internal/process/task_queues:96:5)
Error in /get-running-csv: TypeError: Cannot read properties of undefined (reading 'SHPH_ShipmentCode')
    at /snapshot/Backend/app.js:977:40
    at processTicksAndRejections (node:internal/process/task_queues:96:5)
Error in /get-running-csv: TypeError: Cannot read properties of undefined (reading 'SHPH_ShipmentCode')
    at /snapshot/Backend/app.js:977:40
    at processTicksAndRejections (node:internal/process/task_queues:96:5)
Error in /get-running-csv: TypeError: Cannot read properties of undefined (reading 'SHPH_ShipmentCode')
    at /snapshot/Backend/app.js:977:40
    at processTicksAndRejections (node:internal/process/task_queues:96:5)
Error in /get-running-csv: TypeError: Cannot read properties of undefined (reading 'SHPH_ShipmentCode')
    at /snapshot/Backend/app.js:977:40
    at processTicksAndRejections (node:internal/process/task_queues:96:5)
Error in /get-running-csv: TypeError: Cannot read properties of undefined (reading 'SHPH_ShipmentCode')
    at /snapshot/Backend/app.js:977:40
    at processTicksAndRejections (node:internal/process/task_queues:96:5)
Error in /get-running-csv: TypeError: Cannot read properties of undefined (reading 'SHPH_ShipmentCode')
    at /snapshot/Backend/app.js:977:40
    at processTicksAndRejections (node:internal/process/task_queues:96:5)
Error in /get-running-csv: TypeError: Cannot read properties of undefined (reading 'SHPH_ShipmentCode')
    at /snapshot/Backend/app.js:977:40
    at processTicksAndRejections (node:internal/process/task_queues:96:5)
Error in /get-running-csv: TypeError: Cannot read properties of undefined (reading 'SHPH_ShipmentCode')
    at /snapshot/Backend/app.js:977:40
    at processTicksAndRejections (node:internal/process/task_queues:96:5)
Error in /get-running-csv: TypeError: Cannot read properties of undefined (reading 'SHPH_ShipmentCode')
    at /snapshot/Backend/app.js:977:40
    at processTicksAndRejections (node:internal/process/task_queues:96:5)
Error in /get-running-csv: TypeError: Cannot read properties of undefined (reading 'SHPH_ShipmentCode')
    at /snapshot/Backend/app.js:977:40
    at processTicksAndRejections (node:internal/process/task_queues:96:5)
Error in /get-running-csv: TypeError: Cannot read properties of undefined (reading 'SHPH_ShipmentCode')
    at /snapshot/Backend/app.js:977:40
    at processTicksAndRejections (node:internal/process/task_queues:96:5)
Error in /get-running-csv: TypeError: Cannot read properties of undefined (reading 'SHPH_ShipmentCode')
    at /snapshot/Backend/app.js:977:40
    at processTicksAndRejections (node:internal/process/task_queues:96:5)
Error in /get-running-csv: TypeError: Cannot read properties of undefined (reading 'SHPH_ShipmentCode')
    at /snapshot/Backend/app.js:977:40
    at processTicksAndRejections (node:internal/process/task_queues:96:5)
Error in /get-running-csv: TypeError: Cannot read properties of undefined (reading 'SHPH_ShipmentCode')
    at /snapshot/Backend/app.js:977:40
    at processTicksAndRejections (node:internal/process/task_queues:96:5)
Error in /get-running-csv: TypeError: Cannot read properties of undefined (reading 'SHPH_ShipmentCode')
    at /snapshot/Backend/app.js:977:40
    at processTicksAndRejections (node:internal/process/task_queues:96:5)
Error in /get-running-csv: TypeError: Cannot read properties of undefined (reading 'SHPH_ShipmentCode')
    at /snapshot/Backend/app.js:977:40
    at processTicksAndRejections (node:internal/process/task_queues:96:5)
Error in /get-running-csv: TypeError: Cannot read properties of undefined (reading 'SHPH_ShipmentCode')
    at /snapshot/Backend/app.js:977:40
    at processTicksAndRejections (node:internal/process/task_queues:96:5)
Error in /get-running-csv: TypeError: Cannot read properties of undefined (reading 'SHPH_ShipmentCode')
    at /snapshot/Backend/app.js:977:40
    at processTicksAndRejections (node:internal/process/task_queues:96:5)
Error in /get-running-csv: TypeError: Cannot read properties of undefined (reading 'SHPH_ShipmentCode')
    at /snapshot/Backend/app.js:977:40
    at processTicksAndRejections (node:internal/process/task_queues:96:5)
Error in /get-running-csv: TypeError: Cannot read properties of undefined (reading 'SHPH_ShipmentCode')
    at /snapshot/Backend/app.js:977:40
    at runMicrotasks (<anonymous>)
    at processTicksAndRejections (node:internal/process/task_queues:96:5)
Error in /get-running-csv: TypeError: Cannot read properties of undefined (reading 'SHPH_ShipmentCode')
    at /snapshot/Backend/app.js:977:40
    at runMicrotasks (<anonymous>)
    at processTicksAndRejections (node:internal/process/task_queues:96:5)
Error in /get-running-csv: TypeError: Cannot read properties of undefined (reading 'SHPH_ShipmentCode')
    at /snapshot/Backend/app.js:977:40
    at runMicrotasks (<anonymous>)
    at processTicksAndRejections (node:internal/process/task_queues:96:5)
Error in /get-running-csv: TypeError: Cannot read properties of undefined (reading 'SHPH_ShipmentCode')
    at /snapshot/Backend/app.js:977:40
    at runMicrotasks (<anonymous>)
    at processTicksAndRejections (node:internal/process/task_queues:96:5)
Error in /get-running-csv: TypeError: Cannot read properties of undefined (reading 'SHPH_ShipmentCode')
    at /snapshot/Backend/app.js:977:40
    at runMicrotasks (<anonymous>)
    at processTicksAndRejections (node:internal/process/task_queues:96:5)
Error in /get-running-csv: TypeError: Cannot read properties of undefined (reading 'SHPH_ShipmentCode')
    at /snapshot/Backend/app.js:977:40
    at runMicrotasks (<anonymous>)
    at processTicksAndRejections (node:internal/process/task_queues:96:5)
Error in /get-running-csv: TypeError: Cannot read properties of undefined (reading 'SHPH_ShipmentCode')
    at /snapshot/Backend/app.js:977:40
    at runMicrotasks (<anonymous>)
    at processTicksAndRejections (node:internal/process/task_queues:96:5)
Error in /get-running-csv: TypeError: Cannot read properties of undefined (reading 'SHPH_ShipmentCode')
    at /snapshot/Backend/app.js:977:40
    at runMicrotasks (<anonymous>)
    at processTicksAndRejections (node:internal/process/task_queues:96:5)
Error in /get-running-csv: TypeError: Cannot read properties of undefined (reading 'SHPH_ShipmentCode')
    at /snapshot/Backend/app.js:977:40
    at runMicrotasks (<anonymous>)
    at processTicksAndRejections (node:internal/process/task_queues:96:5)
Error in /get-running-csv: TypeError: Cannot read properties of undefined (reading 'SHPH_ShipmentCode')
    at /snapshot/Backend/app.js:977:40
    at runMicrotasks (<anonymous>)
    at processTicksAndRejections (node:internal/process/task_queues:96:5)
Error in /get-running-csv: TypeError: Cannot read properties of undefined (reading 'SHPH_ShipmentCode')
    at /snapshot/Backend/app.js:977:40
    at runMicrotasks (<anonymous>)
    at processTicksAndRejections (node:internal/process/task_queues:96:5)
Error in /get-running-csv: TypeError: Cannot read properties of undefined (reading 'SHPH_ShipmentCode')
    at /snapshot/Backend/app.js:977:40
    at runMicrotasks (<anonymous>)
    at processTicksAndRejections (node:internal/process/task_queues:96:5)
Error in /get-running-csv: TypeError: Cannot read properties of undefined (reading 'SHPH_ShipmentCode')
    at /snapshot/Backend/app.js:977:40
    at runMicrotasks (<anonymous>)
    at processTicksAndRejections (node:internal/process/task_queues:96:5)
Error in /get-running-csv: TypeError: Cannot read properties of undefined (reading 'SHPH_ShipmentCode')
    at /snapshot/Backend/app.js:977:40
    at runMicrotasks (<anonymous>)
    at processTicksAndRejections (node:internal/process/task_queues:96:5)
Error in /get-running-csv: TypeError: Cannot read properties of undefined (reading 'SHPH_ShipmentCode')
    at /snapshot/Backend/app.js:977:40
    at runMicrotasks (<anonymous>)
    at processTicksAndRejections (node:internal/process/task_queues:96:5)
Error in /get-running-csv: TypeError: Cannot read properties of undefined (reading 'SHPH_ShipmentCode')
    at /snapshot/Backend/app.js:977:40
    at runMicrotasks (<anonymous>)
    at processTicksAndRejections (node:internal/process/task_queues:96:5)
Error in /get-running-csv: TypeError: Cannot read properties of undefined (reading 'SHPH_ShipmentCode')
    at /snapshot/Backend/app.js:977:40
    at runMicrotasks (<anonymous>)
    at processTicksAndRejections (node:internal/process/task_queues:96:5)
Error in /get-running-csv: TypeError: Cannot read properties of undefined (reading 'SHPH_ShipmentCode')
    at /snapshot/Backend/app.js:977:40
    at runMicrotasks (<anonymous>)
    at processTicksAndRejections (node:internal/process/task_queues:96:5)
Error in /get-running-csv: TypeError: Cannot read properties of undefined (reading 'SHPH_ShipmentCode')
    at /snapshot/Backend/app.js:977:40
    at runMicrotasks (<anonymous>)
    at processTicksAndRejections (node:internal/process/task_queues:96:5)
Error in /get-running-csv: TypeError: Cannot read properties of undefined (reading 'SHPH_ShipmentCode')
    at /snapshot/Backend/app.js:977:40
    at runMicrotasks (<anonymous>)
    at processTicksAndRejections (node:internal/process/task_queues:96:5)
Error in /get-running-csv: TypeError: Cannot read properties of undefined (reading 'SHPH_ShipmentCode')
    at /snapshot/Backend/app.js:977:40
    at runMicrotasks (<anonymous>)
    at processTicksAndRejections (node:internal/process/task_queues:96:5)
Error in /get-running-csv: TypeError: Cannot read properties of undefined (reading 'SHPH_ShipmentCode')
    at /snapshot/Backend/app.js:977:40
    at runMicrotasks (<anonymous>)
    at processTicksAndRejections (node:internal/process/task_queues:96:5)
Error in /get-running-csv: TypeError: Cannot read properties of undefined (reading 'SHPH_ShipmentCode')
    at /snapshot/Backend/app.js:977:40
    at runMicrotasks (<anonymous>)
    at processTicksAndRejections (node:internal/process/task_queues:96:5)
Error in /get-running-csv: TypeError: Cannot read properties of undefined (reading 'SHPH_ShipmentCode')
    at /snapshot/Backend/app.js:977:40
    at runMicrotasks (<anonymous>)
    at processTicksAndRejections (node:internal/process/task_queues:96:5)
Error in /get-running-csv: TypeError: Cannot read properties of undefined (reading 'SHPH_ShipmentCode')
    at /snapshot/Backend/app.js:977:40
    at runMicrotasks (<anonymous>)
    at processTicksAndRejections (node:internal/process/task_queues:96:5)
Error in /get-running-csv: TypeError: Cannot read properties of undefined (reading 'SHPH_ShipmentCode')
    at /snapshot/Backend/app.js:977:40
    at runMicrotasks (<anonymous>)
    at processTicksAndRejections (node:internal/process/task_queues:96:5)
Error in /get-running-csv: TypeError: Cannot read properties of undefined (reading 'SHPH_ShipmentCode')
    at /snapshot/Backend/app.js:977:40
    at runMicrotasks (<anonymous>)
    at processTicksAndRejections (node:internal/process/task_queues:96:5)
Error in /get-running-csv: TypeError: Cannot read properties of undefined (reading 'SHPH_ShipmentCode')
    at /snapshot/Backend/app.js:977:40
    at runMicrotasks (<anonymous>)
    at processTicksAndRejections (node:internal/process/task_queues:96:5)
Error in /get-running-csv: TypeError: Cannot read properties of undefined (reading 'SHPH_ShipmentCode')
    at /snapshot/Backend/app.js:977:40
    at runMicrotasks (<anonymous>)
    at processTicksAndRejections (node:internal/process/task_queues:96:5)
Error in /get-running-csv: TypeError: Cannot read properties of undefined (reading 'SHPH_ShipmentCode')
    at /snapshot/Backend/app.js:977:40
    at runMicrotasks (<anonymous>)
    at processTicksAndRejections (node:internal/process/task_queues:96:5)
Error in /get-running-csv: TypeError: Cannot read properties of undefined (reading 'SHPH_ShipmentCode')
    at /snapshot/Backend/app.js:977:40
    at runMicrotasks (<anonymous>)
    at processTicksAndRejections (node:internal/process/task_queues:96:5)
Error in /get-running-csv: TypeError: Cannot read properties of undefined (reading 'SHPH_ShipmentCode')
    at /snapshot/Backend/app.js:977:40
    at runMicrotasks (<anonymous>)
    at processTicksAndRejections (node:internal/process/task_queues:96:5)
Error in /get-running-csv: TypeError: Cannot read properties of undefined (reading 'SHPH_ShipmentCode')
    at /snapshot/Backend/app.js:977:40
    at runMicrotasks (<anonymous>)
    at processTicksAndRejections (node:internal/process/task_queues:96:5)
Error in /get-running-csv: TypeError: Cannot read properties of undefined (reading 'SHPH_ShipmentCode')
    at /snapshot/Backend/app.js:977:40
    at runMicrotasks (<anonymous>)
    at processTicksAndRejections (node:internal/process/task_queues:96:5)
Error in /get-running-csv: TypeError: Cannot read properties of undefined (reading 'SHPH_ShipmentCode')
    at /snapshot/Backend/app.js:977:40
    at runMicrotasks (<anonymous>)
    at processTicksAndRejections (node:internal/process/task_queues:96:5)
Error in /get-running-csv: TypeError: Cannot read properties of undefined (reading 'SHPH_ShipmentCode')
    at /snapshot/Backend/app.js:977:40
    at runMicrotasks (<anonymous>)
    at processTicksAndRejections (node:internal/process/task_queues:96:5)
Error in /get-running-csv: TypeError: Cannot read properties of undefined (reading 'SHPH_ShipmentCode')
    at /snapshot/Backend/app.js:977:40
    at runMicrotasks (<anonymous>)
    at processTicksAndRejections (node:internal/process/task_queues:96:5)
Error in /get-running-csv: TypeError: Cannot read properties of undefined (reading 'SHPH_ShipmentCode')
    at /snapshot/Backend/app.js:977:40
    at runMicrotasks (<anonymous>)
    at processTicksAndRejections (node:internal/process/task_queues:96:5)
Error in /get-running-csv: TypeError: Cannot read properties of undefined (reading 'SHPH_ShipmentCode')
    at /snapshot/Backend/app.js:977:40
    at runMicrotasks (<anonymous>)
    at processTicksAndRejections (node:internal/process/task_queues:96:5)
Error in /get-running-csv: TypeError: Cannot read properties of undefined (reading 'SHPH_ShipmentCode')
    at /snapshot/Backend/app.js:977:40
    at runMicrotasks (<anonymous>)
    at processTicksAndRejections (node:internal/process/task_queues:96:5)
Error in /get-running-csv: TypeError: Cannot read properties of undefined (reading 'SHPH_ShipmentCode')
    at /snapshot/Backend/app.js:977:40
    at runMicrotasks (<anonymous>)
    at processTicksAndRejections (node:internal/process/task_queues:96:5)
Error in /get-running-csv: TypeError: Cannot read properties of undefined (reading 'SHPH_ShipmentCode')
    at /snapshot/Backend/app.js:977:40
    at runMicrotasks (<anonymous>)
    at processTicksAndRejections (node:internal/process/task_queues:96:5)
Error in /get-running-csv: TypeError: Cannot read properties of undefined (reading 'SHPH_ShipmentCode')
    at /snapshot/Backend/app.js:977:40
    at runMicrotasks (<anonymous>)
    at processTicksAndRejections (node:internal/process/task_queues:96:5)
Error in /get-running-csv: TypeError: Cannot read properties of undefined (reading 'SHPH_ShipmentCode')
    at /snapshot/Backend/app.js:977:40
    at runMicrotasks (<anonymous>)
    at processTicksAndRejections (node:internal/process/task_queues:96:5)
Error in /get-running-csv: TypeError: Cannot read properties of undefined (reading 'SHPH_ShipmentCode')
    at /snapshot/Backend/app.js:977:40
    at runMicrotasks (<anonymous>)
    at processTicksAndRejections (node:internal/process/task_queues:96:5)
Error in /get-running-csv: TypeError: Cannot read properties of undefined (reading 'SHPH_ShipmentCode')
    at /snapshot/Backend/app.js:977:40
    at runMicrotasks (<anonymous>)
    at processTicksAndRejections (node:internal/process/task_queues:96:5)
Error in /get-running-csv: TypeError: Cannot read properties of undefined (reading 'SHPH_ShipmentCode')
    at /snapshot/Backend/app.js:977:40
    at runMicrotasks (<anonymous>)
    at processTicksAndRejections (node:internal/process/task_queues:96:5)
Error in /get-running-csv: TypeError: Cannot read properties of undefined (reading 'SHPH_ShipmentCode')
    at /snapshot/Backend/app.js:977:40
    at runMicrotasks (<anonymous>)
    at processTicksAndRejections (node:internal/process/task_queues:96:5)
Daily MySQL backup scheduled at 10:30
✅ CryptoUtils loaded (COMPATIBLE VERSION)
Server running on port 9010
connected to the Local database
Error in /get-running-csv: TypeError: Cannot read properties of undefined (reading 'SHPH_ShipmentCode')
    at /snapshot/Backend/app.js:977:40
    at processTicksAndRejections (node:internal/process/task_queues:96:5)
Error in /get-running-csv: TypeError: Cannot read properties of undefined (reading 'SHPH_ShipmentCode')
    at /snapshot/Backend/app.js:977:40
    at processTicksAndRejections (node:internal/process/task_queues:96:5)
Error in /get-running-csv: TypeError: Cannot read properties of undefined (reading 'SHPH_ShipmentCode')
    at /snapshot/Backend/app.js:977:40
    at processTicksAndRejections (node:internal/process/task_queues:96:5)
Error in /get-running-csv: TypeError: Cannot read properties of undefined (reading 'SHPH_ShipmentCode')
    at /snapshot/Backend/app.js:977:40
    at processTicksAndRejections (node:internal/process/task_queues:96:5)
Error in /get-running-csv: TypeError: Cannot read properties of undefined (reading 'SHPH_ShipmentCode')
    at /snapshot/Backend/app.js:977:40
    at processTicksAndRejections (node:internal/process/task_queues:96:5)
Error in /get-running-csv: TypeError: Cannot read properties of undefined (reading 'SHPH_ShipmentCode')
    at /snapshot/Backend/app.js:977:40
    at processTicksAndRejections (node:internal/process/task_queues:96:5)
Error in /get-running-csv: TypeError: Cannot read properties of undefined (reading 'SHPH_ShipmentCode')
    at /snapshot/Backend/app.js:977:40
    at processTicksAndRejections (node:internal/process/task_queues:96:5)
Error in /get-running-csv: TypeError: Cannot read properties of undefined (reading 'SHPH_ShipmentCode')
    at /snapshot/Backend/app.js:977:40
    at processTicksAndRejections (node:internal/process/task_queues:96:5)
Error in /get-running-csv: TypeError: Cannot read properties of undefined (reading 'SHPH_ShipmentCode')
    at /snapshot/Backend/app.js:977:40
    at processTicksAndRejections (node:internal/process/task_queues:96:5)
Error in /get-running-csv: TypeError: Cannot read properties of undefined (reading 'SHPH_ShipmentCode')
    at /snapshot/Backend/app.js:977:40
    at processTicksAndRejections (node:internal/process/task_queues:96:5)
Error in /get-running-csv: TypeError: Cannot read properties of undefined (reading 'SHPH_ShipmentCode')
    at /snapshot/Backend/app.js:977:40
    at processTicksAndRejections (node:internal/process/task_queues:96:5)
Error in /get-running-csv: TypeError: Cannot read properties of undefined (reading 'SHPH_ShipmentCode')
    at /snapshot/Backend/app.js:977:40
    at processTicksAndRejections (node:internal/process/task_queues:96:5)
Error in /get-running-csv: TypeError: Cannot read properties of undefined (reading 'SHPH_ShipmentCode')
    at /snapshot/Backend/app.js:977:40
    at processTicksAndRejections (node:internal/process/task_queues:96:5)
Error in /get-running-csv: TypeError: Cannot read properties of undefined (reading 'SHPH_ShipmentCode')
    at /snapshot/Backend/app.js:977:40
    at processTicksAndRejections (node:internal/process/task_queues:96:5)
Error in /get-running-csv: TypeError: Cannot read properties of undefined (reading 'SHPH_ShipmentCode')
    at /snapshot/Backend/app.js:977:40
    at processTicksAndRejections (node:internal/process/task_queues:96:5)
Error in /get-running-csv: TypeError: Cannot read properties of undefined (reading 'SHPH_ShipmentCode')
    at /snapshot/Backend/app.js:977:40
    at processTicksAndRejections (node:internal/process/task_queues:96:5)
Error in /get-running-csv: TypeError: Cannot read properties of undefined (reading 'SHPH_ShipmentCode')
    at /snapshot/Backend/app.js:977:40
    at processTicksAndRejections (node:internal/process/task_queues:96:5)
Error in /get-running-csv: TypeError: Cannot read properties of undefined (reading 'SHPH_ShipmentCode')
    at /snapshot/Backend/app.js:977:40
    at processTicksAndRejections (node:internal/process/task_queues:96:5)
Error in /get-running-csv: TypeError: Cannot read properties of undefined (reading 'SHPH_ShipmentCode')
    at /snapshot/Backend/app.js:977:40
    at processTicksAndRejections (node:internal/process/task_queues:96:5)
Error in /get-running-csv: TypeError: Cannot read properties of undefined (reading 'SHPH_ShipmentCode')
    at /snapshot/Backend/app.js:977:40
    at processTicksAndRejections (node:internal/process/task_queues:96:5)
Error in /get-running-csv: TypeError: Cannot read properties of undefined (reading 'SHPH_ShipmentCode')
    at /snapshot/Backend/app.js:977:40
    at processTicksAndRejections (node:internal/process/task_queues:96:5)
Error in /get-running-csv: TypeError: Cannot read properties of undefined (reading 'SHPH_ShipmentCode')
    at /snapshot/Backend/app.js:977:40
    at processTicksAndRejections (node:internal/process/task_queues:96:5)
Error in /get-running-csv: TypeError: Cannot read properties of undefined (reading 'SHPH_ShipmentCode')
    at /snapshot/Backend/app.js:977:40
    at processTicksAndRejections (node:internal/process/task_queues:96:5)
Error in /get-running-csv: TypeError: Cannot read properties of undefined (reading 'SHPH_ShipmentCode')
    at /snapshot/Backend/app.js:977:40
    at processTicksAndRejections (node:internal/process/task_queues:96:5)
Error in /get-running-csv: TypeError: Cannot read properties of undefined (reading 'SHPH_ShipmentCode')
    at /snapshot/Backend/app.js:977:40
    at processTicksAndRejections (node:internal/process/task_queues:96:5)
Error in /get-running-csv: TypeError: Cannot read properties of undefined (reading 'SHPH_ShipmentCode')
    at /snapshot/Backend/app.js:977:40
    at processTicksAndRejections (node:internal/process/task_queues:96:5)
Error in /get-running-csv: TypeError: Cannot read properties of undefined (reading 'SHPH_ShipmentCode')
    at /snapshot/Backend/app.js:977:40
    at processTicksAndRejections (node:internal/process/task_queues:96:5)
Error in /get-running-csv: TypeError: Cannot read properties of undefined (reading 'SHPH_ShipmentCode')
    at /snapshot/Backend/app.js:977:40
    at processTicksAndRejections (node:internal/process/task_queues:96:5)
Error in /get-running-csv: TypeError: Cannot read properties of undefined (reading 'SHPH_ShipmentCode')
    at /snapshot/Backend/app.js:977:40
    at processTicksAndRejections (node:internal/process/task_queues:96:5)
Error in /get-running-csv: TypeError: Cannot read properties of undefined (reading 'SHPH_ShipmentCode')
    at /snapshot/Backend/app.js:977:40
    at processTicksAndRejections (node:internal/process/task_queues:96:5)
Error in /get-running-csv: TypeError: Cannot read properties of undefined (reading 'SHPH_ShipmentCode')
    at /snapshot/Backend/app.js:977:40
    at processTicksAndRejections (node:internal/process/task_queues:96:5)
Error in /get-running-csv: TypeError: Cannot read properties of undefined (reading 'SHPH_ShipmentCode')
    at /snapshot/Backend/app.js:977:40
    at processTicksAndRejections (node:internal/process/task_queues:96:5)
Error in /get-running-csv: TypeError: Cannot read properties of undefined (reading 'SHPH_ShipmentCode')
    at /snapshot/Backend/app.js:977:40
    at processTicksAndRejections (node:internal/process/task_queues:96:5)
Error in /get-running-csv: TypeError: Cannot read properties of undefined (reading 'SHPH_ShipmentCode')
    at /snapshot/Backend/app.js:977:40
    at processTicksAndRejections (node:internal/process/task_queues:96:5)
Error in /get-running-csv: TypeError: Cannot read properties of undefined (reading 'SHPH_ShipmentCode')
    at /snapshot/Backend/app.js:977:40
    at processTicksAndRejections (node:internal/process/task_queues:96:5)
Error in /get-running-csv: TypeError: Cannot read properties of undefined (reading 'SHPH_ShipmentCode')
    at /snapshot/Backend/app.js:977:40
    at processTicksAndRejections (node:internal/process/task_queues:96:5)
Error in /get-running-csv: TypeError: Cannot read properties of undefined (reading 'SHPH_ShipmentCode')
    at /snapshot/Backend/app.js:977:40
    at processTicksAndRejections (node:internal/process/task_queues:96:5)
Error in /get-running-csv: TypeError: Cannot read properties of undefined (reading 'SHPH_ShipmentCode')
    at /snapshot/Backend/app.js:977:40
    at processTicksAndRejections (node:internal/process/task_queues:96:5)
Error in /get-running-csv: TypeError: Cannot read properties of undefined (reading 'SHPH_ShipmentCode')
    at /snapshot/Backend/app.js:977:40
    at processTicksAndRejections (node:internal/process/task_queues:96:5)
Error in /get-running-csv: TypeError: Cannot read properties of undefined (reading 'SHPH_ShipmentCode')
    at /snapshot/Backend/app.js:977:40
    at processTicksAndRejections (node:internal/process/task_queues:96:5)
Error in /get-running-csv: TypeError: Cannot read properties of undefined (reading 'SHPH_ShipmentCode')
    at /snapshot/Backend/app.js:977:40
    at processTicksAndRejections (node:internal/process/task_queues:96:5)
Error in /get-running-csv: TypeError: Cannot read properties of undefined (reading 'SHPH_ShipmentCode')
    at /snapshot/Backend/app.js:977:40
    at processTicksAndRejections (node:internal/process/task_queues:96:5)
Error in /get-running-csv: TypeError: Cannot read properties of undefined (reading 'SHPH_ShipmentCode')
    at /snapshot/Backend/app.js:977:40
    at processTicksAndRejections (node:internal/process/task_queues:96:5)
Error in /get-running-csv: TypeError: Cannot read properties of undefined (reading 'SHPH_ShipmentCode')
    at /snapshot/Backend/app.js:977:40
    at processTicksAndRejections (node:internal/process/task_queues:96:5)
Error in /get-running-csv: TypeError: Cannot read properties of undefined (reading 'SHPH_ShipmentCode')
    at /snapshot/Backend/app.js:977:40
    at processTicksAndRejections (node:internal/process/task_queues:96:5)
Error in /get-running-csv: TypeError: Cannot read properties of undefined (reading 'SHPH_ShipmentCode')
    at /snapshot/Backend/app.js:977:40
    at processTicksAndRejections (node:internal/process/task_queues:96:5)
Error in /get-running-csv: TypeError: Cannot read properties of undefined (reading 'SHPH_ShipmentCode')
    at /snapshot/Backend/app.js:977:40
    at processTicksAndRejections (node:internal/process/task_queues:96:5)
Error in /get-running-csv: TypeError: Cannot read properties of undefined (reading 'SHPH_ShipmentCode')
    at /snapshot/Backend/app.js:977:40
    at processTicksAndRejections (node:internal/process/task_queues:96:5)
Error in /get-running-csv: TypeError: Cannot read properties of undefined (reading 'SHPH_ShipmentCode')
    at /snapshot/Backend/app.js:977:40
    at processTicksAndRejections (node:internal/process/task_queues:96:5)
Error in /get-running-csv: TypeError: Cannot read properties of undefined (reading 'SHPH_ShipmentCode')
    at /snapshot/Backend/app.js:977:40
    at processTicksAndRejections (node:internal/process/task_queues:96:5)
Error in /get-running-csv: TypeError: Cannot read properties of undefined (reading 'SHPH_ShipmentCode')
    at /snapshot/Backend/app.js:977:40
    at processTicksAndRejections (node:internal/process/task_queues:96:5)
Error in /get-running-csv: TypeError: Cannot read properties of undefined (reading 'SHPH_ShipmentCode')
    at /snapshot/Backend/app.js:977:40
    at processTicksAndRejections (node:internal/process/task_queues:96:5)
Error in /get-running-csv: TypeError: Cannot read properties of undefined (reading 'SHPH_ShipmentCode')
    at /snapshot/Backend/app.js:977:40
    at processTicksAndRejections (node:internal/process/task_queues:96:5)
Error in /get-running-csv: TypeError: Cannot read properties of undefined (reading 'SHPH_ShipmentCode')
    at /snapshot/Backend/app.js:977:40
    at processTicksAndRejections (node:internal/process/task_queues:96:5)
Error in /get-running-csv: TypeError: Cannot read properties of undefined (reading 'SHPH_ShipmentCode')
    at /snapshot/Backend/app.js:977:40
    at processTicksAndRejections (node:internal/process/task_queues:96:5)
Error in /get-running-csv: TypeError: Cannot read properties of undefined (reading 'SHPH_ShipmentCode')
    at /snapshot/Backend/app.js:977:40
    at processTicksAndRejections (node:internal/process/task_queues:96:5)
Error in /get-running-csv: TypeError: Cannot read properties of undefined (reading 'SHPH_ShipmentCode')
    at /snapshot/Backend/app.js:977:40
    at processTicksAndRejections (node:internal/process/task_queues:96:5)
Error in /get-running-csv: TypeError: Cannot read properties of undefined (reading 'SHPH_ShipmentCode')
    at /snapshot/Backend/app.js:977:40
    at processTicksAndRejections (node:internal/process/task_queues:96:5)
Error in /get-running-csv: TypeError: Cannot read properties of undefined (reading 'SHPH_ShipmentCode')
    at /snapshot/Backend/app.js:977:40
    at processTicksAndRejections (node:internal/process/task_queues:96:5)
Error in /get-running-csv: TypeError: Cannot read properties of undefined (reading 'SHPH_ShipmentCode')
    at /snapshot/Backend/app.js:977:40
    at processTicksAndRejections (node:internal/process/task_queues:96:5)
Error in /get-running-csv: TypeError: Cannot read properties of undefined (reading 'SHPH_ShipmentCode')
    at /snapshot/Backend/app.js:977:40
    at processTicksAndRejections (node:internal/process/task_queues:96:5)
Error in /get-running-csv: TypeError: Cannot read properties of undefined (reading 'SHPH_ShipmentCode')
    at /snapshot/Backend/app.js:977:40
    at processTicksAndRejections (node:internal/process/task_queues:96:5)
Error in /get-running-csv: TypeError: Cannot read properties of undefined (reading 'SHPH_ShipmentCode')
    at /snapshot/Backend/app.js:977:40
    at processTicksAndRejections (node:internal/process/task_queues:96:5)
Error in /get-running-csv: TypeError: Cannot read properties of undefined (reading 'SHPH_ShipmentCode')
    at /snapshot/Backend/app.js:977:40
    at processTicksAndRejections (node:internal/process/task_queues:96:5)
Error in /get-running-csv: TypeError: Cannot read properties of undefined (reading 'SHPH_ShipmentCode')
    at /snapshot/Backend/app.js:977:40
    at processTicksAndRejections (node:internal/process/task_queues:96:5)
Error in /get-running-csv: TypeError: Cannot read properties of undefined (reading 'SHPH_ShipmentCode')
    at /snapshot/Backend/app.js:977:40
    at processTicksAndRejections (node:internal/process/task_queues:96:5)
Error in /get-running-csv: TypeError: Cannot read properties of undefined (reading 'SHPH_ShipmentCode')
    at /snapshot/Backend/app.js:977:40
    at processTicksAndRejections (node:internal/process/task_queues:96:5)
Error in /get-running-csv: TypeError: Cannot read properties of undefined (reading 'SHPH_ShipmentCode')
    at /snapshot/Backend/app.js:977:40
    at processTicksAndRejections (node:internal/process/task_queues:96:5)
Error in /get-running-csv: TypeError: Cannot read properties of undefined (reading 'SHPH_ShipmentCode')
    at /snapshot/Backend/app.js:977:40
    at processTicksAndRejections (node:internal/process/task_queues:96:5)
Error in /get-running-csv: TypeError: Cannot read properties of undefined (reading 'SHPH_ShipmentCode')
    at /snapshot/Backend/app.js:977:40
    at processTicksAndRejections (node:internal/process/task_queues:96:5)
Error in /get-running-csv: TypeError: Cannot read properties of undefined (reading 'SHPH_ShipmentCode')
    at /snapshot/Backend/app.js:977:40
    at processTicksAndRejections (node:internal/process/task_queues:96:5)
Error in /get-running-csv: TypeError: Cannot read properties of undefined (reading 'SHPH_ShipmentCode')
    at /snapshot/Backend/app.js:977:40
    at processTicksAndRejections (node:internal/process/task_queues:96:5)
Error in /get-running-csv: TypeError: Cannot read properties of undefined (reading 'SHPH_ShipmentCode')
    at /snapshot/Backend/app.js:977:40
    at processTicksAndRejections (node:internal/process/task_queues:96:5)
Error in /get-running-csv: TypeError: Cannot read properties of undefined (reading 'SHPH_ShipmentCode')
    at /snapshot/Backend/app.js:977:40
    at processTicksAndRejections (node:internal/process/task_queues:96:5)
Error in /get-running-csv: TypeError: Cannot read properties of undefined (reading 'SHPH_ShipmentCode')
    at /snapshot/Backend/app.js:977:40
    at processTicksAndRejections (node:internal/process/task_queues:96:5)
Error in /get-running-csv: TypeError: Cannot read properties of undefined (reading 'SHPH_ShipmentCode')
    at /snapshot/Backend/app.js:977:40
    at processTicksAndRejections (node:internal/process/task_queues:96:5)
Error in /get-running-csv: TypeError: Cannot read properties of undefined (reading 'SHPH_ShipmentCode')
    at /snapshot/Backend/app.js:977:40
    at processTicksAndRejections (node:internal/process/task_queues:96:5)
Error in /get-running-csv: TypeError: Cannot read properties of undefined (reading 'SHPH_ShipmentCode')
    at /snapshot/Backend/app.js:977:40
    at processTicksAndRejections (node:internal/process/task_queues:96:5)
Error in /get-running-csv: TypeError: Cannot read properties of undefined (reading 'SHPH_ShipmentCode')
    at /snapshot/Backend/app.js:977:40
    at processTicksAndRejections (node:internal/process/task_queues:96:5)
Error in /get-running-csv: TypeError: Cannot read properties of undefined (reading 'SHPH_ShipmentCode')
    at /snapshot/Backend/app.js:977:40
    at processTicksAndRejections (node:internal/process/task_queues:96:5)
Error in /get-running-csv: TypeError: Cannot read properties of undefined (reading 'SHPH_ShipmentCode')
    at /snapshot/Backend/app.js:977:40
    at processTicksAndRejections (node:internal/process/task_queues:96:5)
Error in /get-running-csv: TypeError: Cannot read properties of undefined (reading 'SHPH_ShipmentCode')
    at /snapshot/Backend/app.js:977:40
    at processTicksAndRejections (node:internal/process/task_queues:96:5)
Error in /get-running-csv: TypeError: Cannot read properties of undefined (reading 'SHPH_ShipmentCode')
    at /snapshot/Backend/app.js:977:40
    at processTicksAndRejections (node:internal/process/task_queues:96:5)
Error in /get-running-csv: TypeError: Cannot read properties of undefined (reading 'SHPH_ShipmentCode')
    at /snapshot/Backend/app.js:977:40
    at processTicksAndRejections (node:internal/process/task_queues:96:5)
Error in /get-running-csv: TypeError: Cannot read properties of undefined (reading 'SHPH_ShipmentCode')
    at /snapshot/Backend/app.js:977:40
    at processTicksAndRejections (node:internal/process/task_queues:96:5)
Error in /get-running-csv: TypeError: Cannot read properties of undefined (reading 'SHPH_ShipmentCode')
    at /snapshot/Backend/app.js:977:40
    at processTicksAndRejections (node:internal/process/task_queues:96:5)
Error in /get-running-csv: TypeError: Cannot read properties of undefined (reading 'SHPH_ShipmentCode')
    at /snapshot/Backend/app.js:977:40
    at processTicksAndRejections (node:internal/process/task_queues:96:5)
Error in /get-running-csv: TypeError: Cannot read properties of undefined (reading 'SHPH_ShipmentCode')
    at /snapshot/Backend/app.js:977:40
    at processTicksAndRejections (node:internal/process/task_queues:96:5)
Error in /get-running-csv: TypeError: Cannot read properties of undefined (reading 'SHPH_ShipmentCode')
    at /snapshot/Backend/app.js:977:40
    at processTicksAndRejections (node:internal/process/task_queues:96:5)
Error in /get-running-csv: TypeError: Cannot read properties of undefined (reading 'SHPH_ShipmentCode')
    at /snapshot/Backend/app.js:977:40
    at processTicksAndRejections (node:internal/process/task_queues:96:5)
Error in /get-running-csv: TypeError: Cannot read properties of undefined (reading 'SHPH_ShipmentCode')
    at /snapshot/Backend/app.js:977:40
    at processTicksAndRejections (node:internal/process/task_queues:96:5)
Error in /get-running-csv: TypeError: Cannot read properties of undefined (reading 'SHPH_ShipmentCode')
    at /snapshot/Backend/app.js:977:40
    at processTicksAndRejections (node:internal/process/task_queues:96:5)
Error in /get-running-csv: TypeError: Cannot read properties of undefined (reading 'SHPH_ShipmentCode')
    at /snapshot/Backend/app.js:977:40
    at processTicksAndRejections (node:internal/process/task_queues:96:5)
Error in /get-running-csv: TypeError: Cannot read properties of undefined (reading 'SHPH_ShipmentCode')
    at /snapshot/Backend/app.js:977:40
    at processTicksAndRejections (node:internal/process/task_queues:96:5)
Error in /get-running-csv: TypeError: Cannot read properties of undefined (reading 'SHPH_ShipmentCode')
    at /snapshot/Backend/app.js:977:40
    at processTicksAndRejections (node:internal/process/task_queues:96:5)
Error in /get-running-csv: TypeError: Cannot read properties of undefined (reading 'SHPH_ShipmentCode')
    at /snapshot/Backend/app.js:977:40
    at processTicksAndRejections (node:internal/process/task_queues:96:5)
Error in /get-running-csv: TypeError: Cannot read properties of undefined (reading 'SHPH_ShipmentCode')
    at /snapshot/Backend/app.js:977:40
    at processTicksAndRejections (node:internal/process/task_queues:96:5)
Error in /get-running-csv: TypeError: Cannot read properties of undefined (reading 'SHPH_ShipmentCode')
    at /snapshot/Backend/app.js:977:40
    at processTicksAndRejections (node:internal/process/task_queues:96:5)
Error in /get-running-csv: TypeError: Cannot read properties of undefined (reading 'SHPH_ShipmentCode')
    at /snapshot/Backend/app.js:977:40
    at processTicksAndRejections (node:internal/process/task_queues:96:5)
Error in /get-running-csv: TypeError: Cannot read properties of undefined (reading 'SHPH_ShipmentCode')
    at /snapshot/Backend/app.js:977:40
    at processTicksAndRejections (node:internal/process/task_queues:96:5)
Error in /get-running-csv: TypeError: Cannot read properties of undefined (reading 'SHPH_ShipmentCode')
    at /snapshot/Backend/app.js:977:40
    at processTicksAndRejections (node:internal/process/task_queues:96:5)
Error in /get-running-csv: TypeError: Cannot read properties of undefined (reading 'SHPH_ShipmentCode')
    at /snapshot/Backend/app.js:977:40
    at processTicksAndRejections (node:internal/process/task_queues:96:5)
Error in /get-running-csv: TypeError: Cannot read properties of undefined (reading 'SHPH_ShipmentCode')
    at /snapshot/Backend/app.js:977:40
    at processTicksAndRejections (node:internal/process/task_queues:96:5)
Error in /get-running-csv: TypeError: Cannot read properties of undefined (reading 'SHPH_ShipmentCode')
    at /snapshot/Backend/app.js:977:40
    at processTicksAndRejections (node:internal/process/task_queues:96:5)
Error in /get-running-csv: TypeError: Cannot read properties of undefined (reading 'SHPH_ShipmentCode')
    at /snapshot/Backend/app.js:977:40
    at runMicrotasks (<anonymous>)
    at processTicksAndRejections (node:internal/process/task_queues:96:5)
Error in /get-running-csv: TypeError: Cannot read properties of undefined (reading 'SHPH_ShipmentCode')
    at /snapshot/Backend/app.js:977:40
    at runMicrotasks (<anonymous>)
    at processTicksAndRejections (node:internal/process/task_queues:96:5)
Error in /get-running-csv: TypeError: Cannot read properties of undefined (reading 'SHPH_ShipmentCode')
    at /snapshot/Backend/app.js:977:40
    at runMicrotasks (<anonymous>)
    at processTicksAndRejections (node:internal/process/task_queues:96:5)
Error in /get-running-csv: TypeError: Cannot read properties of undefined (reading 'SHPH_ShipmentCode')
    at /snapshot/Backend/app.js:977:40
    at runMicrotasks (<anonymous>)
    at processTicksAndRejections (node:internal/process/task_queues:96:5)
Error in /get-running-csv: TypeError: Cannot read properties of undefined (reading 'SHPH_ShipmentCode')
    at /snapshot/Backend/app.js:977:40
    at runMicrotasks (<anonymous>)
    at processTicksAndRejections (node:internal/process/task_queues:96:5)
Error in /get-running-csv: TypeError: Cannot read properties of undefined (reading 'SHPH_ShipmentCode')
    at /snapshot/Backend/app.js:977:40
    at runMicrotasks (<anonymous>)
    at processTicksAndRejections (node:internal/process/task_queues:96:5)
Error in /get-running-csv: TypeError: Cannot read properties of undefined (reading 'SHPH_ShipmentCode')
    at /snapshot/Backend/app.js:977:40
    at runMicrotasks (<anonymous>)
    at processTicksAndRejections (node:internal/process/task_queues:96:5)
Error in /get-running-csv: TypeError: Cannot read properties of undefined (reading 'SHPH_ShipmentCode')
    at /snapshot/Backend/app.js:977:40
    at runMicrotasks (<anonymous>)
    at processTicksAndRejections (node:internal/process/task_queues:96:5)
Error in /get-running-csv: TypeError: Cannot read properties of undefined (reading 'SHPH_ShipmentCode')
    at /snapshot/Backend/app.js:977:40
    at runMicrotasks (<anonymous>)
    at processTicksAndRejections (node:internal/process/task_queues:96:5)
Error in /get-running-csv: TypeError: Cannot read properties of undefined (reading 'SHPH_ShipmentCode')
    at /snapshot/Backend/app.js:977:40
    at runMicrotasks (<anonymous>)
    at processTicksAndRejections (node:internal/process/task_queues:96:5)
Error in /get-running-csv: TypeError: Cannot read properties of undefined (reading 'SHPH_ShipmentCode')
    at /snapshot/Backend/app.js:977:40
    at runMicrotasks (<anonymous>)
    at processTicksAndRejections (node:internal/process/task_queues:96:5)
Error in /get-running-csv: TypeError: Cannot read properties of undefined (reading 'SHPH_ShipmentCode')
    at /snapshot/Backend/app.js:977:40
    at runMicrotasks (<anonymous>)
    at processTicksAndRejections (node:internal/process/task_queues:96:5)
Error in /get-running-csv: TypeError: Cannot read properties of undefined (reading 'SHPH_ShipmentCode')
    at /snapshot/Backend/app.js:977:40
    at runMicrotasks (<anonymous>)
    at processTicksAndRejections (node:internal/process/task_queues:96:5)
Error in /get-running-csv: TypeError: Cannot read properties of undefined (reading 'SHPH_ShipmentCode')
    at /snapshot/Backend/app.js:977:40
    at runMicrotasks (<anonymous>)
    at processTicksAndRejections (node:internal/process/task_queues:96:5)
Error in /get-running-csv: TypeError: Cannot read properties of undefined (reading 'SHPH_ShipmentCode')
    at /snapshot/Backend/app.js:977:40
    at runMicrotasks (<anonymous>)
    at processTicksAndRejections (node:internal/process/task_queues:96:5)
Error in /get-running-csv: TypeError: Cannot read properties of undefined (reading 'SHPH_ShipmentCode')
    at /snapshot/Backend/app.js:977:40
    at runMicrotasks (<anonymous>)
    at processTicksAndRejections (node:internal/process/task_queues:96:5)
Error in /get-running-csv: TypeError: Cannot read properties of undefined (reading 'SHPH_ShipmentCode')
    at /snapshot/Backend/app.js:977:40
    at runMicrotasks (<anonymous>)
    at processTicksAndRejections (node:internal/process/task_queues:96:5)
Error in /get-running-csv: TypeError: Cannot read properties of undefined (reading 'SHPH_ShipmentCode')
    at /snapshot/Backend/app.js:977:40
    at runMicrotasks (<anonymous>)
    at processTicksAndRejections (node:internal/process/task_queues:96:5)
Error in /get-running-csv: TypeError: Cannot read properties of undefined (reading 'SHPH_ShipmentCode')
    at /snapshot/Backend/app.js:977:40
    at runMicrotasks (<anonymous>)
    at processTicksAndRejections (node:internal/process/task_queues:96:5)
Error in /get-running-csv: TypeError: Cannot read properties of undefined (reading 'SHPH_ShipmentCode')
    at /snapshot/Backend/app.js:977:40
    at runMicrotasks (<anonymous>)
    at processTicksAndRejections (node:internal/process/task_queues:96:5)
Error in /get-running-csv: TypeError: Cannot read properties of undefined (reading 'SHPH_ShipmentCode')
    at /snapshot/Backend/app.js:977:40
    at runMicrotasks (<anonymous>)
    at processTicksAndRejections (node:internal/process/task_queues:96:5)
Error in /get-running-csv: TypeError: Cannot read properties of undefined (reading 'SHPH_ShipmentCode')
    at /snapshot/Backend/app.js:977:40
    at runMicrotasks (<anonymous>)
    at processTicksAndRejections (node:internal/process/task_queues:96:5)
Error in /get-running-csv: TypeError: Cannot read properties of undefined (reading 'SHPH_ShipmentCode')
    at /snapshot/Backend/app.js:977:40
    at runMicrotasks (<anonymous>)
    at processTicksAndRejections (node:internal/process/task_queues:96:5)
Error in /get-running-csv: TypeError: Cannot read properties of undefined (reading 'SHPH_ShipmentCode')
    at /snapshot/Backend/app.js:977:40
    at runMicrotasks (<anonymous>)
    at processTicksAndRejections (node:internal/process/task_queues:96:5)
Error in /get-running-csv: TypeError: Cannot read properties of undefined (reading 'SHPH_ShipmentCode')
    at /snapshot/Backend/app.js:977:40
    at runMicrotasks (<anonymous>)
    at processTicksAndRejections (node:internal/process/task_queues:96:5)
Error in /get-running-csv: TypeError: Cannot read properties of undefined (reading 'SHPH_ShipmentCode')
    at /snapshot/Backend/app.js:977:40
    at runMicrotasks (<anonymous>)
    at processTicksAndRejections (node:internal/process/task_queues:96:5)
Error in /get-running-csv: TypeError: Cannot read properties of undefined (reading 'SHPH_ShipmentCode')
    at /snapshot/Backend/app.js:977:40
    at runMicrotasks (<anonymous>)
    at processTicksAndRejections (node:internal/process/task_queues:96:5)
Error in /get-running-csv: TypeError: Cannot read properties of undefined (reading 'SHPH_ShipmentCode')
    at /snapshot/Backend/app.js:977:40
    at runMicrotasks (<anonymous>)
    at processTicksAndRejections (node:internal/process/task_queues:96:5)
Error in /get-running-csv: TypeError: Cannot read properties of undefined (reading 'SHPH_ShipmentCode')
    at /snapshot/Backend/app.js:977:40
    at runMicrotasks (<anonymous>)
    at processTicksAndRejections (node:internal/process/task_queues:96:5)
Error in /get-running-csv: TypeError: Cannot read properties of undefined (reading 'SHPH_ShipmentCode')
    at /snapshot/Backend/app.js:977:40
    at runMicrotasks (<anonymous>)
    at processTicksAndRejections (node:internal/process/task_queues:96:5)
Error in /get-running-csv: TypeError: Cannot read properties of undefined (reading 'SHPH_ShipmentCode')
    at /snapshot/Backend/app.js:977:40
    at runMicrotasks (<anonymous>)
    at processTicksAndRejections (node:internal/process/task_queues:96:5)
Error in /get-running-csv: TypeError: Cannot read properties of undefined (reading 'SHPH_ShipmentCode')
    at /snapshot/Backend/app.js:977:40
    at runMicrotasks (<anonymous>)
    at processTicksAndRejections (node:internal/process/task_queues:96:5)
Error in /get-running-csv: TypeError: Cannot read properties of undefined (reading 'SHPH_ShipmentCode')
    at /snapshot/Backend/app.js:977:40
    at runMicrotasks (<anonymous>)
    at processTicksAndRejections (node:internal/process/task_queues:96:5)
Error in /get-running-csv: TypeError: Cannot read properties of undefined (reading 'SHPH_ShipmentCode')
    at /snapshot/Backend/app.js:977:40
    at runMicrotasks (<anonymous>)
    at processTicksAndRejections (node:internal/process/task_queues:96:5)
Error in /get-running-csv: TypeError: Cannot read properties of undefined (reading 'SHPH_ShipmentCode')
    at /snapshot/Backend/app.js:977:40
    at runMicrotasks (<anonymous>)
    at processTicksAndRejections (node:internal/process/task_queues:96:5)
Error in /get-running-csv: TypeError: Cannot read properties of undefined (reading 'SHPH_ShipmentCode')
    at /snapshot/Backend/app.js:977:40
    at runMicrotasks (<anonymous>)
    at processTicksAndRejections (node:internal/process/task_queues:96:5)
Error in /get-running-csv: TypeError: Cannot read properties of undefined (reading 'SHPH_ShipmentCode')
    at /snapshot/Backend/app.js:977:40
    at runMicrotasks (<anonymous>)
    at processTicksAndRejections (node:internal/process/task_queues:96:5)
Error in /get-running-csv: TypeError: Cannot read properties of undefined (reading 'SHPH_ShipmentCode')
    at /snapshot/Backend/app.js:977:40
    at runMicrotasks (<anonymous>)
    at processTicksAndRejections (node:internal/process/task_queues:96:5)
Error in /get-running-csv: TypeError: Cannot read properties of undefined (reading 'SHPH_ShipmentCode')
    at /snapshot/Backend/app.js:977:40
    at runMicrotasks (<anonymous>)
    at processTicksAndRejections (node:internal/process/task_queues:96:5)
Error in /get-running-csv: TypeError: Cannot read properties of undefined (reading 'SHPH_ShipmentCode')
    at /snapshot/Backend/app.js:977:40
    at runMicrotasks (<anonymous>)
    at processTicksAndRejections (node:internal/process/task_queues:96:5)
Error in /get-running-csv: TypeError: Cannot read properties of undefined (reading 'SHPH_ShipmentCode')
    at /snapshot/Backend/app.js:977:40
    at runMicrotasks (<anonymous>)
    at processTicksAndRejections (node:internal/process/task_queues:96:5)
Error in /get-running-csv: TypeError: Cannot read properties of undefined (reading 'SHPH_ShipmentCode')
    at /snapshot/Backend/app.js:977:40
    at runMicrotasks (<anonymous>)
    at processTicksAndRejections (node:internal/process/task_queues:96:5)
Error in /get-running-csv: TypeError: Cannot read properties of undefined (reading 'SHPH_ShipmentCode')
    at /snapshot/Backend/app.js:977:40
    at runMicrotasks (<anonymous>)
    at processTicksAndRejections (node:internal/process/task_queues:96:5)
Error in /get-running-csv: TypeError: Cannot read properties of undefined (reading 'SHPH_ShipmentCode')
    at /snapshot/Backend/app.js:977:40
    at runMicrotasks (<anonymous>)
    at processTicksAndRejections (node:internal/process/task_queues:96:5)
Error in /get-running-csv: TypeError: Cannot read properties of undefined (reading 'SHPH_ShipmentCode')
    at /snapshot/Backend/app.js:977:40
    at runMicrotasks (<anonymous>)
    at processTicksAndRejections (node:internal/process/task_queues:96:5)
Error in /get-running-csv: TypeError: Cannot read properties of undefined (reading 'SHPH_ShipmentCode')
    at /snapshot/Backend/app.js:977:40
    at runMicrotasks (<anonymous>)
    at processTicksAndRejections (node:internal/process/task_queues:96:5)
Error in /get-running-csv: TypeError: Cannot read properties of undefined (reading 'SHPH_ShipmentCode')
    at /snapshot/Backend/app.js:977:40
    at runMicrotasks (<anonymous>)
    at processTicksAndRejections (node:internal/process/task_queues:96:5)
Error in /get-running-csv: TypeError: Cannot read properties of undefined (reading 'SHPH_ShipmentCode')
    at /snapshot/Backend/app.js:977:40
    at runMicrotasks (<anonymous>)
    at processTicksAndRejections (node:internal/process/task_queues:96:5)
Error in /get-running-csv: TypeError: Cannot read properties of undefined (reading 'SHPH_ShipmentCode')
    at /snapshot/Backend/app.js:977:40
    at runMicrotasks (<anonymous>)
    at processTicksAndRejections (node:internal/process/task_queues:96:5)
Error in /get-running-csv: TypeError: Cannot read properties of undefined (reading 'SHPH_ShipmentCode')
    at /snapshot/Backend/app.js:977:40
    at runMicrotasks (<anonymous>)
    at processTicksAndRejections (node:internal/process/task_queues:96:5)
Error in /get-running-csv: TypeError: Cannot read properties of undefined (reading 'SHPH_ShipmentCode')
    at /snapshot/Backend/app.js:977:40
    at runMicrotasks (<anonymous>)
    at processTicksAndRejections (node:internal/process/task_queues:96:5)
Error in /get-running-csv: TypeError: Cannot read properties of undefined (reading 'SHPH_ShipmentCode')
    at /snapshot/Backend/app.js:977:40
    at runMicrotasks (<anonymous>)
    at processTicksAndRejections (node:internal/process/task_queues:96:5)
Error in /get-running-csv: TypeError: Cannot read properties of undefined (reading 'SHPH_ShipmentCode')
    at /snapshot/Backend/app.js:977:40
    at runMicrotasks (<anonymous>)
    at processTicksAndRejections (node:internal/process/task_queues:96:5)
Error in /get-running-csv: TypeError: Cannot read properties of undefined (reading 'SHPH_ShipmentCode')
    at /snapshot/Backend/app.js:977:40
    at runMicrotasks (<anonymous>)
    at processTicksAndRejections (node:internal/process/task_queues:96:5)
Error in /get-running-csv: TypeError: Cannot read properties of undefined (reading 'SHPH_ShipmentCode')
    at /snapshot/Backend/app.js:977:40
    at runMicrotasks (<anonymous>)
    at processTicksAndRejections (node:internal/process/task_queues:96:5)
Error in /get-running-csv: TypeError: Cannot read properties of undefined (reading 'SHPH_ShipmentCode')
    at /snapshot/Backend/app.js:977:40
    at runMicrotasks (<anonymous>)
    at processTicksAndRejections (node:internal/process/task_queues:96:5)
Error in /get-running-csv: TypeError: Cannot read properties of undefined (reading 'SHPH_ShipmentCode')
    at /snapshot/Backend/app.js:977:40
    at runMicrotasks (<anonymous>)
    at processTicksAndRejections (node:internal/process/task_queues:96:5)
Error in /get-running-csv: TypeError: Cannot read properties of undefined (reading 'SHPH_ShipmentCode')
    at /snapshot/Backend/app.js:977:40
    at runMicrotasks (<anonymous>)
    at processTicksAndRejections (node:internal/process/task_queues:96:5)
Error in /get-running-csv: TypeError: Cannot read properties of undefined (reading 'SHPH_ShipmentCode')
    at /snapshot/Backend/app.js:977:40
    at runMicrotasks (<anonymous>)
    at processTicksAndRejections (node:internal/process/task_queues:96:5)
Error in /get-running-csv: TypeError: Cannot read properties of undefined (reading 'SHPH_ShipmentCode')
    at /snapshot/Backend/app.js:977:40
    at runMicrotasks (<anonymous>)
    at processTicksAndRejections (node:internal/process/task_queues:96:5)
Error in /get-running-csv: TypeError: Cannot read properties of undefined (reading 'SHPH_ShipmentCode')
    at /snapshot/Backend/app.js:977:40
    at runMicrotasks (<anonymous>)
    at processTicksAndRejections (node:internal/process/task_queues:96:5)
Error in /get-running-csv: TypeError: Cannot read properties of undefined (reading 'SHPH_ShipmentCode')
    at /snapshot/Backend/app.js:977:40
    at runMicrotasks (<anonymous>)
    at processTicksAndRejections (node:internal/process/task_queues:96:5)
Error in /get-running-csv: TypeError: Cannot read properties of undefined (reading 'SHPH_ShipmentCode')
    at /snapshot/Backend/app.js:977:40
    at runMicrotasks (<anonymous>)
    at processTicksAndRejections (node:internal/process/task_queues:96:5)
Error in /get-running-csv: TypeError: Cannot read properties of undefined (reading 'SHPH_ShipmentCode')
    at /snapshot/Backend/app.js:977:40
    at runMicrotasks (<anonymous>)
    at processTicksAndRejections (node:internal/process/task_queues:96:5)
Error in /get-running-csv: TypeError: Cannot read properties of undefined (reading 'SHPH_ShipmentCode')
    at /snapshot/Backend/app.js:977:40
    at runMicrotasks (<anonymous>)
    at processTicksAndRejections (node:internal/process/task_queues:96:5)
Error in /get-running-csv: TypeError: Cannot read properties of undefined (reading 'SHPH_ShipmentCode')
    at /snapshot/Backend/app.js:977:40
    at runMicrotasks (<anonymous>)
    at processTicksAndRejections (node:internal/process/task_queues:96:5)
Error in /get-running-csv: TypeError: Cannot read properties of undefined (reading 'SHPH_ShipmentCode')
    at /snapshot/Backend/app.js:977:40
    at runMicrotasks (<anonymous>)
    at processTicksAndRejections (node:internal/process/task_queues:96:5)
Error in /get-running-csv: TypeError: Cannot read properties of undefined (reading 'SHPH_ShipmentCode')
    at /snapshot/Backend/app.js:977:40
    at runMicrotasks (<anonymous>)
    at processTicksAndRejections (node:internal/process/task_queues:96:5)
Error in /get-running-csv: TypeError: Cannot read properties of undefined (reading 'SHPH_ShipmentCode')
    at /snapshot/Backend/app.js:977:40
    at runMicrotasks (<anonymous>)
    at processTicksAndRejections (node:internal/process/task_queues:96:5)
Error in /get-running-csv: TypeError: Cannot read properties of undefined (reading 'SHPH_ShipmentCode')
    at /snapshot/Backend/app.js:977:40
    at runMicrotasks (<anonymous>)
    at processTicksAndRejections (node:internal/process/task_queues:96:5)
Error in /get-running-csv: TypeError: Cannot read properties of undefined (reading 'SHPH_ShipmentCode')
    at /snapshot/Backend/app.js:977:40
    at runMicrotasks (<anonymous>)
    at processTicksAndRejections (node:internal/process/task_queues:96:5)
Error in /get-running-csv: TypeError: Cannot read properties of undefined (reading 'SHPH_ShipmentCode')
    at /snapshot/Backend/app.js:977:40
    at runMicrotasks (<anonymous>)
    at processTicksAndRejections (node:internal/process/task_queues:96:5)
Error in /get-running-csv: TypeError: Cannot read properties of undefined (reading 'SHPH_ShipmentCode')
    at /snapshot/Backend/app.js:977:40
    at runMicrotasks (<anonymous>)
    at processTicksAndRejections (node:internal/process/task_queues:96:5)
Error in /get-running-csv: TypeError: Cannot read properties of undefined (reading 'SHPH_ShipmentCode')
    at /snapshot/Backend/app.js:977:40
    at runMicrotasks (<anonymous>)
    at processTicksAndRejections (node:internal/process/task_queues:96:5)
Error in /get-running-csv: TypeError: Cannot read properties of undefined (reading 'SHPH_ShipmentCode')
    at /snapshot/Backend/app.js:977:40
    at runMicrotasks (<anonymous>)
    at processTicksAndRejections (node:internal/process/task_queues:96:5)
Error in /get-running-csv: TypeError: Cannot read properties of undefined (reading 'SHPH_ShipmentCode')
    at /snapshot/Backend/app.js:977:40
    at runMicrotasks (<anonymous>)
    at processTicksAndRejections (node:internal/process/task_queues:96:5)
Error in /get-running-csv: TypeError: Cannot read properties of undefined (reading 'SHPH_ShipmentCode')
    at /snapshot/Backend/app.js:977:40
    at runMicrotasks (<anonymous>)
    at processTicksAndRejections (node:internal/process/task_queues:96:5)
Error in /get-running-csv: TypeError: Cannot read properties of undefined (reading 'SHPH_ShipmentCode')
    at /snapshot/Backend/app.js:977:40
    at runMicrotasks (<anonymous>)
    at processTicksAndRejections (node:internal/process/task_queues:96:5)
Error in /get-running-csv: TypeError: Cannot read properties of undefined (reading 'SHPH_ShipmentCode')
    at /snapshot/Backend/app.js:977:40
    at runMicrotasks (<anonymous>)
    at processTicksAndRejections (node:internal/process/task_queues:96:5)
Error in /get-running-csv: TypeError: Cannot read properties of undefined (reading 'SHPH_ShipmentCode')
    at /snapshot/Backend/app.js:977:40
    at runMicrotasks (<anonymous>)
    at processTicksAndRejections (node:internal/process/task_queues:96:5)
Error in /get-running-csv: TypeError: Cannot read properties of undefined (reading 'SHPH_ShipmentCode')
    at /snapshot/Backend/app.js:977:40
    at runMicrotasks (<anonymous>)
    at processTicksAndRejections (node:internal/process/task_queues:96:5)
Error in /get-running-csv: TypeError: Cannot read properties of undefined (reading 'SHPH_ShipmentCode')
    at /snapshot/Backend/app.js:977:40
    at runMicrotasks (<anonymous>)
    at processTicksAndRejections (node:internal/process/task_queues:96:5)
Error in /get-running-csv: TypeError: Cannot read properties of undefined (reading 'SHPH_ShipmentCode')
    at /snapshot/Backend/app.js:977:40
    at runMicrotasks (<anonymous>)
    at processTicksAndRejections (node:internal/process/task_queues:96:5)
Error in /get-running-csv: TypeError: Cannot read properties of undefined (reading 'SHPH_ShipmentCode')
    at /snapshot/Backend/app.js:977:40
    at runMicrotasks (<anonymous>)
    at processTicksAndRejections (node:internal/process/task_queues:96:5)
Error in /get-running-csv: TypeError: Cannot read properties of undefined (reading 'SHPH_ShipmentCode')
    at /snapshot/Backend/app.js:977:40
    at runMicrotasks (<anonymous>)
    at processTicksAndRejections (node:internal/process/task_queues:96:5)
Error in /get-running-csv: TypeError: Cannot read properties of undefined (reading 'SHPH_ShipmentCode')
    at /snapshot/Backend/app.js:977:40
    at runMicrotasks (<anonymous>)
    at processTicksAndRejections (node:internal/process/task_queues:96:5)
Error in /get-running-csv: TypeError: Cannot read properties of undefined (reading 'SHPH_ShipmentCode')
    at /snapshot/Backend/app.js:977:40
    at runMicrotasks (<anonymous>)
    at processTicksAndRejections (node:internal/process/task_queues:96:5)
Error in /get-running-csv: TypeError: Cannot read properties of undefined (reading 'SHPH_ShipmentCode')
    at /snapshot/Backend/app.js:977:40
    at runMicrotasks (<anonymous>)
    at processTicksAndRejections (node:internal/process/task_queues:96:5)
Error in /get-running-csv: TypeError: Cannot read properties of undefined (reading 'SHPH_ShipmentCode')
    at /snapshot/Backend/app.js:977:40
    at runMicrotasks (<anonymous>)
    at processTicksAndRejections (node:internal/process/task_queues:96:5)
Error in /get-running-csv: TypeError: Cannot read properties of undefined (reading 'SHPH_ShipmentCode')
    at /snapshot/Backend/app.js:977:40
    at runMicrotasks (<anonymous>)
    at processTicksAndRejections (node:internal/process/task_queues:96:5)
Error in /get-running-csv: TypeError: Cannot read properties of undefined (reading 'SHPH_ShipmentCode')
    at /snapshot/Backend/app.js:977:40
    at runMicrotasks (<anonymous>)
    at processTicksAndRejections (node:internal/process/task_queues:96:5)
Error in /get-running-csv: TypeError: Cannot read properties of undefined (reading 'SHPH_ShipmentCode')
    at /snapshot/Backend/app.js:977:40
    at runMicrotasks (<anonymous>)
    at processTicksAndRejections (node:internal/process/task_queues:96:5)
Error in /get-running-csv: TypeError: Cannot read properties of undefined (reading 'SHPH_ShipmentCode')
    at /snapshot/Backend/app.js:977:40
    at runMicrotasks (<anonymous>)
    at processTicksAndRejections (node:internal/process/task_queues:96:5)
Error in /get-running-csv: TypeError: Cannot read properties of undefined (reading 'SHPH_ShipmentCode')
    at /snapshot/Backend/app.js:977:40
    at runMicrotasks (<anonymous>)
    at processTicksAndRejections (node:internal/process/task_queues:96:5)
Error in /get-running-csv: TypeError: Cannot read properties of undefined (reading 'SHPH_ShipmentCode')
    at /snapshot/Backend/app.js:977:40
    at runMicrotasks (<anonymous>)
    at processTicksAndRejections (node:internal/process/task_queues:96:5)
Error in /get-running-csv: TypeError: Cannot read properties of undefined (reading 'SHPH_ShipmentCode')
    at /snapshot/Backend/app.js:977:40
    at runMicrotasks (<anonymous>)
    at processTicksAndRejections (node:internal/process/task_queues:96:5)
Error in /get-running-csv: TypeError: Cannot read properties of undefined (reading 'SHPH_ShipmentCode')
    at /snapshot/Backend/app.js:977:40
    at runMicrotasks (<anonymous>)
    at processTicksAndRejections (node:internal/process/task_queues:96:5)
Error in /get-running-csv: TypeError: Cannot read properties of undefined (reading 'SHPH_ShipmentCode')
    at /snapshot/Backend/app.js:977:40
    at runMicrotasks (<anonymous>)
    at processTicksAndRejections (node:internal/process/task_queues:96:5)
Error in /get-running-csv: TypeError: Cannot read properties of undefined (reading 'SHPH_ShipmentCode')
    at /snapshot/Backend/app.js:977:40
    at runMicrotasks (<anonymous>)
    at processTicksAndRejections (node:internal/process/task_queues:96:5)
Error in /get-running-csv: TypeError: Cannot read properties of undefined (reading 'SHPH_ShipmentCode')
    at /snapshot/Backend/app.js:977:40
    at runMicrotasks (<anonymous>)
    at processTicksAndRejections (node:internal/process/task_queues:96:5)
Error in /get-running-csv: TypeError: Cannot read properties of undefined (reading 'SHPH_ShipmentCode')
    at /snapshot/Backend/app.js:977:40
    at runMicrotasks (<anonymous>)
    at processTicksAndRejections (node:internal/process/task_queues:96:5)
Error in /get-running-csv: TypeError: Cannot read properties of undefined (reading 'SHPH_ShipmentCode')
    at /snapshot/Backend/app.js:977:40
    at runMicrotasks (<anonymous>)
    at processTicksAndRejections (node:internal/process/task_queues:96:5)
Error in /get-running-csv: TypeError: Cannot read properties of undefined (reading 'SHPH_ShipmentCode')
    at /snapshot/Backend/app.js:977:40
    at runMicrotasks (<anonymous>)
    at processTicksAndRejections (node:internal/process/task_queues:96:5)
Error in /get-running-csv: TypeError: Cannot read properties of undefined (reading 'SHPH_ShipmentCode')
    at /snapshot/Backend/app.js:977:40
    at runMicrotasks (<anonymous>)
    at processTicksAndRejections (node:internal/process/task_queues:96:5)
Error in /get-running-csv: TypeError: Cannot read properties of undefined (reading 'SHPH_ShipmentCode')
    at /snapshot/Backend/app.js:977:40
    at runMicrotasks (<anonymous>)
    at processTicksAndRejections (node:internal/process/task_queues:96:5)
Error in /get-running-csv: TypeError: Cannot read properties of undefined (reading 'SHPH_ShipmentCode')
    at /snapshot/Backend/app.js:977:40
    at runMicrotasks (<anonymous>)
    at processTicksAndRejections (node:internal/process/task_queues:96:5)
Error in /get-running-csv: TypeError: Cannot read properties of undefined (reading 'SHPH_ShipmentCode')
    at /snapshot/Backend/app.js:977:40
    at runMicrotasks (<anonymous>)
    at processTicksAndRejections (node:internal/process/task_queues:96:5)
Error in /get-running-csv: TypeError: Cannot read properties of undefined (reading 'SHPH_ShipmentCode')
    at /snapshot/Backend/app.js:977:40
    at runMicrotasks (<anonymous>)
    at processTicksAndRejections (node:internal/process/task_queues:96:5)
Error in /get-running-csv: TypeError: Cannot read properties of undefined (reading 'SHPH_ShipmentCode')
    at /snapshot/Backend/app.js:977:40
    at runMicrotasks (<anonymous>)
    at processTicksAndRejections (node:internal/process/task_queues:96:5)
Error in /get-running-csv: TypeError: Cannot read properties of undefined (reading 'SHPH_ShipmentCode')
    at /snapshot/Backend/app.js:977:40
    at runMicrotasks (<anonymous>)
    at processTicksAndRejections (node:internal/process/task_queues:96:5)
Error in /get-running-csv: TypeError: Cannot read properties of undefined (reading 'SHPH_ShipmentCode')
    at /snapshot/Backend/app.js:977:40
    at runMicrotasks (<anonymous>)
    at processTicksAndRejections (node:internal/process/task_queues:96:5)
Error in /get-running-csv: TypeError: Cannot read properties of undefined (reading 'SHPH_ShipmentCode')
    at /snapshot/Backend/app.js:977:40
    at runMicrotasks (<anonymous>)
    at processTicksAndRejections (node:internal/process/task_queues:96:5)
Error in /get-running-csv: TypeError: Cannot read properties of undefined (reading 'SHPH_ShipmentCode')
    at /snapshot/Backend/app.js:977:40
    at runMicrotasks (<anonymous>)
    at processTicksAndRejections (node:internal/process/task_queues:96:5)
Error in /get-running-csv: TypeError: Cannot read properties of undefined (reading 'SHPH_ShipmentCode')
    at /snapshot/Backend/app.js:977:40
    at runMicrotasks (<anonymous>)
    at processTicksAndRejections (node:internal/process/task_queues:96:5)
Error in /get-running-csv: TypeError: Cannot read properties of undefined (reading 'SHPH_ShipmentCode')
    at /snapshot/Backend/app.js:977:40
    at runMicrotasks (<anonymous>)
    at processTicksAndRejections (node:internal/process/task_queues:96:5)
Error in /get-running-csv: TypeError: Cannot read properties of undefined (reading 'SHPH_ShipmentCode')
    at /snapshot/Backend/app.js:977:40
    at runMicrotasks (<anonymous>)
    at processTicksAndRejections (node:internal/process/task_queues:96:5)
Error in /get-running-csv: TypeError: Cannot read properties of undefined (reading 'SHPH_ShipmentCode')
    at /snapshot/Backend/app.js:977:40
    at runMicrotasks (<anonymous>)
    at processTicksAndRejections (node:internal/process/task_queues:96:5)
Error in /get-running-csv: TypeError: Cannot read properties of undefined (reading 'SHPH_ShipmentCode')
    at /snapshot/Backend/app.js:977:40
    at runMicrotasks (<anonymous>)
    at processTicksAndRejections (node:internal/process/task_queues:96:5)
Error in /get-running-csv: TypeError: Cannot read properties of undefined (reading 'SHPH_ShipmentCode')
    at /snapshot/Backend/app.js:977:40
    at runMicrotasks (<anonymous>)
    at processTicksAndRejections (node:internal/process/task_queues:96:5)
Error in /get-running-csv: TypeError: Cannot read properties of undefined (reading 'SHPH_ShipmentCode')
    at /snapshot/Backend/app.js:977:40
    at runMicrotasks (<anonymous>)
    at processTicksAndRejections (node:internal/process/task_queues:96:5)
Error in /get-running-csv: TypeError: Cannot read properties of undefined (reading 'SHPH_ShipmentCode')
    at /snapshot/Backend/app.js:977:40
    at runMicrotasks (<anonymous>)
    at processTicksAndRejections (node:internal/process/task_queues:96:5)
Error in /get-running-csv: TypeError: Cannot read properties of undefined (reading 'SHPH_ShipmentCode')
    at /snapshot/Backend/app.js:977:40
    at runMicrotasks (<anonymous>)
    at processTicksAndRejections (node:internal/process/task_queues:96:5)
Error in /get-running-csv: TypeError: Cannot read properties of undefined (reading 'SHPH_ShipmentCode')
    at /snapshot/Backend/app.js:977:40
    at runMicrotasks (<anonymous>)
    at processTicksAndRejections (node:internal/process/task_queues:96:5)
Error in /get-running-csv: TypeError: Cannot read properties of undefined (reading 'SHPH_ShipmentCode')
    at /snapshot/Backend/app.js:977:40
    at runMicrotasks (<anonymous>)
    at processTicksAndRejections (node:internal/process/task_queues:96:5)
Error in /get-running-csv: TypeError: Cannot read properties of undefined (reading 'SHPH_ShipmentCode')
    at /snapshot/Backend/app.js:977:40
    at runMicrotasks (<anonymous>)
    at processTicksAndRejections (node:internal/process/task_queues:96:5)
Error in /get-running-csv: TypeError: Cannot read properties of undefined (reading 'SHPH_ShipmentCode')
    at /snapshot/Backend/app.js:977:40
    at runMicrotasks (<anonymous>)
    at processTicksAndRejections (node:internal/process/task_queues:96:5)
Error in /get-running-csv: TypeError: Cannot read properties of undefined (reading 'SHPH_ShipmentCode')
    at /snapshot/Backend/app.js:977:40
    at runMicrotasks (<anonymous>)
    at processTicksAndRejections (node:internal/process/task_queues:96:5)
Error in /get-running-csv: TypeError: Cannot read properties of undefined (reading 'SHPH_ShipmentCode')
    at /snapshot/Backend/app.js:977:40
    at runMicrotasks (<anonymous>)
    at processTicksAndRejections (node:internal/process/task_queues:96:5)
Error in /get-running-csv: TypeError: Cannot read properties of undefined (reading 'SHPH_ShipmentCode')
    at /snapshot/Backend/app.js:977:40
    at runMicrotasks (<anonymous>)
    at processTicksAndRejections (node:internal/process/task_queues:96:5)
Error in /get-running-csv: TypeError: Cannot read properties of undefined (reading 'SHPH_ShipmentCode')
    at /snapshot/Backend/app.js:977:40
    at runMicrotasks (<anonymous>)
    at processTicksAndRejections (node:internal/process/task_queues:96:5)
Error in /get-running-csv: TypeError: Cannot read properties of undefined (reading 'SHPH_ShipmentCode')
    at /snapshot/Backend/app.js:977:40
    at runMicrotasks (<anonymous>)
    at processTicksAndRejections (node:internal/process/task_queues:96:5)
Error in /get-running-csv: TypeError: Cannot read properties of undefined (reading 'SHPH_ShipmentCode')
    at /snapshot/Backend/app.js:977:40
    at runMicrotasks (<anonymous>)
    at processTicksAndRejections (node:internal/process/task_queues:96:5)
Error in /get-running-csv: TypeError: Cannot read properties of undefined (reading 'SHPH_ShipmentCode')
    at /snapshot/Backend/app.js:977:40
    at runMicrotasks (<anonymous>)
    at processTicksAndRejections (node:internal/process/task_queues:96:5)
Error in /get-running-csv: TypeError: Cannot read properties of undefined (reading 'SHPH_ShipmentCode')
    at /snapshot/Backend/app.js:977:40
    at runMicrotasks (<anonymous>)
    at processTicksAndRejections (node:internal/process/task_queues:96:5)
Error in /get-running-csv: TypeError: Cannot read properties of undefined (reading 'SHPH_ShipmentCode')
    at /snapshot/Backend/app.js:977:40
    at runMicrotasks (<anonymous>)
    at processTicksAndRejections (node:internal/process/task_queues:96:5)
Error in /get-running-csv: TypeError: Cannot read properties of undefined (reading 'SHPH_ShipmentCode')
    at /snapshot/Backend/app.js:977:40
    at runMicrotasks (<anonymous>)
    at processTicksAndRejections (node:internal/process/task_queues:96:5)
Error in /get-running-csv: TypeError: Cannot read properties of undefined (reading 'SHPH_ShipmentCode')
    at /snapshot/Backend/app.js:977:40
    at runMicrotasks (<anonymous>)
    at processTicksAndRejections (node:internal/process/task_queues:96:5)
Error in /get-running-csv: TypeError: Cannot read properties of undefined (reading 'SHPH_ShipmentCode')
    at /snapshot/Backend/app.js:977:40
    at runMicrotasks (<anonymous>)
    at processTicksAndRejections (node:internal/process/task_queues:96:5)
Error in /get-running-csv: TypeError: Cannot read properties of undefined (reading 'SHPH_ShipmentCode')
    at /snapshot/Backend/app.js:977:40
    at runMicrotasks (<anonymous>)
    at processTicksAndRejections (node:internal/process/task_queues:96:5)
Error in /get-running-csv: TypeError: Cannot read properties of undefined (reading 'SHPH_ShipmentCode')
    at /snapshot/Backend/app.js:977:40
    at runMicrotasks (<anonymous>)
    at processTicksAndRejections (node:internal/process/task_queues:96:5)
Error in /get-running-csv: TypeError: Cannot read properties of undefined (reading 'SHPH_ShipmentCode')
    at /snapshot/Backend/app.js:977:40
    at runMicrotasks (<anonymous>)
    at processTicksAndRejections (node:internal/process/task_queues:96:5)
Error in /get-running-csv: TypeError: Cannot read properties of undefined (reading 'SHPH_ShipmentCode')
    at /snapshot/Backend/app.js:977:40
    at runMicrotasks (<anonymous>)
    at processTicksAndRejections (node:internal/process/task_queues:96:5)
Error in /get-running-csv: TypeError: Cannot read properties of undefined (reading 'SHPH_ShipmentCode')
    at /snapshot/Backend/app.js:977:40
    at runMicrotasks (<anonymous>)
    at processTicksAndRejections (node:internal/process/task_queues:96:5)
Error in /get-running-csv: TypeError: Cannot read properties of undefined (reading 'SHPH_ShipmentCode')
    at /snapshot/Backend/app.js:977:40
    at runMicrotasks (<anonymous>)
    at processTicksAndRejections (node:internal/process/task_queues:96:5)
Error in /get-running-csv: TypeError: Cannot read properties of undefined (reading 'SHPH_ShipmentCode')
    at /snapshot/Backend/app.js:977:40
    at runMicrotasks (<anonymous>)
    at processTicksAndRejections (node:internal/process/task_queues:96:5)
Error in /get-running-csv: TypeError: Cannot read properties of undefined (reading 'SHPH_ShipmentCode')
    at /snapshot/Backend/app.js:977:40
    at runMicrotasks (<anonymous>)
    at processTicksAndRejections (node:internal/process/task_queues:96:5)
Error in /get-running-csv: TypeError: Cannot read properties of undefined (reading 'SHPH_ShipmentCode')
    at /snapshot/Backend/app.js:977:40
    at runMicrotasks (<anonymous>)
    at processTicksAndRejections (node:internal/process/task_queues:96:5)
Error in /get-running-csv: TypeError: Cannot read properties of undefined (reading 'SHPH_ShipmentCode')
    at /snapshot/Backend/app.js:977:40
    at runMicrotasks (<anonymous>)
    at processTicksAndRejections (node:internal/process/task_queues:96:5)
Error in /get-running-csv: TypeError: Cannot read properties of undefined (reading 'SHPH_ShipmentCode')
    at /snapshot/Backend/app.js:977:40
    at runMicrotasks (<anonymous>)
    at processTicksAndRejections (node:internal/process/task_queues:96:5)
Error in /get-running-csv: TypeError: Cannot read properties of undefined (reading 'SHPH_ShipmentCode')
    at /snapshot/Backend/app.js:977:40
    at runMicrotasks (<anonymous>)
    at processTicksAndRejections (node:internal/process/task_queues:96:5)
Error in /get-running-csv: TypeError: Cannot read properties of undefined (reading 'SHPH_ShipmentCode')
    at /snapshot/Backend/app.js:977:40
    at runMicrotasks (<anonymous>)
    at processTicksAndRejections (node:internal/process/task_queues:96:5)
Error in /get-running-csv: TypeError: Cannot read properties of undefined (reading 'SHPH_ShipmentCode')
    at /snapshot/Backend/app.js:977:40
    at runMicrotasks (<anonymous>)
    at processTicksAndRejections (node:internal/process/task_queues:96:5)
Error in /get-running-csv: TypeError: Cannot read properties of undefined (reading 'SHPH_ShipmentCode')
    at /snapshot/Backend/app.js:977:40
    at runMicrotasks (<anonymous>)
    at processTicksAndRejections (node:internal/process/task_queues:96:5)
Error in /get-running-csv: TypeError: Cannot read properties of undefined (reading 'SHPH_ShipmentCode')
    at /snapshot/Backend/app.js:977:40
    at runMicrotasks (<anonymous>)
    at processTicksAndRejections (node:internal/process/task_queues:96:5)
Error in /get-running-csv: TypeError: Cannot read properties of undefined (reading 'SHPH_ShipmentCode')
    at /snapshot/Backend/app.js:977:40
    at runMicrotasks (<anonymous>)
    at processTicksAndRejections (node:internal/process/task_queues:96:5)
Error in /get-running-csv: TypeError: Cannot read properties of undefined (reading 'SHPH_ShipmentCode')
    at /snapshot/Backend/app.js:977:40
    at runMicrotasks (<anonymous>)
    at processTicksAndRejections (node:internal/process/task_queues:96:5)
Error in /get-running-csv: TypeError: Cannot read properties of undefined (reading 'SHPH_ShipmentCode')
    at /snapshot/Backend/app.js:977:40
    at runMicrotasks (<anonymous>)
    at processTicksAndRejections (node:internal/process/task_queues:96:5)
Error in /get-running-csv: TypeError: Cannot read properties of undefined (reading 'SHPH_ShipmentCode')
    at /snapshot/Backend/app.js:977:40
    at runMicrotasks (<anonymous>)
    at processTicksAndRejections (node:internal/process/task_queues:96:5)
Error in /get-running-csv: TypeError: Cannot read properties of undefined (reading 'SHPH_ShipmentCode')
    at /snapshot/Backend/app.js:977:40
    at runMicrotasks (<anonymous>)
    at processTicksAndRejections (node:internal/process/task_queues:96:5)
Error in /get-running-csv: TypeError: Cannot read properties of undefined (reading 'SHPH_ShipmentCode')
    at /snapshot/Backend/app.js:977:40
    at runMicrotasks (<anonymous>)
    at processTicksAndRejections (node:internal/process/task_queues:96:5)
Error in /get-running-csv: TypeError: Cannot read properties of undefined (reading 'SHPH_ShipmentCode')
    at /snapshot/Backend/app.js:977:40
    at runMicrotasks (<anonymous>)
    at processTicksAndRejections (node:internal/process/task_queues:96:5)
Error in /get-running-csv: TypeError: Cannot read properties of undefined (reading 'SHPH_ShipmentCode')
    at /snapshot/Backend/app.js:977:40
    at runMicrotasks (<anonymous>)
    at processTicksAndRejections (node:internal/process/task_queues:96:5)
Error in /get-running-csv: TypeError: Cannot read properties of undefined (reading 'SHPH_ShipmentCode')
    at /snapshot/Backend/app.js:977:40
    at runMicrotasks (<anonymous>)
    at processTicksAndRejections (node:internal/process/task_queues:96:5)
Error in /get-running-csv: TypeError: Cannot read properties of undefined (reading 'SHPH_ShipmentCode')
    at /snapshot/Backend/app.js:977:40
    at runMicrotasks (<anonymous>)
    at processTicksAndRejections (node:internal/process/task_queues:96:5)
Error in /get-running-csv: TypeError: Cannot read properties of undefined (reading 'SHPH_ShipmentCode')
    at /snapshot/Backend/app.js:977:40
    at runMicrotasks (<anonymous>)
    at processTicksAndRejections (node:internal/process/task_queues:96:5)
Error in /get-running-csv: TypeError: Cannot read properties of undefined (reading 'SHPH_ShipmentCode')
    at /snapshot/Backend/app.js:977:40
    at runMicrotasks (<anonymous>)
    at processTicksAndRejections (node:internal/process/task_queues:96:5)
Error in /get-running-csv: TypeError: Cannot read properties of undefined (reading 'SHPH_ShipmentCode')
    at /snapshot/Backend/app.js:977:40
    at runMicrotasks (<anonymous>)
    at processTicksAndRejections (node:internal/process/task_queues:96:5)
Error in /get-running-csv: TypeError: Cannot read properties of undefined (reading 'SHPH_ShipmentCode')
    at /snapshot/Backend/app.js:977:40
    at runMicrotasks (<anonymous>)
    at processTicksAndRejections (node:internal/process/task_queues:96:5)
Error in /get-running-csv: TypeError: Cannot read properties of undefined (reading 'SHPH_ShipmentCode')
    at /snapshot/Backend/app.js:977:40
    at runMicrotasks (<anonymous>)
    at processTicksAndRejections (node:internal/process/task_queues:96:5)
Error in /get-running-csv: TypeError: Cannot read properties of undefined (reading 'SHPH_ShipmentCode')
    at /snapshot/Backend/app.js:977:40
    at runMicrotasks (<anonymous>)
    at processTicksAndRejections (node:internal/process/task_queues:96:5)
Error in /get-running-csv: TypeError: Cannot read properties of undefined (reading 'SHPH_ShipmentCode')
    at /snapshot/Backend/app.js:977:40
    at runMicrotasks (<anonymous>)
    at processTicksAndRejections (node:internal/process/task_queues:96:5)
Error in /get-running-csv: TypeError: Cannot read properties of undefined (reading 'SHPH_ShipmentCode')
    at /snapshot/Backend/app.js:977:40
    at runMicrotasks (<anonymous>)
    at processTicksAndRejections (node:internal/process/task_queues:96:5)
Error in /get-running-csv: TypeError: Cannot read properties of undefined (reading 'SHPH_ShipmentCode')
    at /snapshot/Backend/app.js:977:40
    at runMicrotasks (<anonymous>)
    at processTicksAndRejections (node:internal/process/task_queues:96:5)
Error in /get-running-csv: TypeError: Cannot read properties of undefined (reading 'SHPH_ShipmentCode')
    at /snapshot/Backend/app.js:977:40
    at runMicrotasks (<anonymous>)
    at processTicksAndRejections (node:internal/process/task_queues:96:5)
Error in /get-running-csv: TypeError: Cannot read properties of undefined (reading 'SHPH_ShipmentCode')
    at /snapshot/Backend/app.js:977:40
    at runMicrotasks (<anonymous>)
    at processTicksAndRejections (node:internal/process/task_queues:96:5)
Error in /get-running-csv: TypeError: Cannot read properties of undefined (reading 'SHPH_ShipmentCode')
    at /snapshot/Backend/app.js:977:40
    at runMicrotasks (<anonymous>)
    at processTicksAndRejections (node:internal/process/task_queues:96:5)
Error in /get-running-csv: TypeError: Cannot read properties of undefined (reading 'SHPH_ShipmentCode')
    at /snapshot/Backend/app.js:977:40
    at runMicrotasks (<anonymous>)
    at processTicksAndRejections (node:internal/process/task_queues:96:5)
Error in /get-running-csv: TypeError: Cannot read properties of undefined (reading 'SHPH_ShipmentCode')
    at /snapshot/Backend/app.js:977:40
    at runMicrotasks (<anonymous>)
    at processTicksAndRejections (node:internal/process/task_queues:96:5)
Error in /get-running-csv: TypeError: Cannot read properties of undefined (reading 'SHPH_ShipmentCode')
    at /snapshot/Backend/app.js:977:40
    at runMicrotasks (<anonymous>)
    at processTicksAndRejections (node:internal/process/task_queues:96:5)
Error in /get-running-csv: TypeError: Cannot read properties of undefined (reading 'SHPH_ShipmentCode')
    at /snapshot/Backend/app.js:977:40
    at runMicrotasks (<anonymous>)
    at processTicksAndRejections (node:internal/process/task_queues:96:5)
Error in /get-running-csv: TypeError: Cannot read properties of undefined (reading 'SHPH_ShipmentCode')
    at /snapshot/Backend/app.js:977:40
    at runMicrotasks (<anonymous>)
    at processTicksAndRejections (node:internal/process/task_queues:96:5)
Error in /get-running-csv: TypeError: Cannot read properties of undefined (reading 'SHPH_ShipmentCode')
    at /snapshot/Backend/app.js:977:40
    at runMicrotasks (<anonymous>)
    at processTicksAndRejections (node:internal/process/task_queues:96:5)
Error in /get-running-csv: TypeError: Cannot read properties of undefined (reading 'SHPH_ShipmentCode')
    at /snapshot/Backend/app.js:977:40
    at runMicrotasks (<anonymous>)
    at processTicksAndRejections (node:internal/process/task_queues:96:5)
Error in /get-running-csv: TypeError: Cannot read properties of undefined (reading 'SHPH_ShipmentCode')
    at /snapshot/Backend/app.js:977:40
    at runMicrotasks (<anonymous>)
    at processTicksAndRejections (node:internal/process/task_queues:96:5)
Error in /get-running-csv: TypeError: Cannot read properties of undefined (reading 'SHPH_ShipmentCode')
    at /snapshot/Backend/app.js:977:40
    at runMicrotasks (<anonymous>)
    at processTicksAndRejections (node:internal/process/task_queues:96:5)
Error in /get-running-csv: TypeError: Cannot read properties of undefined (reading 'SHPH_ShipmentCode')
    at /snapshot/Backend/app.js:977:40
    at runMicrotasks (<anonymous>)
    at processTicksAndRejections (node:internal/process/task_queues:96:5)
Error in /get-running-csv: TypeError: Cannot read properties of undefined (reading 'SHPH_ShipmentCode')
    at /snapshot/Backend/app.js:977:40
    at runMicrotasks (<anonymous>)
    at processTicksAndRejections (node:internal/process/task_queues:96:5)
Error in /get-running-csv: TypeError: Cannot read properties of undefined (reading 'SHPH_ShipmentCode')
    at /snapshot/Backend/app.js:977:40
    at runMicrotasks (<anonymous>)
    at processTicksAndRejections (node:internal/process/task_queues:96:5)
Error in /get-running-csv: TypeError: Cannot read properties of undefined (reading 'SHPH_ShipmentCode')
    at /snapshot/Backend/app.js:977:40
    at runMicrotasks (<anonymous>)
    at processTicksAndRejections (node:internal/process/task_queues:96:5)
Error in /get-running-csv: TypeError: Cannot read properties of undefined (reading 'SHPH_ShipmentCode')
    at /snapshot/Backend/app.js:977:40
    at runMicrotasks (<anonymous>)
    at processTicksAndRejections (node:internal/process/task_queues:96:5)
Error in /get-running-csv: TypeError: Cannot read properties of undefined (reading 'SHPH_ShipmentCode')
    at /snapshot/Backend/app.js:977:40
    at runMicrotasks (<anonymous>)
    at processTicksAndRejections (node:internal/process/task_queues:96:5)
Error in /get-running-csv: TypeError: Cannot read properties of undefined (reading 'SHPH_ShipmentCode')
    at /snapshot/Backend/app.js:977:40
    at runMicrotasks (<anonymous>)
    at processTicksAndRejections (node:internal/process/task_queues:96:5)
Error in /get-running-csv: TypeError: Cannot read properties of undefined (reading 'SHPH_ShipmentCode')
    at /snapshot/Backend/app.js:977:40
    at runMicrotasks (<anonymous>)
    at processTicksAndRejections (node:internal/process/task_queues:96:5)
Error in /get-running-csv: TypeError: Cannot read properties of undefined (reading 'SHPH_ShipmentCode')
    at /snapshot/Backend/app.js:977:40
    at runMicrotasks (<anonymous>)
    at processTicksAndRejections (node:internal/process/task_queues:96:5)
Error in /get-running-csv: TypeError: Cannot read properties of undefined (reading 'SHPH_ShipmentCode')
    at /snapshot/Backend/app.js:977:40
    at runMicrotasks (<anonymous>)
    at processTicksAndRejections (node:internal/process/task_queues:96:5)
Error in /get-running-csv: TypeError: Cannot read properties of undefined (reading 'SHPH_ShipmentCode')
    at /snapshot/Backend/app.js:977:40
    at runMicrotasks (<anonymous>)
    at processTicksAndRejections (node:internal/process/task_queues:96:5)
Error in /get-running-csv: TypeError: Cannot read properties of undefined (reading 'SHPH_ShipmentCode')
    at /snapshot/Backend/app.js:977:40
    at runMicrotasks (<anonymous>)
    at processTicksAndRejections (node:internal/process/task_queues:96:5)
Error in /get-running-csv: TypeError: Cannot read properties of undefined (reading 'SHPH_ShipmentCode')
    at /snapshot/Backend/app.js:977:40
    at runMicrotasks (<anonymous>)
    at processTicksAndRejections (node:internal/process/task_queues:96:5)
Error in /get-running-csv: TypeError: Cannot read properties of undefined (reading 'SHPH_ShipmentCode')
    at /snapshot/Backend/app.js:977:40
    at runMicrotasks (<anonymous>)
    at processTicksAndRejections (node:internal/process/task_queues:96:5)
Error in /get-running-csv: TypeError: Cannot read properties of undefined (reading 'SHPH_ShipmentCode')
    at /snapshot/Backend/app.js:977:40
    at runMicrotasks (<anonymous>)
    at processTicksAndRejections (node:internal/process/task_queues:96:5)
Error in /get-running-csv: TypeError: Cannot read properties of undefined (reading 'SHPH_ShipmentCode')
    at /snapshot/Backend/app.js:977:40
    at runMicrotasks (<anonymous>)
    at processTicksAndRejections (node:internal/process/task_queues:96:5)
Error in /get-running-csv: TypeError: Cannot read properties of undefined (reading 'SHPH_ShipmentCode')
    at /snapshot/Backend/app.js:977:40
    at runMicrotasks (<anonymous>)
    at processTicksAndRejections (node:internal/process/task_queues:96:5)
Error in /get-running-csv: TypeError: Cannot read properties of undefined (reading 'SHPH_ShipmentCode')
    at /snapshot/Backend/app.js:977:40
    at runMicrotasks (<anonymous>)
    at processTicksAndRejections (node:internal/process/task_queues:96:5)
Error in /get-running-csv: TypeError: Cannot read properties of undefined (reading 'SHPH_ShipmentCode')
    at /snapshot/Backend/app.js:977:40
    at runMicrotasks (<anonymous>)
    at processTicksAndRejections (node:internal/process/task_queues:96:5)
Error in /get-running-csv: TypeError: Cannot read properties of undefined (reading 'SHPH_ShipmentCode')
    at /snapshot/Backend/app.js:977:40
    at runMicrotasks (<anonymous>)
    at processTicksAndRejections (node:internal/process/task_queues:96:5)
Error in /get-running-csv: TypeError: Cannot read properties of undefined (reading 'SHPH_ShipmentCode')
    at /snapshot/Backend/app.js:977:40
    at runMicrotasks (<anonymous>)
    at processTicksAndRejections (node:internal/process/task_queues:96:5)
Error in /get-running-csv: TypeError: Cannot read properties of undefined (reading 'SHPH_ShipmentCode')
    at /snapshot/Backend/app.js:977:40
    at runMicrotasks (<anonymous>)
    at processTicksAndRejections (node:internal/process/task_queues:96:5)
Error in /get-running-csv: TypeError: Cannot read properties of undefined (reading 'SHPH_ShipmentCode')
    at /snapshot/Backend/app.js:977:40
    at runMicrotasks (<anonymous>)
    at processTicksAndRejections (node:internal/process/task_queues:96:5)
Error in /get-running-csv: TypeError: Cannot read properties of undefined (reading 'SHPH_ShipmentCode')
    at /snapshot/Backend/app.js:977:40
    at runMicrotasks (<anonymous>)
    at processTicksAndRejections (node:internal/process/task_queues:96:5)
Error in /get-running-csv: TypeError: Cannot read properties of undefined (reading 'SHPH_ShipmentCode')
    at /snapshot/Backend/app.js:977:40
    at runMicrotasks (<anonymous>)
    at processTicksAndRejections (node:internal/process/task_queues:96:5)
Error in /get-running-csv: TypeError: Cannot read properties of undefined (reading 'SHPH_ShipmentCode')
    at /snapshot/Backend/app.js:977:40
    at runMicrotasks (<anonymous>)
    at processTicksAndRejections (node:internal/process/task_queues:96:5)
Error in /get-running-csv: TypeError: Cannot read properties of undefined (reading 'SHPH_ShipmentCode')
    at /snapshot/Backend/app.js:977:40
    at runMicrotasks (<anonymous>)
    at processTicksAndRejections (node:internal/process/task_queues:96:5)
Error in /get-running-csv: TypeError: Cannot read properties of undefined (reading 'SHPH_ShipmentCode')
    at /snapshot/Backend/app.js:977:40
    at runMicrotasks (<anonymous>)
    at processTicksAndRejections (node:internal/process/task_queues:96:5)
Error in /get-running-csv: TypeError: Cannot read properties of undefined (reading 'SHPH_ShipmentCode')
    at /snapshot/Backend/app.js:977:40
    at runMicrotasks (<anonymous>)
    at processTicksAndRejections (node:internal/process/task_queues:96:5)
Error in /get-running-csv: TypeError: Cannot read properties of undefined (reading 'SHPH_ShipmentCode')
    at /snapshot/Backend/app.js:977:40
    at runMicrotasks (<anonymous>)
    at processTicksAndRejections (node:internal/process/task_queues:96:5)
Error in /get-running-csv: TypeError: Cannot read properties of undefined (reading 'SHPH_ShipmentCode')
    at /snapshot/Backend/app.js:977:40
    at runMicrotasks (<anonymous>)
    at processTicksAndRejections (node:internal/process/task_queues:96:5)
Error in /get-running-csv: TypeError: Cannot read properties of undefined (reading 'SHPH_ShipmentCode')
    at /snapshot/Backend/app.js:977:40
    at runMicrotasks (<anonymous>)
    at processTicksAndRejections (node:internal/process/task_queues:96:5)
Error in /get-running-csv: TypeError: Cannot read properties of undefined (reading 'SHPH_ShipmentCode')
    at /snapshot/Backend/app.js:977:40
    at runMicrotasks (<anonymous>)
    at processTicksAndRejections (node:internal/process/task_queues:96:5)
Error in /get-running-csv: TypeError: Cannot read properties of undefined (reading 'SHPH_ShipmentCode')
    at /snapshot/Backend/app.js:977:40
    at runMicrotasks (<anonymous>)
    at processTicksAndRejections (node:internal/process/task_queues:96:5)
Error in /get-running-csv: TypeError: Cannot read properties of undefined (reading 'SHPH_ShipmentCode')
    at /snapshot/Backend/app.js:977:40
    at runMicrotasks (<anonymous>)
    at processTicksAndRejections (node:internal/process/task_queues:96:5)
Error in /get-running-csv: TypeError: Cannot read properties of undefined (reading 'SHPH_ShipmentCode')
    at /snapshot/Backend/app.js:977:40
    at runMicrotasks (<anonymous>)
    at processTicksAndRejections (node:internal/process/task_queues:96:5)
Error in /get-running-csv: TypeError: Cannot read properties of undefined (reading 'SHPH_ShipmentCode')
    at /snapshot/Backend/app.js:977:40
    at runMicrotasks (<anonymous>)
    at processTicksAndRejections (node:internal/process/task_queues:96:5)
Error in /get-running-csv: TypeError: Cannot read properties of undefined (reading 'SHPH_ShipmentCode')
    at /snapshot/Backend/app.js:977:40
    at runMicrotasks (<anonymous>)
    at processTicksAndRejections (node:internal/process/task_queues:96:5)
Error in /get-running-csv: TypeError: Cannot read properties of undefined (reading 'SHPH_ShipmentCode')
    at /snapshot/Backend/app.js:977:40
    at runMicrotasks (<anonymous>)
    at processTicksAndRejections (node:internal/process/task_queues:96:5)
Error in /get-running-csv: TypeError: Cannot read properties of undefined (reading 'SHPH_ShipmentCode')
    at /snapshot/Backend/app.js:977:40
    at runMicrotasks (<anonymous>)
    at processTicksAndRejections (node:internal/process/task_queues:96:5)
Error in /get-running-csv: TypeError: Cannot read properties of undefined (reading 'SHPH_ShipmentCode')
    at /snapshot/Backend/app.js:977:40
    at runMicrotasks (<anonymous>)
    at processTicksAndRejections (node:internal/process/task_queues:96:5)
Error in /get-running-csv: TypeError: Cannot read properties of undefined (reading 'SHPH_ShipmentCode')
    at /snapshot/Backend/app.js:977:40
    at runMicrotasks (<anonymous>)
    at processTicksAndRejections (node:internal/process/task_queues:96:5)
Error in /get-running-csv: TypeError: Cannot read properties of undefined (reading 'SHPH_ShipmentCode')
    at /snapshot/Backend/app.js:977:40
    at runMicrotasks (<anonymous>)
    at processTicksAndRejections (node:internal/process/task_queues:96:5)
Error in /get-running-csv: TypeError: Cannot read properties of undefined (reading 'SHPH_ShipmentCode')
    at /snapshot/Backend/app.js:977:40
    at runMicrotasks (<anonymous>)
    at processTicksAndRejections (node:internal/process/task_queues:96:5)
Error in /get-running-csv: TypeError: Cannot read properties of undefined (reading 'SHPH_ShipmentCode')
    at /snapshot/Backend/app.js:977:40
    at runMicrotasks (<anonymous>)
    at processTicksAndRejections (node:internal/process/task_queues:96:5)
Error in /get-running-csv: TypeError: Cannot read properties of undefined (reading 'SHPH_ShipmentCode')
    at /snapshot/Backend/app.js:977:40
    at runMicrotasks (<anonymous>)
    at processTicksAndRejections (node:internal/process/task_queues:96:5)
Error in /get-running-csv: TypeError: Cannot read properties of undefined (reading 'SHPH_ShipmentCode')
    at /snapshot/Backend/app.js:977:40
    at runMicrotasks (<anonymous>)
    at processTicksAndRejections (node:internal/process/task_queues:96:5)
Error in /get-running-csv: TypeError: Cannot read properties of undefined (reading 'SHPH_ShipmentCode')
    at /snapshot/Backend/app.js:977:40
    at runMicrotasks (<anonymous>)
    at processTicksAndRejections (node:internal/process/task_queues:96:5)
Error in /get-running-csv: TypeError: Cannot read properties of undefined (reading 'SHPH_ShipmentCode')
    at /snapshot/Backend/app.js:977:40
    at runMicrotasks (<anonymous>)
    at processTicksAndRejections (node:internal/process/task_queues:96:5)
Error in /get-running-csv: TypeError: Cannot read properties of undefined (reading 'SHPH_ShipmentCode')
    at /snapshot/Backend/app.js:977:40
    at runMicrotasks (<anonymous>)
    at processTicksAndRejections (node:internal/process/task_queues:96:5)
Error in /get-running-csv: TypeError: Cannot read properties of undefined (reading 'SHPH_ShipmentCode')
    at /snapshot/Backend/app.js:977:40
    at runMicrotasks (<anonymous>)
    at processTicksAndRejections (node:internal/process/task_queues:96:5)
Error in /get-running-csv: TypeError: Cannot read properties of undefined (reading 'SHPH_ShipmentCode')
    at /snapshot/Backend/app.js:977:40
    at runMicrotasks (<anonymous>)
    at processTicksAndRejections (node:internal/process/task_queues:96:5)
Error in /get-running-csv: TypeError: Cannot read properties of undefined (reading 'SHPH_ShipmentCode')
    at /snapshot/Backend/app.js:977:40
    at runMicrotasks (<anonymous>)
    at processTicksAndRejections (node:internal/process/task_queues:96:5)
Error in /get-running-csv: TypeError: Cannot read properties of undefined (reading 'SHPH_ShipmentCode')
    at /snapshot/Backend/app.js:977:40
    at runMicrotasks (<anonymous>)
    at processTicksAndRejections (node:internal/process/task_queues:96:5)
Error in /get-running-csv: TypeError: Cannot read properties of undefined (reading 'SHPH_ShipmentCode')
    at /snapshot/Backend/app.js:977:40
    at runMicrotasks (<anonymous>)
    at processTicksAndRejections (node:internal/process/task_queues:96:5)
Error in /get-running-csv: TypeError: Cannot read properties of undefined (reading 'SHPH_ShipmentCode')
    at /snapshot/Backend/app.js:977:40
    at runMicrotasks (<anonymous>)
    at processTicksAndRejections (node:internal/process/task_queues:96:5)
Error in /get-running-csv: TypeError: Cannot read properties of undefined (reading 'SHPH_ShipmentCode')
    at /snapshot/Backend/app.js:977:40
    at runMicrotasks (<anonymous>)
    at processTicksAndRejections (node:internal/process/task_queues:96:5)
Error in /get-running-csv: TypeError: Cannot read properties of undefined (reading 'SHPH_ShipmentCode')
    at /snapshot/Backend/app.js:977:40
    at runMicrotasks (<anonymous>)
    at processTicksAndRejections (node:internal/process/task_queues:96:5)
Error in /get-running-csv: TypeError: Cannot read properties of undefined (reading 'SHPH_ShipmentCode')
    at /snapshot/Backend/app.js:977:40
    at runMicrotasks (<anonymous>)
    at processTicksAndRejections (node:internal/process/task_queues:96:5)
Error in /get-running-csv: TypeError: Cannot read properties of undefined (reading 'SHPH_ShipmentCode')
    at /snapshot/Backend/app.js:977:40
    at runMicrotasks (<anonymous>)
    at processTicksAndRejections (node:internal/process/task_queues:96:5)
Error in /get-running-csv: TypeError: Cannot read properties of undefined (reading 'SHPH_ShipmentCode')
    at /snapshot/Backend/app.js:977:40
    at runMicrotasks (<anonymous>)
    at processTicksAndRejections (node:internal/process/task_queues:96:5)
Error in /get-running-csv: TypeError: Cannot read properties of undefined (reading 'SHPH_ShipmentCode')
    at /snapshot/Backend/app.js:977:40
    at runMicrotasks (<anonymous>)
    at processTicksAndRejections (node:internal/process/task_queues:96:5)
Daily MySQL backup scheduled at 10:30
✅ CryptoUtils loaded (COMPATIBLE VERSION)
Server running on port 9010
connected to the Local database
Error in /get-running-csv: TypeError: Cannot read properties of undefined (reading 'SHPH_ShipmentCode')
    at /snapshot/Backend/app.js:977:40
    at processTicksAndRejections (node:internal/process/task_queues:96:5)
Error in /get-running-csv: TypeError: Cannot read properties of undefined (reading 'SHPH_ShipmentCode')
    at /snapshot/Backend/app.js:977:40
    at processTicksAndRejections (node:internal/process/task_queues:96:5)
Error in /get-running-csv: TypeError: Cannot read properties of undefined (reading 'SHPH_ShipmentCode')
    at /snapshot/Backend/app.js:977:40
    at processTicksAndRejections (node:internal/process/task_queues:96:5)
Error in /get-running-csv: TypeError: Cannot read properties of undefined (reading 'SHPH_ShipmentCode')
    at /snapshot/Backend/app.js:977:40
    at processTicksAndRejections (node:internal/process/task_queues:96:5)
Error in /get-running-csv: TypeError: Cannot read properties of undefined (reading 'SHPH_ShipmentCode')
    at /snapshot/Backend/app.js:977:40
    at processTicksAndRejections (node:internal/process/task_queues:96:5)
Error in /get-running-csv: TypeError: Cannot read properties of undefined (reading 'SHPH_ShipmentCode')
    at /snapshot/Backend/app.js:977:40
    at processTicksAndRejections (node:internal/process/task_queues:96:5)
Error in /get-running-csv: TypeError: Cannot read properties of undefined (reading 'SHPH_ShipmentCode')
    at /snapshot/Backend/app.js:977:40
    at processTicksAndRejections (node:internal/process/task_queues:96:5)
Error in /get-running-csv: TypeError: Cannot read properties of undefined (reading 'SHPH_ShipmentCode')
    at /snapshot/Backend/app.js:977:40
    at processTicksAndRejections (node:internal/process/task_queues:96:5)
Error in /get-running-csv: TypeError: Cannot read properties of undefined (reading 'SHPH_ShipmentCode')
    at /snapshot/Backend/app.js:977:40
    at processTicksAndRejections (node:internal/process/task_queues:96:5)
Error in /get-running-csv: TypeError: Cannot read properties of undefined (reading 'SHPH_ShipmentCode')
    at /snapshot/Backend/app.js:977:40
    at processTicksAndRejections (node:internal/process/task_queues:96:5)
Error in /get-running-csv: TypeError: Cannot read properties of undefined (reading 'SHPH_ShipmentCode')
    at /snapshot/Backend/app.js:977:40
    at processTicksAndRejections (node:internal/process/task_queues:96:5)
Error in /get-running-csv: TypeError: Cannot read properties of undefined (reading 'SHPH_ShipmentCode')
    at /snapshot/Backend/app.js:977:40
    at processTicksAndRejections (node:internal/process/task_queues:96:5)
Error in /get-running-csv: TypeError: Cannot read properties of undefined (reading 'SHPH_ShipmentCode')
    at /snapshot/Backend/app.js:977:40
    at processTicksAndRejections (node:internal/process/task_queues:96:5)
Error in /get-running-csv: TypeError: Cannot read properties of undefined (reading 'SHPH_ShipmentCode')
    at /snapshot/Backend/app.js:977:40
    at processTicksAndRejections (node:internal/process/task_queues:96:5)
Error in /get-running-csv: TypeError: Cannot read properties of undefined (reading 'SHPH_ShipmentCode')
    at /snapshot/Backend/app.js:977:40
    at processTicksAndRejections (node:internal/process/task_queues:96:5)
Error in /get-running-csv: TypeError: Cannot read properties of undefined (reading 'SHPH_ShipmentCode')
    at /snapshot/Backend/app.js:977:40
    at processTicksAndRejections (node:internal/process/task_queues:96:5)
Error in /get-running-csv: TypeError: Cannot read properties of undefined (reading 'SHPH_ShipmentCode')
    at /snapshot/Backend/app.js:977:40
    at processTicksAndRejections (node:internal/process/task_queues:96:5)
Error in /get-running-csv: TypeError: Cannot read properties of undefined (reading 'SHPH_ShipmentCode')
    at /snapshot/Backend/app.js:977:40
    at processTicksAndRejections (node:internal/process/task_queues:96:5)
Error in /get-running-csv: TypeError: Cannot read properties of undefined (reading 'SHPH_ShipmentCode')
    at /snapshot/Backend/app.js:977:40
    at processTicksAndRejections (node:internal/process/task_queues:96:5)
Error in /get-running-csv: TypeError: Cannot read properties of undefined (reading 'SHPH_ShipmentCode')
    at /snapshot/Backend/app.js:977:40
    at processTicksAndRejections (node:internal/process/task_queues:96:5)
Error in /get-running-csv: TypeError: Cannot read properties of undefined (reading 'SHPH_ShipmentCode')
    at /snapshot/Backend/app.js:977:40
    at processTicksAndRejections (node:internal/process/task_queues:96:5)
Error in /get-running-csv: TypeError: Cannot read properties of undefined (reading 'SHPH_ShipmentCode')
    at /snapshot/Backend/app.js:977:40
    at processTicksAndRejections (node:internal/process/task_queues:96:5)
Error in /get-running-csv: TypeError: Cannot read properties of undefined (reading 'SHPH_ShipmentCode')
    at /snapshot/Backend/app.js:977:40
    at processTicksAndRejections (node:internal/process/task_queues:96:5)
Error in /get-running-csv: TypeError: Cannot read properties of undefined (reading 'SHPH_ShipmentCode')
    at /snapshot/Backend/app.js:977:40
    at processTicksAndRejections (node:internal/process/task_queues:96:5)
Error in /get-running-csv: TypeError: Cannot read properties of undefined (reading 'SHPH_ShipmentCode')
    at /snapshot/Backend/app.js:977:40
    at processTicksAndRejections (node:internal/process/task_queues:96:5)
Error in /get-running-csv: TypeError: Cannot read properties of undefined (reading 'SHPH_ShipmentCode')
    at /snapshot/Backend/app.js:977:40
    at processTicksAndRejections (node:internal/process/task_queues:96:5)
Error in /get-running-csv: TypeError: Cannot read properties of undefined (reading 'SHPH_ShipmentCode')
    at /snapshot/Backend/app.js:977:40
    at processTicksAndRejections (node:internal/process/task_queues:96:5)
Error in /get-running-csv: TypeError: Cannot read properties of undefined (reading 'SHPH_ShipmentCode')
    at /snapshot/Backend/app.js:977:40
    at processTicksAndRejections (node:internal/process/task_queues:96:5)
Error in /get-running-csv: TypeError: Cannot read properties of undefined (reading 'SHPH_ShipmentCode')
    at /snapshot/Backend/app.js:977:40
    at processTicksAndRejections (node:internal/process/task_queues:96:5)
Error in /get-running-csv: TypeError: Cannot read properties of undefined (reading 'SHPH_ShipmentCode')
    at /snapshot/Backend/app.js:977:40
    at processTicksAndRejections (node:internal/process/task_queues:96:5)
Error in /get-running-csv: TypeError: Cannot read properties of undefined (reading 'SHPH_ShipmentCode')
    at /snapshot/Backend/app.js:977:40
    at processTicksAndRejections (node:internal/process/task_queues:96:5)
Error in /get-running-csv: TypeError: Cannot read properties of undefined (reading 'SHPH_ShipmentCode')
    at /snapshot/Backend/app.js:977:40
    at processTicksAndRejections (node:internal/process/task_queues:96:5)
Error in /get-running-csv: TypeError: Cannot read properties of undefined (reading 'SHPH_ShipmentCode')
    at /snapshot/Backend/app.js:977:40
    at processTicksAndRejections (node:internal/process/task_queues:96:5)
Error in /get-running-csv: TypeError: Cannot read properties of undefined (reading 'SHPH_ShipmentCode')
    at /snapshot/Backend/app.js:977:40
    at processTicksAndRejections (node:internal/process/task_queues:96:5)
Error in /get-running-csv: TypeError: Cannot read properties of undefined (reading 'SHPH_ShipmentCode')
    at /snapshot/Backend/app.js:977:40
    at processTicksAndRejections (node:internal/process/task_queues:96:5)
Error in /get-running-csv: TypeError: Cannot read properties of undefined (reading 'SHPH_ShipmentCode')
    at /snapshot/Backend/app.js:977:40
    at processTicksAndRejections (node:internal/process/task_queues:96:5)
Error in /get-running-csv: TypeError: Cannot read properties of undefined (reading 'SHPH_ShipmentCode')
    at /snapshot/Backend/app.js:977:40
    at processTicksAndRejections (node:internal/process/task_queues:96:5)
Error in /get-running-csv: TypeError: Cannot read properties of undefined (reading 'SHPH_ShipmentCode')
    at /snapshot/Backend/app.js:977:40
    at processTicksAndRejections (node:internal/process/task_queues:96:5)
Error in /get-running-csv: TypeError: Cannot read properties of undefined (reading 'SHPH_ShipmentCode')
    at /snapshot/Backend/app.js:977:40
    at processTicksAndRejections (node:internal/process/task_queues:96:5)
Error in /get-running-csv: TypeError: Cannot read properties of undefined (reading 'SHPH_ShipmentCode')
    at /snapshot/Backend/app.js:977:40
    at processTicksAndRejections (node:internal/process/task_queues:96:5)
Error in /get-running-csv: TypeError: Cannot read properties of undefined (reading 'SHPH_ShipmentCode')
    at /snapshot/Backend/app.js:977:40
    at processTicksAndRejections (node:internal/process/task_queues:96:5)
Error in /get-running-csv: TypeError: Cannot read properties of undefined (reading 'SHPH_ShipmentCode')
    at /snapshot/Backend/app.js:977:40
    at processTicksAndRejections (node:internal/process/task_queues:96:5)
Error in /get-running-csv: TypeError: Cannot read properties of undefined (reading 'SHPH_ShipmentCode')
    at /snapshot/Backend/app.js:977:40
    at processTicksAndRejections (node:internal/process/task_queues:96:5)
Error in /get-running-csv: TypeError: Cannot read properties of undefined (reading 'SHPH_ShipmentCode')
    at /snapshot/Backend/app.js:977:40
    at processTicksAndRejections (node:internal/process/task_queues:96:5)
Error in /get-running-csv: TypeError: Cannot read properties of undefined (reading 'SHPH_ShipmentCode')
    at /snapshot/Backend/app.js:977:40
    at processTicksAndRejections (node:internal/process/task_queues:96:5)
Error in /get-running-csv: TypeError: Cannot read properties of undefined (reading 'SHPH_ShipmentCode')
    at /snapshot/Backend/app.js:977:40
    at processTicksAndRejections (node:internal/process/task_queues:96:5)
Error in /get-running-csv: TypeError: Cannot read properties of undefined (reading 'SHPH_ShipmentCode')
    at /snapshot/Backend/app.js:977:40
    at processTicksAndRejections (node:internal/process/task_queues:96:5)
Error in /get-running-csv: TypeError: Cannot read properties of undefined (reading 'SHPH_ShipmentCode')
    at /snapshot/Backend/app.js:977:40
    at processTicksAndRejections (node:internal/process/task_queues:96:5)
Error in /get-running-csv: TypeError: Cannot read properties of undefined (reading 'SHPH_ShipmentCode')
    at /snapshot/Backend/app.js:977:40
    at processTicksAndRejections (node:internal/process/task_queues:96:5)
Error in /get-running-csv: TypeError: Cannot read properties of undefined (reading 'SHPH_ShipmentCode')
    at /snapshot/Backend/app.js:977:40
    at processTicksAndRejections (node:internal/process/task_queues:96:5)
Error in /get-running-csv: TypeError: Cannot read properties of undefined (reading 'SHPH_ShipmentCode')
    at /snapshot/Backend/app.js:977:40
    at processTicksAndRejections (node:internal/process/task_queues:96:5)
Error in /get-running-csv: TypeError: Cannot read properties of undefined (reading 'SHPH_ShipmentCode')
    at /snapshot/Backend/app.js:977:40
    at processTicksAndRejections (node:internal/process/task_queues:96:5)
Error in /get-running-csv: TypeError: Cannot read properties of undefined (reading 'SHPH_ShipmentCode')
    at /snapshot/Backend/app.js:977:40
    at processTicksAndRejections (node:internal/process/task_queues:96:5)
Error in /get-running-csv: TypeError: Cannot read properties of undefined (reading 'SHPH_ShipmentCode')
    at /snapshot/Backend/app.js:977:40
    at processTicksAndRejections (node:internal/process/task_queues:96:5)
Error in /get-running-csv: TypeError: Cannot read properties of undefined (reading 'SHPH_ShipmentCode')
    at /snapshot/Backend/app.js:977:40
    at processTicksAndRejections (node:internal/process/task_queues:96:5)
Error in /get-running-csv: TypeError: Cannot read properties of undefined (reading 'SHPH_ShipmentCode')
    at /snapshot/Backend/app.js:977:40
    at processTicksAndRejections (node:internal/process/task_queues:96:5)
Error in /get-running-csv: TypeError: Cannot read properties of undefined (reading 'SHPH_ShipmentCode')
    at /snapshot/Backend/app.js:977:40
    at processTicksAndRejections (node:internal/process/task_queues:96:5)
Error in /get-running-csv: TypeError: Cannot read properties of undefined (reading 'SHPH_ShipmentCode')
    at /snapshot/Backend/app.js:977:40
    at processTicksAndRejections (node:internal/process/task_queues:96:5)
Error in /get-running-csv: TypeError: Cannot read properties of undefined (reading 'SHPH_ShipmentCode')
    at /snapshot/Backend/app.js:977:40
    at processTicksAndRejections (node:internal/process/task_queues:96:5)
Error in /get-running-csv: TypeError: Cannot read properties of undefined (reading 'SHPH_ShipmentCode')
    at /snapshot/Backend/app.js:977:40
    at processTicksAndRejections (node:internal/process/task_queues:96:5)
Error in /get-running-csv: TypeError: Cannot read properties of undefined (reading 'SHPH_ShipmentCode')
    at /snapshot/Backend/app.js:977:40
    at processTicksAndRejections (node:internal/process/task_queues:96:5)
Error in /get-running-csv: TypeError: Cannot read properties of undefined (reading 'SHPH_ShipmentCode')
    at /snapshot/Backend/app.js:977:40
    at processTicksAndRejections (node:internal/process/task_queues:96:5)
Error in /get-running-csv: TypeError: Cannot read properties of undefined (reading 'SHPH_ShipmentCode')
    at /snapshot/Backend/app.js:977:40
    at processTicksAndRejections (node:internal/process/task_queues:96:5)
Error in /get-running-csv: TypeError: Cannot read properties of undefined (reading 'SHPH_ShipmentCode')
    at /snapshot/Backend/app.js:977:40
    at processTicksAndRejections (node:internal/process/task_queues:96:5)
Error in /get-running-csv: TypeError: Cannot read properties of undefined (reading 'SHPH_ShipmentCode')
    at /snapshot/Backend/app.js:977:40
    at processTicksAndRejections (node:internal/process/task_queues:96:5)
Error in /get-running-csv: TypeError: Cannot read properties of undefined (reading 'SHPH_ShipmentCode')
    at /snapshot/Backend/app.js:977:40
    at processTicksAndRejections (node:internal/process/task_queues:96:5)
Error in /get-running-csv: TypeError: Cannot read properties of undefined (reading 'SHPH_ShipmentCode')
    at /snapshot/Backend/app.js:977:40
    at processTicksAndRejections (node:internal/process/task_queues:96:5)
Error in /get-running-csv: TypeError: Cannot read properties of undefined (reading 'SHPH_ShipmentCode')
    at /snapshot/Backend/app.js:977:40
    at processTicksAndRejections (node:internal/process/task_queues:96:5)
Error in /get-running-csv: TypeError: Cannot read properties of undefined (reading 'SHPH_ShipmentCode')
    at /snapshot/Backend/app.js:977:40
    at processTicksAndRejections (node:internal/process/task_queues:96:5)
Error in /get-running-csv: TypeError: Cannot read properties of undefined (reading 'SHPH_ShipmentCode')
    at /snapshot/Backend/app.js:977:40
    at processTicksAndRejections (node:internal/process/task_queues:96:5)
Error in /get-running-csv: TypeError: Cannot read properties of undefined (reading 'SHPH_ShipmentCode')
    at /snapshot/Backend/app.js:977:40
    at processTicksAndRejections (node:internal/process/task_queues:96:5)
Error in /get-running-csv: TypeError: Cannot read properties of undefined (reading 'SHPH_ShipmentCode')
    at /snapshot/Backend/app.js:977:40
    at processTicksAndRejections (node:internal/process/task_queues:96:5)
Error in /get-running-csv: TypeError: Cannot read properties of undefined (reading 'SHPH_ShipmentCode')
    at /snapshot/Backend/app.js:977:40
    at processTicksAndRejections (node:internal/process/task_queues:96:5)
Error in /get-running-csv: TypeError: Cannot read properties of undefined (reading 'SHPH_ShipmentCode')
    at /snapshot/Backend/app.js:977:40
    at processTicksAndRejections (node:internal/process/task_queues:96:5)
Error in /get-running-csv: TypeError: Cannot read properties of undefined (reading 'SHPH_ShipmentCode')
    at /snapshot/Backend/app.js:977:40
    at processTicksAndRejections (node:internal/process/task_queues:96:5)
Error in /get-running-csv: TypeError: Cannot read properties of undefined (reading 'SHPH_ShipmentCode')
    at /snapshot/Backend/app.js:977:40
    at processTicksAndRejections (node:internal/process/task_queues:96:5)
Error in /get-running-csv: TypeError: Cannot read properties of undefined (reading 'SHPH_ShipmentCode')
    at /snapshot/Backend/app.js:977:40
    at processTicksAndRejections (node:internal/process/task_queues:96:5)
Error in /get-running-csv: TypeError: Cannot read properties of undefined (reading 'SHPH_ShipmentCode')
    at /snapshot/Backend/app.js:977:40
    at processTicksAndRejections (node:internal/process/task_queues:96:5)
Error in /get-running-csv: TypeError: Cannot read properties of undefined (reading 'SHPH_ShipmentCode')
    at /snapshot/Backend/app.js:977:40
    at processTicksAndRejections (node:internal/process/task_queues:96:5)
Error in /get-running-csv: TypeError: Cannot read properties of undefined (reading 'SHPH_ShipmentCode')
    at /snapshot/Backend/app.js:977:40
    at processTicksAndRejections (node:internal/process/task_queues:96:5)
Error in /get-running-csv: TypeError: Cannot read properties of undefined (reading 'SHPH_ShipmentCode')
    at /snapshot/Backend/app.js:977:40
    at processTicksAndRejections (node:internal/process/task_queues:96:5)
Error in /get-running-csv: TypeError: Cannot read properties of undefined (reading 'SHPH_ShipmentCode')
    at /snapshot/Backend/app.js:977:40
    at processTicksAndRejections (node:internal/process/task_queues:96:5)
Error in /get-running-csv: TypeError: Cannot read properties of undefined (reading 'SHPH_ShipmentCode')
    at /snapshot/Backend/app.js:977:40
    at processTicksAndRejections (node:internal/process/task_queues:96:5)
Error in /get-running-csv: TypeError: Cannot read properties of undefined (reading 'SHPH_ShipmentCode')
    at /snapshot/Backend/app.js:977:40
    at processTicksAndRejections (node:internal/process/task_queues:96:5)
Error in /get-running-csv: TypeError: Cannot read properties of undefined (reading 'SHPH_ShipmentCode')
    at /snapshot/Backend/app.js:977:40
    at processTicksAndRejections (node:internal/process/task_queues:96:5)
Error in /get-running-csv: TypeError: Cannot read properties of undefined (reading 'SHPH_ShipmentCode')
    at /snapshot/Backend/app.js:977:40
    at processTicksAndRejections (node:internal/process/task_queues:96:5)
Error in /get-running-csv: TypeError: Cannot read properties of undefined (reading 'SHPH_ShipmentCode')
    at /snapshot/Backend/app.js:977:40
    at processTicksAndRejections (node:internal/process/task_queues:96:5)
Error in /get-running-csv: TypeError: Cannot read properties of undefined (reading 'SHPH_ShipmentCode')
    at /snapshot/Backend/app.js:977:40
    at processTicksAndRejections (node:internal/process/task_queues:96:5)
Error in /get-running-csv: TypeError: Cannot read properties of undefined (reading 'SHPH_ShipmentCode')
    at /snapshot/Backend/app.js:977:40
    at processTicksAndRejections (node:internal/process/task_queues:96:5)
Error in /get-running-csv: TypeError: Cannot read properties of undefined (reading 'SHPH_ShipmentCode')
    at /snapshot/Backend/app.js:977:40
    at processTicksAndRejections (node:internal/process/task_queues:96:5)
Error in /get-running-csv: TypeError: Cannot read properties of undefined (reading 'SHPH_ShipmentCode')
    at /snapshot/Backend/app.js:977:40
    at processTicksAndRejections (node:internal/process/task_queues:96:5)
Error in /get-running-csv: TypeError: Cannot read properties of undefined (reading 'SHPH_ShipmentCode')
    at /snapshot/Backend/app.js:977:40
    at processTicksAndRejections (node:internal/process/task_queues:96:5)
Error in /get-running-csv: TypeError: Cannot read properties of undefined (reading 'SHPH_ShipmentCode')
    at /snapshot/Backend/app.js:977:40
    at processTicksAndRejections (node:internal/process/task_queues:96:5)
Error in /get-running-csv: TypeError: Cannot read properties of undefined (reading 'SHPH_ShipmentCode')
    at /snapshot/Backend/app.js:977:40
    at processTicksAndRejections (node:internal/process/task_queues:96:5)
Error in /get-running-csv: TypeError: Cannot read properties of undefined (reading 'SHPH_ShipmentCode')
    at /snapshot/Backend/app.js:977:40
    at processTicksAndRejections (node:internal/process/task_queues:96:5)
Error in /get-running-csv: TypeError: Cannot read properties of undefined (reading 'SHPH_ShipmentCode')
    at /snapshot/Backend/app.js:977:40
    at processTicksAndRejections (node:internal/process/task_queues:96:5)
Error in /get-running-csv: TypeError: Cannot read properties of undefined (reading 'SHPH_ShipmentCode')
    at /snapshot/Backend/app.js:977:40
    at processTicksAndRejections (node:internal/process/task_queues:96:5)
Error in /get-running-csv: TypeError: Cannot read properties of undefined (reading 'SHPH_ShipmentCode')
    at /snapshot/Backend/app.js:977:40
    at processTicksAndRejections (node:internal/process/task_queues:96:5)
Error in /get-running-csv: TypeError: Cannot read properties of undefined (reading 'SHPH_ShipmentCode')
    at /snapshot/Backend/app.js:977:40
    at runMicrotasks (<anonymous>)
    at processTicksAndRejections (node:internal/process/task_queues:96:5)
Error in /get-running-csv: TypeError: Cannot read properties of undefined (reading 'SHPH_ShipmentCode')
    at /snapshot/Backend/app.js:977:40
    at runMicrotasks (<anonymous>)
    at processTicksAndRejections (node:internal/process/task_queues:96:5)
Error in /get-running-csv: TypeError: Cannot read properties of undefined (reading 'SHPH_ShipmentCode')
    at /snapshot/Backend/app.js:977:40
    at runMicrotasks (<anonymous>)
    at processTicksAndRejections (node:internal/process/task_queues:96:5)
Error in /get-running-csv: TypeError: Cannot read properties of undefined (reading 'SHPH_ShipmentCode')
    at /snapshot/Backend/app.js:977:40
    at runMicrotasks (<anonymous>)
    at processTicksAndRejections (node:internal/process/task_queues:96:5)
Error in /get-running-csv: TypeError: Cannot read properties of undefined (reading 'SHPH_ShipmentCode')
    at /snapshot/Backend/app.js:977:40
    at runMicrotasks (<anonymous>)
    at processTicksAndRejections (node:internal/process/task_queues:96:5)
Error in /get-running-csv: TypeError: Cannot read properties of undefined (reading 'SHPH_ShipmentCode')
    at /snapshot/Backend/app.js:977:40
    at runMicrotasks (<anonymous>)
    at processTicksAndRejections (node:internal/process/task_queues:96:5)
Error in /get-running-csv: TypeError: Cannot read properties of undefined (reading 'SHPH_ShipmentCode')
    at /snapshot/Backend/app.js:977:40
    at runMicrotasks (<anonymous>)
    at processTicksAndRejections (node:internal/process/task_queues:96:5)
Error in /get-running-csv: TypeError: Cannot read properties of undefined (reading 'SHPH_ShipmentCode')
    at /snapshot/Backend/app.js:977:40
    at runMicrotasks (<anonymous>)
    at processTicksAndRejections (node:internal/process/task_queues:96:5)
Error in /get-running-csv: TypeError: Cannot read properties of undefined (reading 'SHPH_ShipmentCode')
    at /snapshot/Backend/app.js:977:40
    at runMicrotasks (<anonymous>)
    at processTicksAndRejections (node:internal/process/task_queues:96:5)
Error in /get-running-csv: TypeError: Cannot read properties of undefined (reading 'SHPH_ShipmentCode')
    at /snapshot/Backend/app.js:977:40
    at runMicrotasks (<anonymous>)
    at processTicksAndRejections (node:internal/process/task_queues:96:5)
Error in /get-running-csv: TypeError: Cannot read properties of undefined (reading 'SHPH_ShipmentCode')
    at /snapshot/Backend/app.js:977:40
    at runMicrotasks (<anonymous>)
    at processTicksAndRejections (node:internal/process/task_queues:96:5)
Error in /get-running-csv: TypeError: Cannot read properties of undefined (reading 'SHPH_ShipmentCode')
    at /snapshot/Backend/app.js:977:40
    at runMicrotasks (<anonymous>)
    at processTicksAndRejections (node:internal/process/task_queues:96:5)
Error in /get-running-csv: TypeError: Cannot read properties of undefined (reading 'SHPH_ShipmentCode')
    at /snapshot/Backend/app.js:977:40
    at runMicrotasks (<anonymous>)
    at processTicksAndRejections (node:internal/process/task_queues:96:5)
Error in /get-running-csv: TypeError: Cannot read properties of undefined (reading 'SHPH_ShipmentCode')
    at /snapshot/Backend/app.js:977:40
    at runMicrotasks (<anonymous>)
    at processTicksAndRejections (node:internal/process/task_queues:96:5)
Error in /get-running-csv: TypeError: Cannot read properties of undefined (reading 'SHPH_ShipmentCode')
    at /snapshot/Backend/app.js:977:40
    at runMicrotasks (<anonymous>)
    at processTicksAndRejections (node:internal/process/task_queues:96:5)
Error in /get-running-csv: TypeError: Cannot read properties of undefined (reading 'SHPH_ShipmentCode')
    at /snapshot/Backend/app.js:977:40
    at runMicrotasks (<anonymous>)
    at processTicksAndRejections (node:internal/process/task_queues:96:5)
Error in /get-running-csv: TypeError: Cannot read properties of undefined (reading 'SHPH_ShipmentCode')
    at /snapshot/Backend/app.js:977:40
    at runMicrotasks (<anonymous>)
    at processTicksAndRejections (node:internal/process/task_queues:96:5)
Error in /get-running-csv: TypeError: Cannot read properties of undefined (reading 'SHPH_ShipmentCode')
    at /snapshot/Backend/app.js:977:40
    at runMicrotasks (<anonymous>)
    at processTicksAndRejections (node:internal/process/task_queues:96:5)
Error in /get-running-csv: TypeError: Cannot read properties of undefined (reading 'SHPH_ShipmentCode')
    at /snapshot/Backend/app.js:977:40
    at runMicrotasks (<anonymous>)
    at processTicksAndRejections (node:internal/process/task_queues:96:5)
Error in /get-running-csv: TypeError: Cannot read properties of undefined (reading 'SHPH_ShipmentCode')
    at /snapshot/Backend/app.js:977:40
    at runMicrotasks (<anonymous>)
    at processTicksAndRejections (node:internal/process/task_queues:96:5)
Error in /get-running-csv: TypeError: Cannot read properties of undefined (reading 'SHPH_ShipmentCode')
    at /snapshot/Backend/app.js:977:40
    at runMicrotasks (<anonymous>)
    at processTicksAndRejections (node:internal/process/task_queues:96:5)
Error in /get-running-csv: TypeError: Cannot read properties of undefined (reading 'SHPH_ShipmentCode')
    at /snapshot/Backend/app.js:977:40
    at runMicrotasks (<anonymous>)
    at processTicksAndRejections (node:internal/process/task_queues:96:5)
Error in /get-running-csv: TypeError: Cannot read properties of undefined (reading 'SHPH_ShipmentCode')
    at /snapshot/Backend/app.js:977:40
    at runMicrotasks (<anonymous>)
    at processTicksAndRejections (node:internal/process/task_queues:96:5)
Error in /get-running-csv: TypeError: Cannot read properties of undefined (reading 'SHPH_ShipmentCode')
    at /snapshot/Backend/app.js:977:40
    at runMicrotasks (<anonymous>)
    at processTicksAndRejections (node:internal/process/task_queues:96:5)
Error in /get-running-csv: TypeError: Cannot read properties of undefined (reading 'SHPH_ShipmentCode')
    at /snapshot/Backend/app.js:977:40
    at runMicrotasks (<anonymous>)
    at processTicksAndRejections (node:internal/process/task_queues:96:5)
Error in /get-running-csv: TypeError: Cannot read properties of undefined (reading 'SHPH_ShipmentCode')
    at /snapshot/Backend/app.js:977:40
    at runMicrotasks (<anonymous>)
    at processTicksAndRejections (node:internal/process/task_queues:96:5)
Error in /get-running-csv: TypeError: Cannot read properties of undefined (reading 'SHPH_ShipmentCode')
    at /snapshot/Backend/app.js:977:40
    at runMicrotasks (<anonymous>)
    at processTicksAndRejections (node:internal/process/task_queues:96:5)
Error in /get-running-csv: TypeError: Cannot read properties of undefined (reading 'SHPH_ShipmentCode')
    at /snapshot/Backend/app.js:977:40
    at runMicrotasks (<anonymous>)
    at processTicksAndRejections (node:internal/process/task_queues:96:5)
Error in /get-running-csv: TypeError: Cannot read properties of undefined (reading 'SHPH_ShipmentCode')
    at /snapshot/Backend/app.js:977:40
    at runMicrotasks (<anonymous>)
    at processTicksAndRejections (node:internal/process/task_queues:96:5)
Error in /get-running-csv: TypeError: Cannot read properties of undefined (reading 'SHPH_ShipmentCode')
    at /snapshot/Backend/app.js:977:40
    at runMicrotasks (<anonymous>)
    at processTicksAndRejections (node:internal/process/task_queues:96:5)
Error in /get-running-csv: TypeError: Cannot read properties of undefined (reading 'SHPH_ShipmentCode')
    at /snapshot/Backend/app.js:977:40
    at runMicrotasks (<anonymous>)
    at processTicksAndRejections (node:internal/process/task_queues:96:5)
Error in /get-running-csv: TypeError: Cannot read properties of undefined (reading 'SHPH_ShipmentCode')
    at /snapshot/Backend/app.js:977:40
    at runMicrotasks (<anonymous>)
    at processTicksAndRejections (node:internal/process/task_queues:96:5)
Error in /get-running-csv: TypeError: Cannot read properties of undefined (reading 'SHPH_ShipmentCode')
    at /snapshot/Backend/app.js:977:40
    at runMicrotasks (<anonymous>)
    at processTicksAndRejections (node:internal/process/task_queues:96:5)
Error in /get-running-csv: TypeError: Cannot read properties of undefined (reading 'SHPH_ShipmentCode')
    at /snapshot/Backend/app.js:977:40
    at runMicrotasks (<anonymous>)
    at processTicksAndRejections (node:internal/process/task_queues:96:5)
Error in /get-running-csv: TypeError: Cannot read properties of undefined (reading 'SHPH_ShipmentCode')
    at /snapshot/Backend/app.js:977:40
    at runMicrotasks (<anonymous>)
    at processTicksAndRejections (node:internal/process/task_queues:96:5)
Error in /get-running-csv: TypeError: Cannot read properties of undefined (reading 'SHPH_ShipmentCode')
    at /snapshot/Backend/app.js:977:40
    at runMicrotasks (<anonymous>)
    at processTicksAndRejections (node:internal/process/task_queues:96:5)
Error in /get-running-csv: TypeError: Cannot read properties of undefined (reading 'SHPH_ShipmentCode')
    at /snapshot/Backend/app.js:977:40
    at runMicrotasks (<anonymous>)
    at processTicksAndRejections (node:internal/process/task_queues:96:5)
Error in /get-running-csv: TypeError: Cannot read properties of undefined (reading 'SHPH_ShipmentCode')
    at /snapshot/Backend/app.js:977:40
    at runMicrotasks (<anonymous>)
    at processTicksAndRejections (node:internal/process/task_queues:96:5)
Error in /get-running-csv: TypeError: Cannot read properties of undefined (reading 'SHPH_ShipmentCode')
    at /snapshot/Backend/app.js:977:40
    at runMicrotasks (<anonymous>)
    at processTicksAndRejections (node:internal/process/task_queues:96:5)
Error in /get-running-csv: TypeError: Cannot read properties of undefined (reading 'SHPH_ShipmentCode')
    at /snapshot/Backend/app.js:977:40
    at runMicrotasks (<anonymous>)
    at processTicksAndRejections (node:internal/process/task_queues:96:5)
Error in /get-running-csv: TypeError: Cannot read properties of undefined (reading 'SHPH_ShipmentCode')
    at /snapshot/Backend/app.js:977:40
    at runMicrotasks (<anonymous>)
    at processTicksAndRejections (node:internal/process/task_queues:96:5)
Error in /get-running-csv: TypeError: Cannot read properties of undefined (reading 'SHPH_ShipmentCode')
    at /snapshot/Backend/app.js:977:40
    at runMicrotasks (<anonymous>)
    at processTicksAndRejections (node:internal/process/task_queues:96:5)
Error in /get-running-csv: TypeError: Cannot read properties of undefined (reading 'SHPH_ShipmentCode')
    at /snapshot/Backend/app.js:977:40
    at runMicrotasks (<anonymous>)
    at processTicksAndRejections (node:internal/process/task_queues:96:5)
Error in /get-running-csv: TypeError: Cannot read properties of undefined (reading 'SHPH_ShipmentCode')
    at /snapshot/Backend/app.js:977:40
    at runMicrotasks (<anonymous>)
    at processTicksAndRejections (node:internal/process/task_queues:96:5)
Error in /get-running-csv: TypeError: Cannot read properties of undefined (reading 'SHPH_ShipmentCode')
    at /snapshot/Backend/app.js:977:40
    at runMicrotasks (<anonymous>)
    at processTicksAndRejections (node:internal/process/task_queues:96:5)
Error in /get-running-csv: TypeError: Cannot read properties of undefined (reading 'SHPH_ShipmentCode')
    at /snapshot/Backend/app.js:977:40
    at runMicrotasks (<anonymous>)
    at processTicksAndRejections (node:internal/process/task_queues:96:5)
Error in /get-running-csv: TypeError: Cannot read properties of undefined (reading 'SHPH_ShipmentCode')
    at /snapshot/Backend/app.js:977:40
    at runMicrotasks (<anonymous>)
    at processTicksAndRejections (node:internal/process/task_queues:96:5)
Error in /get-running-csv: TypeError: Cannot read properties of undefined (reading 'SHPH_ShipmentCode')
    at /snapshot/Backend/app.js:977:40
    at runMicrotasks (<anonymous>)
    at processTicksAndRejections (node:internal/process/task_queues:96:5)
Error in /get-running-csv: TypeError: Cannot read properties of undefined (reading 'SHPH_ShipmentCode')
    at /snapshot/Backend/app.js:977:40
    at runMicrotasks (<anonymous>)
    at processTicksAndRejections (node:internal/process/task_queues:96:5)
Error in /get-running-csv: TypeError: Cannot read properties of undefined (reading 'SHPH_ShipmentCode')
    at /snapshot/Backend/app.js:977:40
    at runMicrotasks (<anonymous>)
    at processTicksAndRejections (node:internal/process/task_queues:96:5)
Error in /get-running-csv: TypeError: Cannot read properties of undefined (reading 'SHPH_ShipmentCode')
    at /snapshot/Backend/app.js:977:40
    at runMicrotasks (<anonymous>)
    at processTicksAndRejections (node:internal/process/task_queues:96:5)
Error in /get-running-csv: TypeError: Cannot read properties of undefined (reading 'SHPH_ShipmentCode')
    at /snapshot/Backend/app.js:977:40
    at runMicrotasks (<anonymous>)
    at processTicksAndRejections (node:internal/process/task_queues:96:5)
Error in /get-running-csv: TypeError: Cannot read properties of undefined (reading 'SHPH_ShipmentCode')
    at /snapshot/Backend/app.js:977:40
    at runMicrotasks (<anonymous>)
    at processTicksAndRejections (node:internal/process/task_queues:96:5)
Error in /get-running-csv: TypeError: Cannot read properties of undefined (reading 'SHPH_ShipmentCode')
    at /snapshot/Backend/app.js:977:40
    at runMicrotasks (<anonymous>)
    at processTicksAndRejections (node:internal/process/task_queues:96:5)
Error in /get-running-csv: TypeError: Cannot read properties of undefined (reading 'SHPH_ShipmentCode')
    at /snapshot/Backend/app.js:977:40
    at runMicrotasks (<anonymous>)
    at processTicksAndRejections (node:internal/process/task_queues:96:5)
Error in /get-running-csv: TypeError: Cannot read properties of undefined (reading 'SHPH_ShipmentCode')
    at /snapshot/Backend/app.js:977:40
    at runMicrotasks (<anonymous>)
    at processTicksAndRejections (node:internal/process/task_queues:96:5)
Error in /get-running-csv: TypeError: Cannot read properties of undefined (reading 'SHPH_ShipmentCode')
    at /snapshot/Backend/app.js:977:40
    at runMicrotasks (<anonymous>)
    at processTicksAndRejections (node:internal/process/task_queues:96:5)
Error in /get-running-csv: TypeError: Cannot read properties of undefined (reading 'SHPH_ShipmentCode')
    at /snapshot/Backend/app.js:977:40
    at runMicrotasks (<anonymous>)
    at processTicksAndRejections (node:internal/process/task_queues:96:5)
Error in /get-running-csv: TypeError: Cannot read properties of undefined (reading 'SHPH_ShipmentCode')
    at /snapshot/Backend/app.js:977:40
    at runMicrotasks (<anonymous>)
    at processTicksAndRejections (node:internal/process/task_queues:96:5)
Error in /get-running-csv: TypeError: Cannot read properties of undefined (reading 'SHPH_ShipmentCode')
    at /snapshot/Backend/app.js:977:40
    at runMicrotasks (<anonymous>)
    at processTicksAndRejections (node:internal/process/task_queues:96:5)
Error in /get-running-csv: TypeError: Cannot read properties of undefined (reading 'SHPH_ShipmentCode')
    at /snapshot/Backend/app.js:977:40
    at runMicrotasks (<anonymous>)
    at processTicksAndRejections (node:internal/process/task_queues:96:5)
Error in /get-running-csv: TypeError: Cannot read properties of undefined (reading 'SHPH_ShipmentCode')
    at /snapshot/Backend/app.js:977:40
    at runMicrotasks (<anonymous>)
    at processTicksAndRejections (node:internal/process/task_queues:96:5)
Error in /get-running-csv: TypeError: Cannot read properties of undefined (reading 'SHPH_ShipmentCode')
    at /snapshot/Backend/app.js:977:40
    at runMicrotasks (<anonymous>)
    at processTicksAndRejections (node:internal/process/task_queues:96:5)
Error in /get-running-csv: TypeError: Cannot read properties of undefined (reading 'SHPH_ShipmentCode')
    at /snapshot/Backend/app.js:977:40
    at runMicrotasks (<anonymous>)
    at processTicksAndRejections (node:internal/process/task_queues:96:5)
Error in /get-running-csv: TypeError: Cannot read properties of undefined (reading 'SHPH_ShipmentCode')
    at /snapshot/Backend/app.js:977:40
    at runMicrotasks (<anonymous>)
    at processTicksAndRejections (node:internal/process/task_queues:96:5)
Error in /get-running-csv: TypeError: Cannot read properties of undefined (reading 'SHPH_ShipmentCode')
    at /snapshot/Backend/app.js:977:40
    at runMicrotasks (<anonymous>)
    at processTicksAndRejections (node:internal/process/task_queues:96:5)
Error in /get-running-csv: TypeError: Cannot read properties of undefined (reading 'SHPH_ShipmentCode')
    at /snapshot/Backend/app.js:977:40
    at runMicrotasks (<anonymous>)
    at processTicksAndRejections (node:internal/process/task_queues:96:5)
Error in /get-running-csv: TypeError: Cannot read properties of undefined (reading 'SHPH_ShipmentCode')
    at /snapshot/Backend/app.js:977:40
    at runMicrotasks (<anonymous>)
    at processTicksAndRejections (node:internal/process/task_queues:96:5)
Error in /get-running-csv: TypeError: Cannot read properties of undefined (reading 'SHPH_ShipmentCode')
    at /snapshot/Backend/app.js:977:40
    at runMicrotasks (<anonymous>)
    at processTicksAndRejections (node:internal/process/task_queues:96:5)
Error in /get-running-csv: TypeError: Cannot read properties of undefined (reading 'SHPH_ShipmentCode')
    at /snapshot/Backend/app.js:977:40
    at runMicrotasks (<anonymous>)
    at processTicksAndRejections (node:internal/process/task_queues:96:5)
Error in /get-running-csv: TypeError: Cannot read properties of undefined (reading 'SHPH_ShipmentCode')
    at /snapshot/Backend/app.js:977:40
    at runMicrotasks (<anonymous>)
    at processTicksAndRejections (node:internal/process/task_queues:96:5)
Error in /get-running-csv: TypeError: Cannot read properties of undefined (reading 'SHPH_ShipmentCode')
    at /snapshot/Backend/app.js:977:40
    at runMicrotasks (<anonymous>)
    at processTicksAndRejections (node:internal/process/task_queues:96:5)
Error in /get-running-csv: TypeError: Cannot read properties of undefined (reading 'SHPH_ShipmentCode')
    at /snapshot/Backend/app.js:977:40
    at runMicrotasks (<anonymous>)
    at processTicksAndRejections (node:internal/process/task_queues:96:5)
Error in /get-running-csv: TypeError: Cannot read properties of undefined (reading 'SHPH_ShipmentCode')
    at /snapshot/Backend/app.js:977:40
    at runMicrotasks (<anonymous>)
    at processTicksAndRejections (node:internal/process/task_queues:96:5)
Error in /get-running-csv: TypeError: Cannot read properties of undefined (reading 'SHPH_ShipmentCode')
    at /snapshot/Backend/app.js:977:40
    at runMicrotasks (<anonymous>)
    at processTicksAndRejections (node:internal/process/task_queues:96:5)
Error in /get-running-csv: TypeError: Cannot read properties of undefined (reading 'SHPH_ShipmentCode')
    at /snapshot/Backend/app.js:977:40
    at runMicrotasks (<anonymous>)
    at processTicksAndRejections (node:internal/process/task_queues:96:5)
Error in /get-running-csv: TypeError: Cannot read properties of undefined (reading 'SHPH_ShipmentCode')
    at /snapshot/Backend/app.js:977:40
    at runMicrotasks (<anonymous>)
    at processTicksAndRejections (node:internal/process/task_queues:96:5)
Error in /get-running-csv: TypeError: Cannot read properties of undefined (reading 'SHPH_ShipmentCode')
    at /snapshot/Backend/app.js:977:40
    at runMicrotasks (<anonymous>)
    at processTicksAndRejections (node:internal/process/task_queues:96:5)
Error in /get-running-csv: TypeError: Cannot read properties of undefined (reading 'SHPH_ShipmentCode')
    at /snapshot/Backend/app.js:977:40
    at runMicrotasks (<anonymous>)
    at processTicksAndRejections (node:internal/process/task_queues:96:5)
Error in /get-running-csv: TypeError: Cannot read properties of undefined (reading 'SHPH_ShipmentCode')
    at /snapshot/Backend/app.js:977:40
    at runMicrotasks (<anonymous>)
    at processTicksAndRejections (node:internal/process/task_queues:96:5)
Error in /get-running-csv: TypeError: Cannot read properties of undefined (reading 'SHPH_ShipmentCode')
    at /snapshot/Backend/app.js:977:40
    at runMicrotasks (<anonymous>)
    at processTicksAndRejections (node:internal/process/task_queues:96:5)
Error in /get-running-csv: TypeError: Cannot read properties of undefined (reading 'SHPH_ShipmentCode')
    at /snapshot/Backend/app.js:977:40
    at runMicrotasks (<anonymous>)
    at processTicksAndRejections (node:internal/process/task_queues:96:5)
Error in /get-running-csv: TypeError: Cannot read properties of undefined (reading 'SHPH_ShipmentCode')
    at /snapshot/Backend/app.js:977:40
    at runMicrotasks (<anonymous>)
    at processTicksAndRejections (node:internal/process/task_queues:96:5)
Error in /get-running-csv: TypeError: Cannot read properties of undefined (reading 'SHPH_ShipmentCode')
    at /snapshot/Backend/app.js:977:40
    at runMicrotasks (<anonymous>)
    at processTicksAndRejections (node:internal/process/task_queues:96:5)
Error in /get-running-csv: TypeError: Cannot read properties of undefined (reading 'SHPH_ShipmentCode')
    at /snapshot/Backend/app.js:977:40
    at runMicrotasks (<anonymous>)
    at processTicksAndRejections (node:internal/process/task_queues:96:5)
Error in /get-running-csv: TypeError: Cannot read properties of undefined (reading 'SHPH_ShipmentCode')
    at /snapshot/Backend/app.js:977:40
    at runMicrotasks (<anonymous>)
    at processTicksAndRejections (node:internal/process/task_queues:96:5)
Error in /get-running-csv: TypeError: Cannot read properties of undefined (reading 'SHPH_ShipmentCode')
    at /snapshot/Backend/app.js:977:40
    at runMicrotasks (<anonymous>)
    at processTicksAndRejections (node:internal/process/task_queues:96:5)
Error in /get-running-csv: TypeError: Cannot read properties of undefined (reading 'SHPH_ShipmentCode')
    at /snapshot/Backend/app.js:977:40
    at runMicrotasks (<anonymous>)
    at processTicksAndRejections (node:internal/process/task_queues:96:5)
Error in /get-running-csv: TypeError: Cannot read properties of undefined (reading 'SHPH_ShipmentCode')
    at /snapshot/Backend/app.js:977:40
    at runMicrotasks (<anonymous>)
    at processTicksAndRejections (node:internal/process/task_queues:96:5)
Error in /get-running-csv: TypeError: Cannot read properties of undefined (reading 'SHPH_ShipmentCode')
    at /snapshot/Backend/app.js:977:40
    at runMicrotasks (<anonymous>)
    at processTicksAndRejections (node:internal/process/task_queues:96:5)
Error in /get-running-csv: TypeError: Cannot read properties of undefined (reading 'SHPH_ShipmentCode')
    at /snapshot/Backend/app.js:977:40
    at runMicrotasks (<anonymous>)
    at processTicksAndRejections (node:internal/process/task_queues:96:5)
Error in /get-running-csv: TypeError: Cannot read properties of undefined (reading 'SHPH_ShipmentCode')
    at /snapshot/Backend/app.js:977:40
    at runMicrotasks (<anonymous>)
    at processTicksAndRejections (node:internal/process/task_queues:96:5)
Error in /get-running-csv: TypeError: Cannot read properties of undefined (reading 'SHPH_ShipmentCode')
    at /snapshot/Backend/app.js:977:40
    at runMicrotasks (<anonymous>)
    at processTicksAndRejections (node:internal/process/task_queues:96:5)
Error in /get-running-csv: TypeError: Cannot read properties of undefined (reading 'SHPH_ShipmentCode')
    at /snapshot/Backend/app.js:977:40
    at runMicrotasks (<anonymous>)
    at processTicksAndRejections (node:internal/process/task_queues:96:5)
Error in /get-running-csv: TypeError: Cannot read properties of undefined (reading 'SHPH_ShipmentCode')
    at /snapshot/Backend/app.js:977:40
    at runMicrotasks (<anonymous>)
    at processTicksAndRejections (node:internal/process/task_queues:96:5)
Error in /get-running-csv: TypeError: Cannot read properties of undefined (reading 'SHPH_ShipmentCode')
    at /snapshot/Backend/app.js:977:40
    at runMicrotasks (<anonymous>)
    at processTicksAndRejections (node:internal/process/task_queues:96:5)
Error in /get-running-csv: TypeError: Cannot read properties of undefined (reading 'SHPH_ShipmentCode')
    at /snapshot/Backend/app.js:977:40
    at runMicrotasks (<anonymous>)
    at processTicksAndRejections (node:internal/process/task_queues:96:5)
Error in /get-running-csv: TypeError: Cannot read properties of undefined (reading 'SHPH_ShipmentCode')
    at /snapshot/Backend/app.js:977:40
    at runMicrotasks (<anonymous>)
    at processTicksAndRejections (node:internal/process/task_queues:96:5)
Error in /get-running-csv: TypeError: Cannot read properties of undefined (reading 'SHPH_ShipmentCode')
    at /snapshot/Backend/app.js:977:40
    at runMicrotasks (<anonymous>)
    at processTicksAndRejections (node:internal/process/task_queues:96:5)
Error in /get-running-csv: TypeError: Cannot read properties of undefined (reading 'SHPH_ShipmentCode')
    at /snapshot/Backend/app.js:977:40
    at runMicrotasks (<anonymous>)
    at processTicksAndRejections (node:internal/process/task_queues:96:5)
Error in /get-running-csv: TypeError: Cannot read properties of undefined (reading 'SHPH_ShipmentCode')
    at /snapshot/Backend/app.js:977:40
    at runMicrotasks (<anonymous>)
    at processTicksAndRejections (node:internal/process/task_queues:96:5)
Error in /get-running-csv: TypeError: Cannot read properties of undefined (reading 'SHPH_ShipmentCode')
    at /snapshot/Backend/app.js:977:40
    at runMicrotasks (<anonymous>)
    at processTicksAndRejections (node:internal/process/task_queues:96:5)
Error in /get-running-csv: TypeError: Cannot read properties of undefined (reading 'SHPH_ShipmentCode')
    at /snapshot/Backend/app.js:977:40
    at runMicrotasks (<anonymous>)
    at processTicksAndRejections (node:internal/process/task_queues:96:5)
Error in /get-running-csv: TypeError: Cannot read properties of undefined (reading 'SHPH_ShipmentCode')
    at /snapshot/Backend/app.js:977:40
    at runMicrotasks (<anonymous>)
    at processTicksAndRejections (node:internal/process/task_queues:96:5)
Error in /get-running-csv: TypeError: Cannot read properties of undefined (reading 'SHPH_ShipmentCode')
    at /snapshot/Backend/app.js:977:40
    at runMicrotasks (<anonymous>)
    at processTicksAndRejections (node:internal/process/task_queues:96:5)
Error in /get-running-csv: TypeError: Cannot read properties of undefined (reading 'SHPH_ShipmentCode')
    at /snapshot/Backend/app.js:977:40
    at runMicrotasks (<anonymous>)
    at processTicksAndRejections (node:internal/process/task_queues:96:5)
Error in /get-running-csv: TypeError: Cannot read properties of undefined (reading 'SHPH_ShipmentCode')
    at /snapshot/Backend/app.js:977:40
    at runMicrotasks (<anonymous>)
    at processTicksAndRejections (node:internal/process/task_queues:96:5)
Error in /get-running-csv: TypeError: Cannot read properties of undefined (reading 'SHPH_ShipmentCode')
    at /snapshot/Backend/app.js:977:40
    at runMicrotasks (<anonymous>)
    at processTicksAndRejections (node:internal/process/task_queues:96:5)
Error in /get-running-csv: TypeError: Cannot read properties of undefined (reading 'SHPH_ShipmentCode')
    at /snapshot/Backend/app.js:977:40
    at runMicrotasks (<anonymous>)
    at processTicksAndRejections (node:internal/process/task_queues:96:5)
Error in /get-running-csv: TypeError: Cannot read properties of undefined (reading 'SHPH_ShipmentCode')
    at /snapshot/Backend/app.js:977:40
    at runMicrotasks (<anonymous>)
    at processTicksAndRejections (node:internal/process/task_queues:96:5)
Error in /get-running-csv: TypeError: Cannot read properties of undefined (reading 'SHPH_ShipmentCode')
    at /snapshot/Backend/app.js:977:40
    at runMicrotasks (<anonymous>)
    at processTicksAndRejections (node:internal/process/task_queues:96:5)
Error in /get-running-csv: TypeError: Cannot read properties of undefined (reading 'SHPH_ShipmentCode')
    at /snapshot/Backend/app.js:977:40
    at runMicrotasks (<anonymous>)
    at processTicksAndRejections (node:internal/process/task_queues:96:5)
Error in /get-running-csv: TypeError: Cannot read properties of undefined (reading 'SHPH_ShipmentCode')
    at /snapshot/Backend/app.js:977:40
    at runMicrotasks (<anonymous>)
    at processTicksAndRejections (node:internal/process/task_queues:96:5)
Error in /get-running-csv: TypeError: Cannot read properties of undefined (reading 'SHPH_ShipmentCode')
    at /snapshot/Backend/app.js:977:40
    at runMicrotasks (<anonymous>)
    at processTicksAndRejections (node:internal/process/task_queues:96:5)
Error in /get-running-csv: TypeError: Cannot read properties of undefined (reading 'SHPH_ShipmentCode')
    at /snapshot/Backend/app.js:977:40
    at runMicrotasks (<anonymous>)
    at processTicksAndRejections (node:internal/process/task_queues:96:5)
Error in /get-running-csv: TypeError: Cannot read properties of undefined (reading 'SHPH_ShipmentCode')
    at /snapshot/Backend/app.js:977:40
    at runMicrotasks (<anonymous>)
    at processTicksAndRejections (node:internal/process/task_queues:96:5)
Error in /get-running-csv: TypeError: Cannot read properties of undefined (reading 'SHPH_ShipmentCode')
    at /snapshot/Backend/app.js:977:40
    at runMicrotasks (<anonymous>)
    at processTicksAndRejections (node:internal/process/task_queues:96:5)
Error in /get-running-csv: TypeError: Cannot read properties of undefined (reading 'SHPH_ShipmentCode')
    at /snapshot/Backend/app.js:977:40
    at runMicrotasks (<anonymous>)
    at processTicksAndRejections (node:internal/process/task_queues:96:5)
Error in /get-running-csv: TypeError: Cannot read properties of undefined (reading 'SHPH_ShipmentCode')
    at /snapshot/Backend/app.js:977:40
    at runMicrotasks (<anonymous>)
    at processTicksAndRejections (node:internal/process/task_queues:96:5)
Error in /get-running-csv: TypeError: Cannot read properties of undefined (reading 'SHPH_ShipmentCode')
    at /snapshot/Backend/app.js:977:40
    at runMicrotasks (<anonymous>)
    at processTicksAndRejections (node:internal/process/task_queues:96:5)
Error in /get-running-csv: TypeError: Cannot read properties of undefined (reading 'SHPH_ShipmentCode')
    at /snapshot/Backend/app.js:977:40
    at runMicrotasks (<anonymous>)
    at processTicksAndRejections (node:internal/process/task_queues:96:5)
Error in /get-running-csv: TypeError: Cannot read properties of undefined (reading 'SHPH_ShipmentCode')
    at /snapshot/Backend/app.js:977:40
    at runMicrotasks (<anonymous>)
    at processTicksAndRejections (node:internal/process/task_queues:96:5)
Error in /get-running-csv: TypeError: Cannot read properties of undefined (reading 'SHPH_ShipmentCode')
    at /snapshot/Backend/app.js:977:40
    at runMicrotasks (<anonymous>)
    at processTicksAndRejections (node:internal/process/task_queues:96:5)
Error in /get-running-csv: TypeError: Cannot read properties of undefined (reading 'SHPH_ShipmentCode')
    at /snapshot/Backend/app.js:977:40
    at runMicrotasks (<anonymous>)
    at processTicksAndRejections (node:internal/process/task_queues:96:5)
Error in /get-running-csv: TypeError: Cannot read properties of undefined (reading 'SHPH_ShipmentCode')
    at /snapshot/Backend/app.js:977:40
    at runMicrotasks (<anonymous>)
    at processTicksAndRejections (node:internal/process/task_queues:96:5)
Error in /get-running-csv: TypeError: Cannot read properties of undefined (reading 'SHPH_ShipmentCode')
    at /snapshot/Backend/app.js:977:40
    at runMicrotasks (<anonymous>)
    at processTicksAndRejections (node:internal/process/task_queues:96:5)
Error in /get-running-csv: TypeError: Cannot read properties of undefined (reading 'SHPH_ShipmentCode')
    at /snapshot/Backend/app.js:977:40
    at runMicrotasks (<anonymous>)
    at processTicksAndRejections (node:internal/process/task_queues:96:5)
Error in /get-running-csv: TypeError: Cannot read properties of undefined (reading 'SHPH_ShipmentCode')
    at /snapshot/Backend/app.js:977:40
    at runMicrotasks (<anonymous>)
    at processTicksAndRejections (node:internal/process/task_queues:96:5)
Error in /get-running-csv: TypeError: Cannot read properties of undefined (reading 'SHPH_ShipmentCode')
    at /snapshot/Backend/app.js:977:40
    at runMicrotasks (<anonymous>)
    at processTicksAndRejections (node:internal/process/task_queues:96:5)
Error in /get-running-csv: TypeError: Cannot read properties of undefined (reading 'SHPH_ShipmentCode')
    at /snapshot/Backend/app.js:977:40
    at runMicrotasks (<anonymous>)
    at processTicksAndRejections (node:internal/process/task_queues:96:5)
Error in /get-running-csv: TypeError: Cannot read properties of undefined (reading 'SHPH_ShipmentCode')
    at /snapshot/Backend/app.js:977:40
    at runMicrotasks (<anonymous>)
    at processTicksAndRejections (node:internal/process/task_queues:96:5)
Error in /get-running-csv: TypeError: Cannot read properties of undefined (reading 'SHPH_ShipmentCode')
    at /snapshot/Backend/app.js:977:40
    at runMicrotasks (<anonymous>)
    at processTicksAndRejections (node:internal/process/task_queues:96:5)
Error in /get-running-csv: TypeError: Cannot read properties of undefined (reading 'SHPH_ShipmentCode')
    at /snapshot/Backend/app.js:977:40
    at runMicrotasks (<anonymous>)
    at processTicksAndRejections (node:internal/process/task_queues:96:5)
Error in /get-running-csv: TypeError: Cannot read properties of undefined (reading 'SHPH_ShipmentCode')
    at /snapshot/Backend/app.js:977:40
    at runMicrotasks (<anonymous>)
    at processTicksAndRejections (node:internal/process/task_queues:96:5)
Error in /get-running-csv: TypeError: Cannot read properties of undefined (reading 'SHPH_ShipmentCode')
    at /snapshot/Backend/app.js:977:40
    at runMicrotasks (<anonymous>)
    at processTicksAndRejections (node:internal/process/task_queues:96:5)
Error in /get-running-csv: TypeError: Cannot read properties of undefined (reading 'SHPH_ShipmentCode')
    at /snapshot/Backend/app.js:977:40
    at runMicrotasks (<anonymous>)
    at processTicksAndRejections (node:internal/process/task_queues:96:5)
Error in /get-running-csv: TypeError: Cannot read properties of undefined (reading 'SHPH_ShipmentCode')
    at /snapshot/Backend/app.js:977:40
    at runMicrotasks (<anonymous>)
    at processTicksAndRejections (node:internal/process/task_queues:96:5)
Error in /get-running-csv: TypeError: Cannot read properties of undefined (reading 'SHPH_ShipmentCode')
    at /snapshot/Backend/app.js:977:40
    at runMicrotasks (<anonymous>)
    at processTicksAndRejections (node:internal/process/task_queues:96:5)
Error in /get-running-csv: TypeError: Cannot read properties of undefined (reading 'SHPH_ShipmentCode')
    at /snapshot/Backend/app.js:977:40
    at runMicrotasks (<anonymous>)
    at processTicksAndRejections (node:internal/process/task_queues:96:5)
Error in /get-running-csv: TypeError: Cannot read properties of undefined (reading 'SHPH_ShipmentCode')
    at /snapshot/Backend/app.js:977:40
    at runMicrotasks (<anonymous>)
    at processTicksAndRejections (node:internal/process/task_queues:96:5)
Error in /get-running-csv: TypeError: Cannot read properties of undefined (reading 'SHPH_ShipmentCode')
    at /snapshot/Backend/app.js:977:40
    at runMicrotasks (<anonymous>)
    at processTicksAndRejections (node:internal/process/task_queues:96:5)
Error in /get-running-csv: TypeError: Cannot read properties of undefined (reading 'SHPH_ShipmentCode')
    at /snapshot/Backend/app.js:977:40
    at runMicrotasks (<anonymous>)
    at processTicksAndRejections (node:internal/process/task_queues:96:5)
Error in /get-running-csv: TypeError: Cannot read properties of undefined (reading 'SHPH_ShipmentCode')
    at /snapshot/Backend/app.js:977:40
    at runMicrotasks (<anonymous>)
    at processTicksAndRejections (node:internal/process/task_queues:96:5)
Error in /get-running-csv: TypeError: Cannot read properties of undefined (reading 'SHPH_ShipmentCode')
    at /snapshot/Backend/app.js:977:40
    at runMicrotasks (<anonymous>)
    at processTicksAndRejections (node:internal/process/task_queues:96:5)
Error in /get-running-csv: TypeError: Cannot read properties of undefined (reading 'SHPH_ShipmentCode')
    at /snapshot/Backend/app.js:977:40
    at runMicrotasks (<anonymous>)
    at processTicksAndRejections (node:internal/process/task_queues:96:5)
Error in /get-running-csv: TypeError: Cannot read properties of undefined (reading 'SHPH_ShipmentCode')
    at /snapshot/Backend/app.js:977:40
    at runMicrotasks (<anonymous>)
    at processTicksAndRejections (node:internal/process/task_queues:96:5)
Error in /get-running-csv: TypeError: Cannot read properties of undefined (reading 'SHPH_ShipmentCode')
    at /snapshot/Backend/app.js:977:40
    at runMicrotasks (<anonymous>)
    at processTicksAndRejections (node:internal/process/task_queues:96:5)
Error in /get-running-csv: TypeError: Cannot read properties of undefined (reading 'SHPH_ShipmentCode')
    at /snapshot/Backend/app.js:977:40
    at runMicrotasks (<anonymous>)
    at processTicksAndRejections (node:internal/process/task_queues:96:5)
Error in /get-running-csv: TypeError: Cannot read properties of undefined (reading 'SHPH_ShipmentCode')
    at /snapshot/Backend/app.js:977:40
    at runMicrotasks (<anonymous>)
    at processTicksAndRejections (node:internal/process/task_queues:96:5)
Error in /get-running-csv: TypeError: Cannot read properties of undefined (reading 'SHPH_ShipmentCode')
    at /snapshot/Backend/app.js:977:40
    at runMicrotasks (<anonymous>)
    at processTicksAndRejections (node:internal/process/task_queues:96:5)
Error in /get-running-csv: TypeError: Cannot read properties of undefined (reading 'SHPH_ShipmentCode')
    at /snapshot/Backend/app.js:977:40
    at runMicrotasks (<anonymous>)
    at processTicksAndRejections (node:internal/process/task_queues:96:5)
Error in /get-running-csv: TypeError: Cannot read properties of undefined (reading 'SHPH_ShipmentCode')
    at /snapshot/Backend/app.js:977:40
    at runMicrotasks (<anonymous>)
    at processTicksAndRejections (node:internal/process/task_queues:96:5)
Error in /get-running-csv: TypeError: Cannot read properties of undefined (reading 'SHPH_ShipmentCode')
    at /snapshot/Backend/app.js:977:40
    at runMicrotasks (<anonymous>)
    at processTicksAndRejections (node:internal/process/task_queues:96:5)
Error in /get-running-csv: TypeError: Cannot read properties of undefined (reading 'SHPH_ShipmentCode')
    at /snapshot/Backend/app.js:977:40
    at runMicrotasks (<anonymous>)
    at processTicksAndRejections (node:internal/process/task_queues:96:5)
Error in /get-running-csv: TypeError: Cannot read properties of undefined (reading 'SHPH_ShipmentCode')
    at /snapshot/Backend/app.js:977:40
    at runMicrotasks (<anonymous>)
    at processTicksAndRejections (node:internal/process/task_queues:96:5)
Error in /get-running-csv: TypeError: Cannot read properties of undefined (reading 'SHPH_ShipmentCode')
    at /snapshot/Backend/app.js:977:40
    at runMicrotasks (<anonymous>)
    at processTicksAndRejections (node:internal/process/task_queues:96:5)
Error in /get-running-csv: TypeError: Cannot read properties of undefined (reading 'SHPH_ShipmentCode')
    at /snapshot/Backend/app.js:977:40
    at runMicrotasks (<anonymous>)
    at processTicksAndRejections (node:internal/process/task_queues:96:5)
Error in /get-running-csv: TypeError: Cannot read properties of undefined (reading 'SHPH_ShipmentCode')
    at /snapshot/Backend/app.js:977:40
    at runMicrotasks (<anonymous>)
    at processTicksAndRejections (node:internal/process/task_queues:96:5)
Error in /get-running-csv: TypeError: Cannot read properties of undefined (reading 'SHPH_ShipmentCode')
    at /snapshot/Backend/app.js:977:40
    at runMicrotasks (<anonymous>)
    at processTicksAndRejections (node:internal/process/task_queues:96:5)
Error in /get-running-csv: TypeError: Cannot read properties of undefined (reading 'SHPH_ShipmentCode')
    at /snapshot/Backend/app.js:977:40
    at runMicrotasks (<anonymous>)
    at processTicksAndRejections (node:internal/process/task_queues:96:5)
Error in /get-running-csv: TypeError: Cannot read properties of undefined (reading 'SHPH_ShipmentCode')
    at /snapshot/Backend/app.js:977:40
    at runMicrotasks (<anonymous>)
    at processTicksAndRejections (node:internal/process/task_queues:96:5)
Error in /get-running-csv: TypeError: Cannot read properties of undefined (reading 'SHPH_ShipmentCode')
    at /snapshot/Backend/app.js:977:40
    at runMicrotasks (<anonymous>)
    at processTicksAndRejections (node:internal/process/task_queues:96:5)
Error in /get-running-csv: TypeError: Cannot read properties of undefined (reading 'SHPH_ShipmentCode')
    at /snapshot/Backend/app.js:977:40
    at runMicrotasks (<anonymous>)
    at processTicksAndRejections (node:internal/process/task_queues:96:5)
Error in /get-running-csv: TypeError: Cannot read properties of undefined (reading 'SHPH_ShipmentCode')
    at /snapshot/Backend/app.js:977:40
    at runMicrotasks (<anonymous>)
    at processTicksAndRejections (node:internal/process/task_queues:96:5)
Error in /get-running-csv: TypeError: Cannot read properties of undefined (reading 'SHPH_ShipmentCode')
    at /snapshot/Backend/app.js:977:40
    at runMicrotasks (<anonymous>)
    at processTicksAndRejections (node:internal/process/task_queues:96:5)
Error in /get-running-csv: TypeError: Cannot read properties of undefined (reading 'SHPH_ShipmentCode')
    at /snapshot/Backend/app.js:977:40
    at runMicrotasks (<anonymous>)
    at processTicksAndRejections (node:internal/process/task_queues:96:5)
Error in /get-running-csv: TypeError: Cannot read properties of undefined (reading 'SHPH_ShipmentCode')
    at /snapshot/Backend/app.js:977:40
    at runMicrotasks (<anonymous>)
    at processTicksAndRejections (node:internal/process/task_queues:96:5)
Error in /get-running-csv: TypeError: Cannot read properties of undefined (reading 'SHPH_ShipmentCode')
    at /snapshot/Backend/app.js:977:40
    at runMicrotasks (<anonymous>)
    at processTicksAndRejections (node:internal/process/task_queues:96:5)
Error in /get-running-csv: TypeError: Cannot read properties of undefined (reading 'SHPH_ShipmentCode')
    at /snapshot/Backend/app.js:977:40
    at runMicrotasks (<anonymous>)
    at processTicksAndRejections (node:internal/process/task_queues:96:5)
Error in /get-running-csv: TypeError: Cannot read properties of undefined (reading 'SHPH_ShipmentCode')
    at /snapshot/Backend/app.js:977:40
    at runMicrotasks (<anonymous>)
    at processTicksAndRejections (node:internal/process/task_queues:96:5)
Error in /get-running-csv: TypeError: Cannot read properties of undefined (reading 'SHPH_ShipmentCode')
    at /snapshot/Backend/app.js:977:40
    at runMicrotasks (<anonymous>)
    at processTicksAndRejections (node:internal/process/task_queues:96:5)
Error in /get-running-csv: TypeError: Cannot read properties of undefined (reading 'SHPH_ShipmentCode')
    at /snapshot/Backend/app.js:977:40
    at runMicrotasks (<anonymous>)
    at processTicksAndRejections (node:internal/process/task_queues:96:5)
Error in /get-running-csv: TypeError: Cannot read properties of undefined (reading 'SHPH_ShipmentCode')
    at /snapshot/Backend/app.js:977:40
    at runMicrotasks (<anonymous>)
    at processTicksAndRejections (node:internal/process/task_queues:96:5)
Error in /get-running-csv: TypeError: Cannot read properties of undefined (reading 'SHPH_ShipmentCode')
    at /snapshot/Backend/app.js:977:40
    at runMicrotasks (<anonymous>)
    at processTicksAndRejections (node:internal/process/task_queues:96:5)
Error in /get-running-csv: TypeError: Cannot read properties of undefined (reading 'SHPH_ShipmentCode')
    at /snapshot/Backend/app.js:977:40
    at runMicrotasks (<anonymous>)
    at processTicksAndRejections (node:internal/process/task_queues:96:5)
Error in /get-running-csv: TypeError: Cannot read properties of undefined (reading 'SHPH_ShipmentCode')
    at /snapshot/Backend/app.js:977:40
    at runMicrotasks (<anonymous>)
    at processTicksAndRejections (node:internal/process/task_queues:96:5)
Error in /get-running-csv: TypeError: Cannot read properties of undefined (reading 'SHPH_ShipmentCode')
    at /snapshot/Backend/app.js:977:40
    at runMicrotasks (<anonymous>)
    at processTicksAndRejections (node:internal/process/task_queues:96:5)
Error in /get-running-csv: TypeError: Cannot read properties of undefined (reading 'SHPH_ShipmentCode')
    at /snapshot/Backend/app.js:977:40
    at runMicrotasks (<anonymous>)
    at processTicksAndRejections (node:internal/process/task_queues:96:5)
Error in /get-running-csv: TypeError: Cannot read properties of undefined (reading 'SHPH_ShipmentCode')
    at /snapshot/Backend/app.js:977:40
    at runMicrotasks (<anonymous>)
    at processTicksAndRejections (node:internal/process/task_queues:96:5)
Error in /get-running-csv: TypeError: Cannot read properties of undefined (reading 'SHPH_ShipmentCode')
    at /snapshot/Backend/app.js:977:40
    at runMicrotasks (<anonymous>)
    at processTicksAndRejections (node:internal/process/task_queues:96:5)
Error in /get-running-csv: TypeError: Cannot read properties of undefined (reading 'SHPH_ShipmentCode')
    at /snapshot/Backend/app.js:977:40
    at runMicrotasks (<anonymous>)
    at processTicksAndRejections (node:internal/process/task_queues:96:5)
Error in /get-running-csv: TypeError: Cannot read properties of undefined (reading 'SHPH_ShipmentCode')
    at /snapshot/Backend/app.js:977:40
    at runMicrotasks (<anonymous>)
    at processTicksAndRejections (node:internal/process/task_queues:96:5)
Error in /get-running-csv: TypeError: Cannot read properties of undefined (reading 'SHPH_ShipmentCode')
    at /snapshot/Backend/app.js:977:40
    at runMicrotasks (<anonymous>)
    at processTicksAndRejections (node:internal/process/task_queues:96:5)
Error in /get-running-csv: TypeError: Cannot read properties of undefined (reading 'SHPH_ShipmentCode')
    at /snapshot/Backend/app.js:977:40
    at runMicrotasks (<anonymous>)
    at processTicksAndRejections (node:internal/process/task_queues:96:5)
Error in /get-running-csv: TypeError: Cannot read properties of undefined (reading 'SHPH_ShipmentCode')
    at /snapshot/Backend/app.js:977:40
    at runMicrotasks (<anonymous>)
    at processTicksAndRejections (node:internal/process/task_queues:96:5)
Error in /get-running-csv: TypeError: Cannot read properties of undefined (reading 'SHPH_ShipmentCode')
    at /snapshot/Backend/app.js:977:40
    at runMicrotasks (<anonymous>)
    at processTicksAndRejections (node:internal/process/task_queues:96:5)
Error in /get-running-csv: TypeError: Cannot read properties of undefined (reading 'SHPH_ShipmentCode')
    at /snapshot/Backend/app.js:977:40
    at runMicrotasks (<anonymous>)
    at processTicksAndRejections (node:internal/process/task_queues:96:5)
Error in /get-running-csv: TypeError: Cannot read properties of undefined (reading 'SHPH_ShipmentCode')
    at /snapshot/Backend/app.js:977:40
    at runMicrotasks (<anonymous>)
    at processTicksAndRejections (node:internal/process/task_queues:96:5)
Error in /get-running-csv: TypeError: Cannot read properties of undefined (reading 'SHPH_ShipmentCode')
    at /snapshot/Backend/app.js:977:40
    at runMicrotasks (<anonymous>)
    at processTicksAndRejections (node:internal/process/task_queues:96:5)
Error in /get-running-csv: TypeError: Cannot read properties of undefined (reading 'SHPH_ShipmentCode')
    at /snapshot/Backend/app.js:977:40
    at runMicrotasks (<anonymous>)
    at processTicksAndRejections (node:internal/process/task_queues:96:5)
Error in /get-running-csv: TypeError: Cannot read properties of undefined (reading 'SHPH_ShipmentCode')
    at /snapshot/Backend/app.js:977:40
    at runMicrotasks (<anonymous>)
    at processTicksAndRejections (node:internal/process/task_queues:96:5)
Error in /get-running-csv: TypeError: Cannot read properties of undefined (reading 'SHPH_ShipmentCode')
    at /snapshot/Backend/app.js:977:40
    at runMicrotasks (<anonymous>)
    at processTicksAndRejections (node:internal/process/task_queues:96:5)
Error in /get-running-csv: TypeError: Cannot read properties of undefined (reading 'SHPH_ShipmentCode')
    at /snapshot/Backend/app.js:977:40
    at runMicrotasks (<anonymous>)
    at processTicksAndRejections (node:internal/process/task_queues:96:5)
Error in /get-running-csv: TypeError: Cannot read properties of undefined (reading 'SHPH_ShipmentCode')
    at /snapshot/Backend/app.js:977:40
    at runMicrotasks (<anonymous>)
    at processTicksAndRejections (node:internal/process/task_queues:96:5)
Error in /get-running-csv: TypeError: Cannot read properties of undefined (reading 'SHPH_ShipmentCode')
    at /snapshot/Backend/app.js:977:40
    at runMicrotasks (<anonymous>)
    at processTicksAndRejections (node:internal/process/task_queues:96:5)
Error in /get-running-csv: TypeError: Cannot read properties of undefined (reading 'SHPH_ShipmentCode')
    at /snapshot/Backend/app.js:977:40
    at runMicrotasks (<anonymous>)
    at processTicksAndRejections (node:internal/process/task_queues:96:5)
Error in /get-running-csv: TypeError: Cannot read properties of undefined (reading 'SHPH_ShipmentCode')
    at /snapshot/Backend/app.js:977:40
    at runMicrotasks (<anonymous>)
    at processTicksAndRejections (node:internal/process/task_queues:96:5)
Error in /get-running-csv: TypeError: Cannot read properties of undefined (reading 'SHPH_ShipmentCode')
    at /snapshot/Backend/app.js:977:40
    at runMicrotasks (<anonymous>)
    at processTicksAndRejections (node:internal/process/task_queues:96:5)
Error in /get-running-csv: TypeError: Cannot read properties of undefined (reading 'SHPH_ShipmentCode')
    at /snapshot/Backend/app.js:977:40
    at runMicrotasks (<anonymous>)
    at processTicksAndRejections (node:internal/process/task_queues:96:5)
Error in /get-running-csv: TypeError: Cannot read properties of undefined (reading 'SHPH_ShipmentCode')
    at /snapshot/Backend/app.js:977:40
    at runMicrotasks (<anonymous>)
    at processTicksAndRejections (node:internal/process/task_queues:96:5)
Error in /get-running-csv: TypeError: Cannot read properties of undefined (reading 'SHPH_ShipmentCode')
    at /snapshot/Backend/app.js:977:40
    at runMicrotasks (<anonymous>)
    at processTicksAndRejections (node:internal/process/task_queues:96:5)
Error in /get-running-csv: TypeError: Cannot read properties of undefined (reading 'SHPH_ShipmentCode')
    at /snapshot/Backend/app.js:977:40
    at runMicrotasks (<anonymous>)
    at processTicksAndRejections (node:internal/process/task_queues:96:5)
Error in /get-running-csv: TypeError: Cannot read properties of undefined (reading 'SHPH_ShipmentCode')
    at /snapshot/Backend/app.js:977:40
    at runMicrotasks (<anonymous>)
    at processTicksAndRejections (node:internal/process/task_queues:96:5)
Error in /get-running-csv: TypeError: Cannot read properties of undefined (reading 'SHPH_ShipmentCode')
    at /snapshot/Backend/app.js:977:40
    at runMicrotasks (<anonymous>)
    at processTicksAndRejections (node:internal/process/task_queues:96:5)
Error in /get-running-csv: TypeError: Cannot read properties of undefined (reading 'SHPH_ShipmentCode')
    at /snapshot/Backend/app.js:977:40
    at runMicrotasks (<anonymous>)
    at processTicksAndRejections (node:internal/process/task_queues:96:5)
Error in /get-running-csv: TypeError: Cannot read properties of undefined (reading 'SHPH_ShipmentCode')
    at /snapshot/Backend/app.js:977:40
    at runMicrotasks (<anonymous>)
    at processTicksAndRejections (node:internal/process/task_queues:96:5)
Error in /get-running-csv: TypeError: Cannot read properties of undefined (reading 'SHPH_ShipmentCode')
    at /snapshot/Backend/app.js:977:40
    at runMicrotasks (<anonymous>)
    at processTicksAndRejections (node:internal/process/task_queues:96:5)
Error in /get-running-csv: TypeError: Cannot read properties of undefined (reading 'SHPH_ShipmentCode')
    at /snapshot/Backend/app.js:977:40
    at runMicrotasks (<anonymous>)
    at processTicksAndRejections (node:internal/process/task_queues:96:5)
Error in /get-running-csv: TypeError: Cannot read properties of undefined (reading 'SHPH_ShipmentCode')
    at /snapshot/Backend/app.js:977:40
    at runMicrotasks (<anonymous>)
    at processTicksAndRejections (node:internal/process/task_queues:96:5)
Error in /get-running-csv: TypeError: Cannot read properties of undefined (reading 'SHPH_ShipmentCode')
    at /snapshot/Backend/app.js:977:40
    at runMicrotasks (<anonymous>)
    at processTicksAndRejections (node:internal/process/task_queues:96:5)
Error in /get-running-csv: TypeError: Cannot read properties of undefined (reading 'SHPH_ShipmentCode')
    at /snapshot/Backend/app.js:977:40
    at runMicrotasks (<anonymous>)
    at processTicksAndRejections (node:internal/process/task_queues:96:5)
Error in /get-running-csv: TypeError: Cannot read properties of undefined (reading 'SHPH_ShipmentCode')
    at /snapshot/Backend/app.js:977:40
    at runMicrotasks (<anonymous>)
    at processTicksAndRejections (node:internal/process/task_queues:96:5)
Error in /get-running-csv: TypeError: Cannot read properties of undefined (reading 'SHPH_ShipmentCode')
    at /snapshot/Backend/app.js:977:40
    at runMicrotasks (<anonymous>)
    at processTicksAndRejections (node:internal/process/task_queues:96:5)
Error in /get-running-csv: TypeError: Cannot read properties of undefined (reading 'SHPH_ShipmentCode')
    at /snapshot/Backend/app.js:977:40
    at runMicrotasks (<anonymous>)
    at processTicksAndRejections (node:internal/process/task_queues:96:5)
Error in /get-running-csv: TypeError: Cannot read properties of undefined (reading 'SHPH_ShipmentCode')
    at /snapshot/Backend/app.js:977:40
    at runMicrotasks (<anonymous>)
    at processTicksAndRejections (node:internal/process/task_queues:96:5)
Error in /get-running-csv: TypeError: Cannot read properties of undefined (reading 'SHPH_ShipmentCode')
    at /snapshot/Backend/app.js:977:40
    at runMicrotasks (<anonymous>)
    at processTicksAndRejections (node:internal/process/task_queues:96:5)
Error in /get-running-csv: TypeError: Cannot read properties of undefined (reading 'SHPH_ShipmentCode')
    at /snapshot/Backend/app.js:977:40
    at runMicrotasks (<anonymous>)
    at processTicksAndRejections (node:internal/process/task_queues:96:5)
Error in /get-running-csv: TypeError: Cannot read properties of undefined (reading 'SHPH_ShipmentCode')
    at /snapshot/Backend/app.js:977:40
    at runMicrotasks (<anonymous>)
    at processTicksAndRejections (node:internal/process/task_queues:96:5)
Error in /get-running-csv: TypeError: Cannot read properties of undefined (reading 'SHPH_ShipmentCode')
    at /snapshot/Backend/app.js:977:40
    at runMicrotasks (<anonymous>)
    at processTicksAndRejections (node:internal/process/task_queues:96:5)
Error in /get-running-csv: TypeError: Cannot read properties of undefined (reading 'SHPH_ShipmentCode')
    at /snapshot/Backend/app.js:977:40
    at runMicrotasks (<anonymous>)
    at processTicksAndRejections (node:internal/process/task_queues:96:5)
Error in /get-running-csv: TypeError: Cannot read properties of undefined (reading 'SHPH_ShipmentCode')
    at /snapshot/Backend/app.js:977:40
    at runMicrotasks (<anonymous>)
    at processTicksAndRejections (node:internal/process/task_queues:96:5)
Error in /get-running-csv: TypeError: Cannot read properties of undefined (reading 'SHPH_ShipmentCode')
    at /snapshot/Backend/app.js:977:40
    at runMicrotasks (<anonymous>)
    at processTicksAndRejections (node:internal/process/task_queues:96:5)
Error in /get-running-csv: TypeError: Cannot read properties of undefined (reading 'SHPH_ShipmentCode')
    at /snapshot/Backend/app.js:977:40
    at runMicrotasks (<anonymous>)
    at processTicksAndRejections (node:internal/process/task_queues:96:5)
Error in /get-running-csv: TypeError: Cannot read properties of undefined (reading 'SHPH_ShipmentCode')
    at /snapshot/Backend/app.js:977:40
    at runMicrotasks (<anonymous>)
    at processTicksAndRejections (node:internal/process/task_queues:96:5)
Error in /get-running-csv: TypeError: Cannot read properties of undefined (reading 'SHPH_ShipmentCode')
    at /snapshot/Backend/app.js:977:40
    at runMicrotasks (<anonymous>)
    at processTicksAndRejections (node:internal/process/task_queues:96:5)
Error in /get-running-csv: TypeError: Cannot read properties of undefined (reading 'SHPH_ShipmentCode')
    at /snapshot/Backend/app.js:977:40
    at runMicrotasks (<anonymous>)
    at processTicksAndRejections (node:internal/process/task_queues:96:5)
Error in /get-running-csv: TypeError: Cannot read properties of undefined (reading 'SHPH_ShipmentCode')
    at /snapshot/Backend/app.js:977:40
    at runMicrotasks (<anonymous>)
    at processTicksAndRejections (node:internal/process/task_queues:96:5)
Error in /get-running-csv: TypeError: Cannot read properties of undefined (reading 'SHPH_ShipmentCode')
    at /snapshot/Backend/app.js:977:40
    at runMicrotasks (<anonymous>)
    at processTicksAndRejections (node:internal/process/task_queues:96:5)
Error in /get-running-csv: TypeError: Cannot read properties of undefined (reading 'SHPH_ShipmentCode')
    at /snapshot/Backend/app.js:977:40
    at runMicrotasks (<anonymous>)
    at processTicksAndRejections (node:internal/process/task_queues:96:5)
Error in /get-running-csv: TypeError: Cannot read properties of undefined (reading 'SHPH_ShipmentCode')
    at /snapshot/Backend/app.js:977:40
    at runMicrotasks (<anonymous>)
    at processTicksAndRejections (node:internal/process/task_queues:96:5)
Error in /get-running-csv: TypeError: Cannot read properties of undefined (reading 'SHPH_ShipmentCode')
    at /snapshot/Backend/app.js:977:40
    at runMicrotasks (<anonymous>)
    at processTicksAndRejections (node:internal/process/task_queues:96:5)
Error in /get-running-csv: TypeError: Cannot read properties of undefined (reading 'SHPH_ShipmentCode')
    at /snapshot/Backend/app.js:977:40
    at runMicrotasks (<anonymous>)
    at processTicksAndRejections (node:internal/process/task_queues:96:5)
Error in /get-running-csv: TypeError: Cannot read properties of undefined (reading 'SHPH_ShipmentCode')
    at /snapshot/Backend/app.js:977:40
    at runMicrotasks (<anonymous>)
    at processTicksAndRejections (node:internal/process/task_queues:96:5)
Error in /get-running-csv: TypeError: Cannot read properties of undefined (reading 'SHPH_ShipmentCode')
    at /snapshot/Backend/app.js:977:40
    at runMicrotasks (<anonymous>)
    at processTicksAndRejections (node:internal/process/task_queues:96:5)
Error in /get-running-csv: TypeError: Cannot read properties of undefined (reading 'SHPH_ShipmentCode')
    at /snapshot/Backend/app.js:977:40
    at runMicrotasks (<anonymous>)
    at processTicksAndRejections (node:internal/process/task_queues:96:5)
Error in /get-running-csv: TypeError: Cannot read properties of undefined (reading 'SHPH_ShipmentCode')
    at /snapshot/Backend/app.js:977:40
    at runMicrotasks (<anonymous>)
    at processTicksAndRejections (node:internal/process/task_queues:96:5)
Error in /get-running-csv: TypeError: Cannot read properties of undefined (reading 'SHPH_ShipmentCode')
    at /snapshot/Backend/app.js:977:40
    at runMicrotasks (<anonymous>)
    at processTicksAndRejections (node:internal/process/task_queues:96:5)
Error in /get-running-csv: TypeError: Cannot read properties of undefined (reading 'SHPH_ShipmentCode')
    at /snapshot/Backend/app.js:977:40
    at runMicrotasks (<anonymous>)
    at processTicksAndRejections (node:internal/process/task_queues:96:5)
Error in /get-running-csv: TypeError: Cannot read properties of undefined (reading 'SHPH_ShipmentCode')
    at /snapshot/Backend/app.js:977:40
    at runMicrotasks (<anonymous>)
    at processTicksAndRejections (node:internal/process/task_queues:96:5)
Error in /get-running-csv: TypeError: Cannot read properties of undefined (reading 'SHPH_ShipmentCode')
    at /snapshot/Backend/app.js:977:40
    at runMicrotasks (<anonymous>)
    at processTicksAndRejections (node:internal/process/task_queues:96:5)
Error in /get-running-csv: TypeError: Cannot read properties of undefined (reading 'SHPH_ShipmentCode')
    at /snapshot/Backend/app.js:977:40
    at runMicrotasks (<anonymous>)
    at processTicksAndRejections (node:internal/process/task_queues:96:5)
Error in /get-running-csv: TypeError: Cannot read properties of undefined (reading 'SHPH_ShipmentCode')
    at /snapshot/Backend/app.js:977:40
    at runMicrotasks (<anonymous>)
    at processTicksAndRejections (node:internal/process/task_queues:96:5)
Error in /get-running-csv: TypeError: Cannot read properties of undefined (reading 'SHPH_ShipmentCode')
    at /snapshot/Backend/app.js:977:40
    at runMicrotasks (<anonymous>)
    at processTicksAndRejections (node:internal/process/task_queues:96:5)
Error in /get-running-csv: TypeError: Cannot read properties of undefined (reading 'SHPH_ShipmentCode')
    at /snapshot/Backend/app.js:977:40
    at runMicrotasks (<anonymous>)
    at processTicksAndRejections (node:internal/process/task_queues:96:5)
Error in /get-running-csv: TypeError: Cannot read properties of undefined (reading 'SHPH_ShipmentCode')
    at /snapshot/Backend/app.js:977:40
    at runMicrotasks (<anonymous>)
    at processTicksAndRejections (node:internal/process/task_queues:96:5)
Error in /get-running-csv: TypeError: Cannot read properties of undefined (reading 'SHPH_ShipmentCode')
    at /snapshot/Backend/app.js:977:40
    at runMicrotasks (<anonymous>)
    at processTicksAndRejections (node:internal/process/task_queues:96:5)
Error in /get-running-csv: TypeError: Cannot read properties of undefined (reading 'SHPH_ShipmentCode')
    at /snapshot/Backend/app.js:977:40
    at runMicrotasks (<anonymous>)
    at processTicksAndRejections (node:internal/process/task_queues:96:5)
Error in /get-running-csv: TypeError: Cannot read properties of undefined (reading 'SHPH_ShipmentCode')
    at /snapshot/Backend/app.js:977:40
    at runMicrotasks (<anonymous>)
    at processTicksAndRejections (node:internal/process/task_queues:96:5)
Error in /get-running-csv: TypeError: Cannot read properties of undefined (reading 'SHPH_ShipmentCode')
    at /snapshot/Backend/app.js:977:40
    at runMicrotasks (<anonymous>)
    at processTicksAndRejections (node:internal/process/task_queues:96:5)
Error in /get-running-csv: TypeError: Cannot read properties of undefined (reading 'SHPH_ShipmentCode')
    at /snapshot/Backend/app.js:977:40
    at runMicrotasks (<anonymous>)
    at processTicksAndRejections (node:internal/process/task_queues:96:5)
Error in /get-running-csv: TypeError: Cannot read properties of undefined (reading 'SHPH_ShipmentCode')
    at /snapshot/Backend/app.js:977:40
    at runMicrotasks (<anonymous>)
    at processTicksAndRejections (node:internal/process/task_queues:96:5)
Error in /get-running-csv: TypeError: Cannot read properties of undefined (reading 'SHPH_ShipmentCode')
    at /snapshot/Backend/app.js:977:40
    at runMicrotasks (<anonymous>)
    at processTicksAndRejections (node:internal/process/task_queues:96:5)
Error in /get-running-csv: TypeError: Cannot read properties of undefined (reading 'SHPH_ShipmentCode')
    at /snapshot/Backend/app.js:977:40
    at runMicrotasks (<anonymous>)
    at processTicksAndRejections (node:internal/process/task_queues:96:5)
Error in /get-running-csv: TypeError: Cannot read properties of undefined (reading 'SHPH_ShipmentCode')
    at /snapshot/Backend/app.js:977:40
    at runMicrotasks (<anonymous>)
    at processTicksAndRejections (node:internal/process/task_queues:96:5)
Error in /get-running-csv: TypeError: Cannot read properties of undefined (reading 'SHPH_ShipmentCode')
    at /snapshot/Backend/app.js:977:40
    at runMicrotasks (<anonymous>)
    at processTicksAndRejections (node:internal/process/task_queues:96:5)
Error in /get-running-csv: TypeError: Cannot read properties of undefined (reading 'SHPH_ShipmentCode')
    at /snapshot/Backend/app.js:977:40
    at runMicrotasks (<anonymous>)
    at processTicksAndRejections (node:internal/process/task_queues:96:5)
Error in /get-running-csv: TypeError: Cannot read properties of undefined (reading 'SHPH_ShipmentCode')
    at /snapshot/Backend/app.js:977:40
    at runMicrotasks (<anonymous>)
    at processTicksAndRejections (node:internal/process/task_queues:96:5)
Error in /get-running-csv: TypeError: Cannot read properties of undefined (reading 'SHPH_ShipmentCode')
    at /snapshot/Backend/app.js:977:40
    at runMicrotasks (<anonymous>)
    at processTicksAndRejections (node:internal/process/task_queues:96:5)
Error in /get-running-csv: TypeError: Cannot read properties of undefined (reading 'SHPH_ShipmentCode')
    at /snapshot/Backend/app.js:977:40
    at runMicrotasks (<anonymous>)
    at processTicksAndRejections (node:internal/process/task_queues:96:5)
Error in /get-running-csv: TypeError: Cannot read properties of undefined (reading 'SHPH_ShipmentCode')
    at /snapshot/Backend/app.js:977:40
    at runMicrotasks (<anonymous>)
    at processTicksAndRejections (node:internal/process/task_queues:96:5)
Error in /get-running-csv: TypeError: Cannot read properties of undefined (reading 'SHPH_ShipmentCode')
    at /snapshot/Backend/app.js:977:40
    at runMicrotasks (<anonymous>)
    at processTicksAndRejections (node:internal/process/task_queues:96:5)
Error in /get-running-csv: TypeError: Cannot read properties of undefined (reading 'SHPH_ShipmentCode')
    at /snapshot/Backend/app.js:977:40
    at runMicrotasks (<anonymous>)
    at processTicksAndRejections (node:internal/process/task_queues:96:5)
Error in /get-running-csv: TypeError: Cannot read properties of undefined (reading 'SHPH_ShipmentCode')
    at /snapshot/Backend/app.js:977:40
    at runMicrotasks (<anonymous>)
    at processTicksAndRejections (node:internal/process/task_queues:96:5)
Error in /get-running-csv: TypeError: Cannot read properties of undefined (reading 'SHPH_ShipmentCode')
    at /snapshot/Backend/app.js:977:40
    at runMicrotasks (<anonymous>)
    at processTicksAndRejections (node:internal/process/task_queues:96:5)
Error in /get-running-csv: TypeError: Cannot read properties of undefined (reading 'SHPH_ShipmentCode')
    at /snapshot/Backend/app.js:977:40
    at runMicrotasks (<anonymous>)
    at processTicksAndRejections (node:internal/process/task_queues:96:5)
Error in /get-running-csv: TypeError: Cannot read properties of undefined (reading 'SHPH_ShipmentCode')
    at /snapshot/Backend/app.js:977:40
    at runMicrotasks (<anonymous>)
    at processTicksAndRejections (node:internal/process/task_queues:96:5)
Error in /get-running-csv: TypeError: Cannot read properties of undefined (reading 'SHPH_ShipmentCode')
    at /snapshot/Backend/app.js:977:40
    at runMicrotasks (<anonymous>)
    at processTicksAndRejections (node:internal/process/task_queues:96:5)
Error in /get-running-csv: TypeError: Cannot read properties of undefined (reading 'SHPH_ShipmentCode')
    at /snapshot/Backend/app.js:977:40
    at runMicrotasks (<anonymous>)
    at processTicksAndRejections (node:internal/process/task_queues:96:5)
Error in /get-running-csv: TypeError: Cannot read properties of undefined (reading 'SHPH_ShipmentCode')
    at /snapshot/Backend/app.js:977:40
    at runMicrotasks (<anonymous>)
    at processTicksAndRejections (node:internal/process/task_queues:96:5)
Error in /get-running-csv: TypeError: Cannot read properties of undefined (reading 'SHPH_ShipmentCode')
    at /snapshot/Backend/app.js:977:40
    at runMicrotasks (<anonymous>)
    at processTicksAndRejections (node:internal/process/task_queues:96:5)
Error in /get-running-csv: TypeError: Cannot read properties of undefined (reading 'SHPH_ShipmentCode')
    at /snapshot/Backend/app.js:977:40
    at runMicrotasks (<anonymous>)
    at processTicksAndRejections (node:internal/process/task_queues:96:5)
Error in /get-running-csv: TypeError: Cannot read properties of undefined (reading 'SHPH_ShipmentCode')
    at /snapshot/Backend/app.js:977:40
    at runMicrotasks (<anonymous>)
    at processTicksAndRejections (node:internal/process/task_queues:96:5)
Error in /get-running-csv: TypeError: Cannot read properties of undefined (reading 'SHPH_ShipmentCode')
    at /snapshot/Backend/app.js:977:40
    at runMicrotasks (<anonymous>)
    at processTicksAndRejections (node:internal/process/task_queues:96:5)
Error in /get-running-csv: TypeError: Cannot read properties of undefined (reading 'SHPH_ShipmentCode')
    at /snapshot/Backend/app.js:977:40
    at runMicrotasks (<anonymous>)
    at processTicksAndRejections (node:internal/process/task_queues:96:5)
Error in /get-running-csv: TypeError: Cannot read properties of undefined (reading 'SHPH_ShipmentCode')
    at /snapshot/Backend/app.js:977:40
    at runMicrotasks (<anonymous>)
    at processTicksAndRejections (node:internal/process/task_queues:96:5)
Error in /get-running-csv: TypeError: Cannot read properties of undefined (reading 'SHPH_ShipmentCode')
    at /snapshot/Backend/app.js:977:40
    at runMicrotasks (<anonymous>)
    at processTicksAndRejections (node:internal/process/task_queues:96:5)
Error in /get-running-csv: TypeError: Cannot read properties of undefined (reading 'SHPH_ShipmentCode')
    at /snapshot/Backend/app.js:977:40
    at runMicrotasks (<anonymous>)
    at processTicksAndRejections (node:internal/process/task_queues:96:5)
Error in /get-running-csv: TypeError: Cannot read properties of undefined (reading 'SHPH_ShipmentCode')
    at /snapshot/Backend/app.js:977:40
    at runMicrotasks (<anonymous>)
    at processTicksAndRejections (node:internal/process/task_queues:96:5)
Error in /get-running-csv: TypeError: Cannot read properties of undefined (reading 'SHPH_ShipmentCode')
    at /snapshot/Backend/app.js:977:40
    at runMicrotasks (<anonymous>)
    at processTicksAndRejections (node:internal/process/task_queues:96:5)
Error in /get-running-csv: TypeError: Cannot read properties of undefined (reading 'SHPH_ShipmentCode')
    at /snapshot/Backend/app.js:977:40
    at runMicrotasks (<anonymous>)
    at processTicksAndRejections (node:internal/process/task_queues:96:5)
Error in /get-running-csv: TypeError: Cannot read properties of undefined (reading 'SHPH_ShipmentCode')
    at /snapshot/Backend/app.js:977:40
    at runMicrotasks (<anonymous>)
    at processTicksAndRejections (node:internal/process/task_queues:96:5)
Error in /get-running-csv: TypeError: Cannot read properties of undefined (reading 'SHPH_ShipmentCode')
    at /snapshot/Backend/app.js:977:40
    at runMicrotasks (<anonymous>)
    at processTicksAndRejections (node:internal/process/task_queues:96:5)
Error in /get-running-csv: TypeError: Cannot read properties of undefined (reading 'SHPH_ShipmentCode')
    at /snapshot/Backend/app.js:977:40
    at runMicrotasks (<anonymous>)
    at processTicksAndRejections (node:internal/process/task_queues:96:5)
Error in /get-running-csv: TypeError: Cannot read properties of undefined (reading 'SHPH_ShipmentCode')
    at /snapshot/Backend/app.js:977:40
    at runMicrotasks (<anonymous>)
    at processTicksAndRejections (node:internal/process/task_queues:96:5)
Error in /get-running-csv: TypeError: Cannot read properties of undefined (reading 'SHPH_ShipmentCode')
    at /snapshot/Backend/app.js:977:40
    at runMicrotasks (<anonymous>)
    at processTicksAndRejections (node:internal/process/task_queues:96:5)
Error in /get-running-csv: TypeError: Cannot read properties of undefined (reading 'SHPH_ShipmentCode')
    at /snapshot/Backend/app.js:977:40
    at runMicrotasks (<anonymous>)
    at processTicksAndRejections (node:internal/process/task_queues:96:5)
Error in /get-running-csv: TypeError: Cannot read properties of undefined (reading 'SHPH_ShipmentCode')
    at /snapshot/Backend/app.js:977:40
    at runMicrotasks (<anonymous>)
    at processTicksAndRejections (node:internal/process/task_queues:96:5)
Error in /get-running-csv: TypeError: Cannot read properties of undefined (reading 'SHPH_ShipmentCode')
    at /snapshot/Backend/app.js:977:40
    at runMicrotasks (<anonymous>)
    at processTicksAndRejections (node:internal/process/task_queues:96:5)
Error in /get-running-csv: TypeError: Cannot read properties of undefined (reading 'SHPH_ShipmentCode')
    at /snapshot/Backend/app.js:977:40
    at runMicrotasks (<anonymous>)
    at processTicksAndRejections (node:internal/process/task_queues:96:5)
Error in /get-running-csv: TypeError: Cannot read properties of undefined (reading 'SHPH_ShipmentCode')
    at /snapshot/Backend/app.js:977:40
    at runMicrotasks (<anonymous>)
    at processTicksAndRejections (node:internal/process/task_queues:96:5)
Error in /get-running-csv: TypeError: Cannot read properties of undefined (reading 'SHPH_ShipmentCode')
    at /snapshot/Backend/app.js:977:40
    at runMicrotasks (<anonymous>)
    at processTicksAndRejections (node:internal/process/task_queues:96:5)
Error in /get-running-csv: TypeError: Cannot read properties of undefined (reading 'SHPH_ShipmentCode')
    at /snapshot/Backend/app.js:977:40
    at runMicrotasks (<anonymous>)
    at processTicksAndRejections (node:internal/process/task_queues:96:5)
Error in /get-running-csv: TypeError: Cannot read properties of undefined (reading 'SHPH_ShipmentCode')
    at /snapshot/Backend/app.js:977:40
    at runMicrotasks (<anonymous>)
    at processTicksAndRejections (node:internal/process/task_queues:96:5)
Error in /get-running-csv: TypeError: Cannot read properties of undefined (reading 'SHPH_ShipmentCode')
    at /snapshot/Backend/app.js:977:40
    at runMicrotasks (<anonymous>)
    at processTicksAndRejections (node:internal/process/task_queues:96:5)
Error in /get-running-csv: TypeError: Cannot read properties of undefined (reading 'SHPH_ShipmentCode')
    at /snapshot/Backend/app.js:977:40
    at runMicrotasks (<anonymous>)
    at processTicksAndRejections (node:internal/process/task_queues:96:5)
Error in /get-running-csv: TypeError: Cannot read properties of undefined (reading 'SHPH_ShipmentCode')
    at /snapshot/Backend/app.js:977:40
    at runMicrotasks (<anonymous>)
    at processTicksAndRejections (node:internal/process/task_queues:96:5)
Error in /get-running-csv: TypeError: Cannot read properties of undefined (reading 'SHPH_ShipmentCode')
    at /snapshot/Backend/app.js:977:40
    at runMicrotasks (<anonymous>)
    at processTicksAndRejections (node:internal/process/task_queues:96:5)
Error in /get-running-csv: TypeError: Cannot read properties of undefined (reading 'SHPH_ShipmentCode')
    at /snapshot/Backend/app.js:977:40
    at runMicrotasks (<anonymous>)
    at processTicksAndRejections (node:internal/process/task_queues:96:5)
Error in /get-running-csv: TypeError: Cannot read properties of undefined (reading 'SHPH_ShipmentCode')
    at /snapshot/Backend/app.js:977:40
    at runMicrotasks (<anonymous>)
    at processTicksAndRejections (node:internal/process/task_queues:96:5)
Error in /get-running-csv: TypeError: Cannot read properties of undefined (reading 'SHPH_ShipmentCode')
    at /snapshot/Backend/app.js:977:40
    at runMicrotasks (<anonymous>)
    at processTicksAndRejections (node:internal/process/task_queues:96:5)
Error in /get-running-csv: TypeError: Cannot read properties of undefined (reading 'SHPH_ShipmentCode')
    at /snapshot/Backend/app.js:977:40
    at runMicrotasks (<anonymous>)
    at processTicksAndRejections (node:internal/process/task_queues:96:5)
Error in /get-running-csv: TypeError: Cannot read properties of undefined (reading 'SHPH_ShipmentCode')
    at /snapshot/Backend/app.js:977:40
    at runMicrotasks (<anonymous>)
    at processTicksAndRejections (node:internal/process/task_queues:96:5)
Error in /get-running-csv: TypeError: Cannot read properties of undefined (reading 'SHPH_ShipmentCode')
    at /snapshot/Backend/app.js:977:40
    at runMicrotasks (<anonymous>)
    at processTicksAndRejections (node:internal/process/task_queues:96:5)
Error in /get-running-csv: TypeError: Cannot read properties of undefined (reading 'SHPH_ShipmentCode')
    at /snapshot/Backend/app.js:977:40
    at runMicrotasks (<anonymous>)
    at processTicksAndRejections (node:internal/process/task_queues:96:5)
Error in /get-running-csv: TypeError: Cannot read properties of undefined (reading 'SHPH_ShipmentCode')
    at /snapshot/Backend/app.js:977:40
    at runMicrotasks (<anonymous>)
    at processTicksAndRejections (node:internal/process/task_queues:96:5)
Error in /get-running-csv: TypeError: Cannot read properties of undefined (reading 'SHPH_ShipmentCode')
    at /snapshot/Backend/app.js:977:40
    at runMicrotasks (<anonymous>)
    at processTicksAndRejections (node:internal/process/task_queues:96:5)
Error in /get-running-csv: TypeError: Cannot read properties of undefined (reading 'SHPH_ShipmentCode')
    at /snapshot/Backend/app.js:977:40
    at runMicrotasks (<anonymous>)
    at processTicksAndRejections (node:internal/process/task_queues:96:5)
Error in /get-running-csv: TypeError: Cannot read properties of undefined (reading 'SHPH_ShipmentCode')
    at /snapshot/Backend/app.js:977:40
    at runMicrotasks (<anonymous>)
    at processTicksAndRejections (node:internal/process/task_queues:96:5)
Error in /get-running-csv: TypeError: Cannot read properties of undefined (reading 'SHPH_ShipmentCode')
    at /snapshot/Backend/app.js:977:40
    at runMicrotasks (<anonymous>)
    at processTicksAndRejections (node:internal/process/task_queues:96:5)
Error in /get-running-csv: TypeError: Cannot read properties of undefined (reading 'SHPH_ShipmentCode')
    at /snapshot/Backend/app.js:977:40
    at runMicrotasks (<anonymous>)
    at processTicksAndRejections (node:internal/process/task_queues:96:5)
Error in /get-running-csv: TypeError: Cannot read properties of undefined (reading 'SHPH_ShipmentCode')
    at /snapshot/Backend/app.js:977:40
    at runMicrotasks (<anonymous>)
    at processTicksAndRejections (node:internal/process/task_queues:96:5)
Error in /get-running-csv: TypeError: Cannot read properties of undefined (reading 'SHPH_ShipmentCode')
    at /snapshot/Backend/app.js:977:40
    at runMicrotasks (<anonymous>)
    at processTicksAndRejections (node:internal/process/task_queues:96:5)
Error in /get-running-csv: TypeError: Cannot read properties of undefined (reading 'SHPH_ShipmentCode')
    at /snapshot/Backend/app.js:977:40
    at runMicrotasks (<anonymous>)
    at processTicksAndRejections (node:internal/process/task_queues:96:5)
Error in /get-running-csv: TypeError: Cannot read properties of undefined (reading 'SHPH_ShipmentCode')
    at /snapshot/Backend/app.js:977:40
    at runMicrotasks (<anonymous>)
    at processTicksAndRejections (node:internal/process/task_queues:96:5)
Error in /get-running-csv: TypeError: Cannot read properties of undefined (reading 'SHPH_ShipmentCode')
    at /snapshot/Backend/app.js:977:40
    at runMicrotasks (<anonymous>)
    at processTicksAndRejections (node:internal/process/task_queues:96:5)
Error in /get-running-csv: TypeError: Cannot read properties of undefined (reading 'SHPH_ShipmentCode')
    at /snapshot/Backend/app.js:977:40
    at runMicrotasks (<anonymous>)
    at processTicksAndRejections (node:internal/process/task_queues:96:5)
Error in /get-running-csv: TypeError: Cannot read properties of undefined (reading 'SHPH_ShipmentCode')
    at /snapshot/Backend/app.js:977:40
    at runMicrotasks (<anonymous>)
    at processTicksAndRejections (node:internal/process/task_queues:96:5)
Error in /get-running-csv: TypeError: Cannot read properties of undefined (reading 'SHPH_ShipmentCode')
    at /snapshot/Backend/app.js:977:40
    at runMicrotasks (<anonymous>)
    at processTicksAndRejections (node:internal/process/task_queues:96:5)
Error in /get-running-csv: TypeError: Cannot read properties of undefined (reading 'SHPH_ShipmentCode')
    at /snapshot/Backend/app.js:977:40
    at runMicrotasks (<anonymous>)
    at processTicksAndRejections (node:internal/process/task_queues:96:5)
Error in /get-running-csv: TypeError: Cannot read properties of undefined (reading 'SHPH_ShipmentCode')
    at /snapshot/Backend/app.js:977:40
    at runMicrotasks (<anonymous>)
    at processTicksAndRejections (node:internal/process/task_queues:96:5)
Error in /get-running-csv: TypeError: Cannot read properties of undefined (reading 'SHPH_ShipmentCode')
    at /snapshot/Backend/app.js:977:40
    at runMicrotasks (<anonymous>)
    at processTicksAndRejections (node:internal/process/task_queues:96:5)
Error in /get-running-csv: TypeError: Cannot read properties of undefined (reading 'SHPH_ShipmentCode')
    at /snapshot/Backend/app.js:977:40
    at runMicrotasks (<anonymous>)
    at processTicksAndRejections (node:internal/process/task_queues:96:5)
Error in /get-running-csv: TypeError: Cannot read properties of undefined (reading 'SHPH_ShipmentCode')
    at /snapshot/Backend/app.js:977:40
    at runMicrotasks (<anonymous>)
    at processTicksAndRejections (node:internal/process/task_queues:96:5)
Error in /get-running-csv: TypeError: Cannot read properties of undefined (reading 'SHPH_ShipmentCode')
    at /snapshot/Backend/app.js:977:40
    at runMicrotasks (<anonymous>)
    at processTicksAndRejections (node:internal/process/task_queues:96:5)
Error in /get-running-csv: TypeError: Cannot read properties of undefined (reading 'SHPH_ShipmentCode')
    at /snapshot/Backend/app.js:977:40
    at runMicrotasks (<anonymous>)
    at processTicksAndRejections (node:internal/process/task_queues:96:5)
Error in /get-running-csv: TypeError: Cannot read properties of undefined (reading 'SHPH_ShipmentCode')
    at /snapshot/Backend/app.js:977:40
    at runMicrotasks (<anonymous>)
    at processTicksAndRejections (node:internal/process/task_queues:96:5)
Error in /get-running-csv: TypeError: Cannot read properties of undefined (reading 'SHPH_ShipmentCode')
    at /snapshot/Backend/app.js:977:40
    at runMicrotasks (<anonymous>)
    at processTicksAndRejections (node:internal/process/task_queues:96:5)
Error in /get-running-csv: TypeError: Cannot read properties of undefined (reading 'SHPH_ShipmentCode')
    at /snapshot/Backend/app.js:977:40
    at runMicrotasks (<anonymous>)
    at processTicksAndRejections (node:internal/process/task_queues:96:5)
Error in /get-running-csv: TypeError: Cannot read properties of undefined (reading 'SHPH_ShipmentCode')
    at /snapshot/Backend/app.js:977:40
    at runMicrotasks (<anonymous>)
    at processTicksAndRejections (node:internal/process/task_queues:96:5)
Error in /get-running-csv: TypeError: Cannot read properties of undefined (reading 'SHPH_ShipmentCode')
    at /snapshot/Backend/app.js:977:40
    at runMicrotasks (<anonymous>)
    at processTicksAndRejections (node:internal/process/task_queues:96:5)
Error in /get-running-csv: TypeError: Cannot read properties of undefined (reading 'SHPH_ShipmentCode')
    at /snapshot/Backend/app.js:977:40
    at runMicrotasks (<anonymous>)
    at processTicksAndRejections (node:internal/process/task_queues:96:5)
Error in /get-running-csv: TypeError: Cannot read properties of undefined (reading 'SHPH_ShipmentCode')
    at /snapshot/Backend/app.js:977:40
    at runMicrotasks (<anonymous>)
    at processTicksAndRejections (node:internal/process/task_queues:96:5)
Error in /get-running-csv: TypeError: Cannot read properties of undefined (reading 'SHPH_ShipmentCode')
    at /snapshot/Backend/app.js:977:40
    at runMicrotasks (<anonymous>)
    at processTicksAndRejections (node:internal/process/task_queues:96:5)
Error in /get-running-csv: TypeError: Cannot read properties of undefined (reading 'SHPH_ShipmentCode')
    at /snapshot/Backend/app.js:977:40
    at runMicrotasks (<anonymous>)
    at processTicksAndRejections (node:internal/process/task_queues:96:5)
Error in /get-running-csv: TypeError: Cannot read properties of undefined (reading 'SHPH_ShipmentCode')
    at /snapshot/Backend/app.js:977:40
    at runMicrotasks (<anonymous>)
    at processTicksAndRejections (node:internal/process/task_queues:96:5)
Error in /get-running-csv: TypeError: Cannot read properties of undefined (reading 'SHPH_ShipmentCode')
    at /snapshot/Backend/app.js:977:40
    at runMicrotasks (<anonymous>)
    at processTicksAndRejections (node:internal/process/task_queues:96:5)
Error in /get-running-csv: TypeError: Cannot read properties of undefined (reading 'SHPH_ShipmentCode')
    at /snapshot/Backend/app.js:977:40
    at runMicrotasks (<anonymous>)
    at processTicksAndRejections (node:internal/process/task_queues:96:5)
Error in /get-running-csv: TypeError: Cannot read properties of undefined (reading 'SHPH_ShipmentCode')
    at /snapshot/Backend/app.js:977:40
    at runMicrotasks (<anonymous>)
    at processTicksAndRejections (node:internal/process/task_queues:96:5)
Error in /get-running-csv: TypeError: Cannot read properties of undefined (reading 'SHPH_ShipmentCode')
    at /snapshot/Backend/app.js:977:40
    at runMicrotasks (<anonymous>)
    at processTicksAndRejections (node:internal/process/task_queues:96:5)
Error in /get-running-csv: TypeError: Cannot read properties of undefined (reading 'SHPH_ShipmentCode')
    at /snapshot/Backend/app.js:977:40
    at runMicrotasks (<anonymous>)
    at processTicksAndRejections (node:internal/process/task_queues:96:5)
Error in /get-running-csv: TypeError: Cannot read properties of undefined (reading 'SHPH_ShipmentCode')
    at /snapshot/Backend/app.js:977:40
    at runMicrotasks (<anonymous>)
    at processTicksAndRejections (node:internal/process/task_queues:96:5)
Error in /get-running-csv: TypeError: Cannot read properties of undefined (reading 'SHPH_ShipmentCode')
    at /snapshot/Backend/app.js:977:40
    at runMicrotasks (<anonymous>)
    at processTicksAndRejections (node:internal/process/task_queues:96:5)
Error in /get-running-csv: TypeError: Cannot read properties of undefined (reading 'SHPH_ShipmentCode')
    at /snapshot/Backend/app.js:977:40
    at runMicrotasks (<anonymous>)
    at processTicksAndRejections (node:internal/process/task_queues:96:5)
Error in /get-running-csv: TypeError: Cannot read properties of undefined (reading 'SHPH_ShipmentCode')
    at /snapshot/Backend/app.js:977:40
    at runMicrotasks (<anonymous>)
    at processTicksAndRejections (node:internal/process/task_queues:96:5)
Error in /get-running-csv: TypeError: Cannot read properties of undefined (reading 'SHPH_ShipmentCode')
    at /snapshot/Backend/app.js:977:40
    at runMicrotasks (<anonymous>)
    at processTicksAndRejections (node:internal/process/task_queues:96:5)
Error in /get-running-csv: TypeError: Cannot read properties of undefined (reading 'SHPH_ShipmentCode')
    at /snapshot/Backend/app.js:977:40
    at runMicrotasks (<anonymous>)
    at processTicksAndRejections (node:internal/process/task_queues:96:5)
Error in /get-running-csv: TypeError: Cannot read properties of undefined (reading 'SHPH_ShipmentCode')
    at /snapshot/Backend/app.js:977:40
    at runMicrotasks (<anonymous>)
    at processTicksAndRejections (node:internal/process/task_queues:96:5)
Error in /get-running-csv: TypeError: Cannot read properties of undefined (reading 'SHPH_ShipmentCode')
    at /snapshot/Backend/app.js:977:40
    at runMicrotasks (<anonymous>)
    at processTicksAndRejections (node:internal/process/task_queues:96:5)
Error in /get-running-csv: TypeError: Cannot read properties of undefined (reading 'SHPH_ShipmentCode')
    at /snapshot/Backend/app.js:977:40
    at runMicrotasks (<anonymous>)
    at processTicksAndRejections (node:internal/process/task_queues:96:5)
Error in /get-running-csv: TypeError: Cannot read properties of undefined (reading 'SHPH_ShipmentCode')
    at /snapshot/Backend/app.js:977:40
    at runMicrotasks (<anonymous>)
    at processTicksAndRejections (node:internal/process/task_queues:96:5)
Error in /get-running-csv: TypeError: Cannot read properties of undefined (reading 'SHPH_ShipmentCode')
    at /snapshot/Backend/app.js:977:40
    at runMicrotasks (<anonymous>)
    at processTicksAndRejections (node:internal/process/task_queues:96:5)
Error in /get-running-csv: TypeError: Cannot read properties of undefined (reading 'SHPH_ShipmentCode')
    at /snapshot/Backend/app.js:977:40
    at runMicrotasks (<anonymous>)
    at processTicksAndRejections (node:internal/process/task_queues:96:5)
Error in /get-running-csv: TypeError: Cannot read properties of undefined (reading 'SHPH_ShipmentCode')
    at /snapshot/Backend/app.js:977:40
    at runMicrotasks (<anonymous>)
    at processTicksAndRejections (node:internal/process/task_queues:96:5)
Error in /get-running-csv: TypeError: Cannot read properties of undefined (reading 'SHPH_ShipmentCode')
    at /snapshot/Backend/app.js:977:40
    at runMicrotasks (<anonymous>)
    at processTicksAndRejections (node:internal/process/task_queues:96:5)
Error in /get-running-csv: TypeError: Cannot read properties of undefined (reading 'SHPH_ShipmentCode')
    at /snapshot/Backend/app.js:977:40
    at runMicrotasks (<anonymous>)
    at processTicksAndRejections (node:internal/process/task_queues:96:5)
Error in /get-running-csv: TypeError: Cannot read properties of undefined (reading 'SHPH_ShipmentCode')
    at /snapshot/Backend/app.js:977:40
    at runMicrotasks (<anonymous>)
    at processTicksAndRejections (node:internal/process/task_queues:96:5)
Error in /get-running-csv: TypeError: Cannot read properties of undefined (reading 'SHPH_ShipmentCode')
    at /snapshot/Backend/app.js:977:40
    at runMicrotasks (<anonymous>)
    at processTicksAndRejections (node:internal/process/task_queues:96:5)
Error in /get-running-csv: TypeError: Cannot read properties of undefined (reading 'SHPH_ShipmentCode')
    at /snapshot/Backend/app.js:977:40
    at runMicrotasks (<anonymous>)
    at processTicksAndRejections (node:internal/process/task_queues:96:5)
Error in /get-running-csv: TypeError: Cannot read properties of undefined (reading 'SHPH_ShipmentCode')
    at /snapshot/Backend/app.js:977:40
    at runMicrotasks (<anonymous>)
    at processTicksAndRejections (node:internal/process/task_queues:96:5)
Error in /get-running-csv: TypeError: Cannot read properties of undefined (reading 'SHPH_ShipmentCode')
    at /snapshot/Backend/app.js:977:40
    at runMicrotasks (<anonymous>)
    at processTicksAndRejections (node:internal/process/task_queues:96:5)
Error in /get-running-csv: TypeError: Cannot read properties of undefined (reading 'SHPH_ShipmentCode')
    at /snapshot/Backend/app.js:977:40
    at runMicrotasks (<anonymous>)
    at processTicksAndRejections (node:internal/process/task_queues:96:5)
Error in /get-running-csv: TypeError: Cannot read properties of undefined (reading 'SHPH_ShipmentCode')
    at /snapshot/Backend/app.js:977:40
    at runMicrotasks (<anonymous>)
    at processTicksAndRejections (node:internal/process/task_queues:96:5)
Error in /get-running-csv: TypeError: Cannot read properties of undefined (reading 'SHPH_ShipmentCode')
    at /snapshot/Backend/app.js:977:40
    at runMicrotasks (<anonymous>)
    at processTicksAndRejections (node:internal/process/task_queues:96:5)
Error in /get-running-csv: TypeError: Cannot read properties of undefined (reading 'SHPH_ShipmentCode')
    at /snapshot/Backend/app.js:977:40
    at runMicrotasks (<anonymous>)
    at processTicksAndRejections (node:internal/process/task_queues:96:5)
Error in /get-running-csv: TypeError: Cannot read properties of undefined (reading 'SHPH_ShipmentCode')
    at /snapshot/Backend/app.js:977:40
    at runMicrotasks (<anonymous>)
    at processTicksAndRejections (node:internal/process/task_queues:96:5)
Error in /get-running-csv: TypeError: Cannot read properties of undefined (reading 'SHPH_ShipmentCode')
    at /snapshot/Backend/app.js:977:40
    at runMicrotasks (<anonymous>)
    at processTicksAndRejections (node:internal/process/task_queues:96:5)
Error in /get-running-csv: TypeError: Cannot read properties of undefined (reading 'SHPH_ShipmentCode')
    at /snapshot/Backend/app.js:977:40
    at runMicrotasks (<anonymous>)
    at processTicksAndRejections (node:internal/process/task_queues:96:5)
Error in /get-running-csv: TypeError: Cannot read properties of undefined (reading 'SHPH_ShipmentCode')
    at /snapshot/Backend/app.js:977:40
    at runMicrotasks (<anonymous>)
    at processTicksAndRejections (node:internal/process/task_queues:96:5)
Error in /get-running-csv: TypeError: Cannot read properties of undefined (reading 'SHPH_ShipmentCode')
    at /snapshot/Backend/app.js:977:40
    at runMicrotasks (<anonymous>)
    at processTicksAndRejections (node:internal/process/task_queues:96:5)
Error in /get-running-csv: TypeError: Cannot read properties of undefined (reading 'SHPH_ShipmentCode')
    at /snapshot/Backend/app.js:977:40
    at runMicrotasks (<anonymous>)
    at processTicksAndRejections (node:internal/process/task_queues:96:5)
Error in /get-running-csv: TypeError: Cannot read properties of undefined (reading 'SHPH_ShipmentCode')
    at /snapshot/Backend/app.js:977:40
    at runMicrotasks (<anonymous>)
    at processTicksAndRejections (node:internal/process/task_queues:96:5)
Error in /get-running-csv: TypeError: Cannot read properties of undefined (reading 'SHPH_ShipmentCode')
    at /snapshot/Backend/app.js:977:40
    at runMicrotasks (<anonymous>)
    at processTicksAndRejections (node:internal/process/task_queues:96:5)
Error in /get-running-csv: TypeError: Cannot read properties of undefined (reading 'SHPH_ShipmentCode')
    at /snapshot/Backend/app.js:977:40
    at runMicrotasks (<anonymous>)
    at processTicksAndRejections (node:internal/process/task_queues:96:5)
Error in /get-running-csv: TypeError: Cannot read properties of undefined (reading 'SHPH_ShipmentCode')
    at /snapshot/Backend/app.js:977:40
    at runMicrotasks (<anonymous>)
    at processTicksAndRejections (node:internal/process/task_queues:96:5)
Error in /get-running-csv: TypeError: Cannot read properties of undefined (reading 'SHPH_ShipmentCode')
    at /snapshot/Backend/app.js:977:40
    at runMicrotasks (<anonymous>)
    at processTicksAndRejections (node:internal/process/task_queues:96:5)
Error in /get-running-csv: TypeError: Cannot read properties of undefined (reading 'SHPH_ShipmentCode')
    at /snapshot/Backend/app.js:977:40
    at runMicrotasks (<anonymous>)
    at processTicksAndRejections (node:internal/process/task_queues:96:5)
Error in /get-running-csv: TypeError: Cannot read properties of undefined (reading 'SHPH_ShipmentCode')
    at /snapshot/Backend/app.js:977:40
    at runMicrotasks (<anonymous>)
    at processTicksAndRejections (node:internal/process/task_queues:96:5)
Error in /get-running-csv: TypeError: Cannot read properties of undefined (reading 'SHPH_ShipmentCode')
    at /snapshot/Backend/app.js:977:40
    at runMicrotasks (<anonymous>)
    at processTicksAndRejections (node:internal/process/task_queues:96:5)
Error in /get-running-csv: TypeError: Cannot read properties of undefined (reading 'SHPH_ShipmentCode')
    at /snapshot/Backend/app.js:977:40
    at runMicrotasks (<anonymous>)
    at processTicksAndRejections (node:internal/process/task_queues:96:5)
Error in /get-running-csv: TypeError: Cannot read properties of undefined (reading 'SHPH_ShipmentCode')
    at /snapshot/Backend/app.js:977:40
    at runMicrotasks (<anonymous>)
    at processTicksAndRejections (node:internal/process/task_queues:96:5)
Error in /get-running-csv: TypeError: Cannot read properties of undefined (reading 'SHPH_ShipmentCode')
    at /snapshot/Backend/app.js:977:40
    at runMicrotasks (<anonymous>)
    at processTicksAndRejections (node:internal/process/task_queues:96:5)
Error in /get-running-csv: TypeError: Cannot read properties of undefined (reading 'SHPH_ShipmentCode')
    at /snapshot/Backend/app.js:977:40
    at runMicrotasks (<anonymous>)
    at processTicksAndRejections (node:internal/process/task_queues:96:5)
Error in /get-running-csv: TypeError: Cannot read properties of undefined (reading 'SHPH_ShipmentCode')
    at /snapshot/Backend/app.js:977:40
    at runMicrotasks (<anonymous>)
    at processTicksAndRejections (node:internal/process/task_queues:96:5)
Error in /get-running-csv: TypeError: Cannot read properties of undefined (reading 'SHPH_ShipmentCode')
    at /snapshot/Backend/app.js:977:40
    at runMicrotasks (<anonymous>)
    at processTicksAndRejections (node:internal/process/task_queues:96:5)
Error in /get-running-csv: TypeError: Cannot read properties of undefined (reading 'SHPH_ShipmentCode')
    at /snapshot/Backend/app.js:977:40
    at runMicrotasks (<anonymous>)
    at processTicksAndRejections (node:internal/process/task_queues:96:5)
Error in /get-running-csv: TypeError: Cannot read properties of undefined (reading 'SHPH_ShipmentCode')
    at /snapshot/Backend/app.js:977:40
    at runMicrotasks (<anonymous>)
    at processTicksAndRejections (node:internal/process/task_queues:96:5)
Error in /get-running-csv: TypeError: Cannot read properties of undefined (reading 'SHPH_ShipmentCode')
    at /snapshot/Backend/app.js:977:40
    at runMicrotasks (<anonymous>)
    at processTicksAndRejections (node:internal/process/task_queues:96:5)
Error in /get-running-csv: TypeError: Cannot read properties of undefined (reading 'SHPH_ShipmentCode')
    at /snapshot/Backend/app.js:977:40
    at runMicrotasks (<anonymous>)
    at processTicksAndRejections (node:internal/process/task_queues:96:5)
Error in /get-running-csv: TypeError: Cannot read properties of undefined (reading 'SHPH_ShipmentCode')
    at /snapshot/Backend/app.js:977:40
    at runMicrotasks (<anonymous>)
    at processTicksAndRejections (node:internal/process/task_queues:96:5)
Error in /get-running-csv: TypeError: Cannot read properties of undefined (reading 'SHPH_ShipmentCode')
    at /snapshot/Backend/app.js:977:40
    at runMicrotasks (<anonymous>)
    at processTicksAndRejections (node:internal/process/task_queues:96:5)
Error in /get-running-csv: TypeError: Cannot read properties of undefined (reading 'SHPH_ShipmentCode')
    at /snapshot/Backend/app.js:977:40
    at runMicrotasks (<anonymous>)
    at processTicksAndRejections (node:internal/process/task_queues:96:5)
Error in /get-running-csv: TypeError: Cannot read properties of undefined (reading 'SHPH_ShipmentCode')
    at /snapshot/Backend/app.js:977:40
    at runMicrotasks (<anonymous>)
    at processTicksAndRejections (node:internal/process/task_queues:96:5)
Error in /get-running-csv: TypeError: Cannot read properties of undefined (reading 'SHPH_ShipmentCode')
    at /snapshot/Backend/app.js:977:40
    at runMicrotasks (<anonymous>)
    at processTicksAndRejections (node:internal/process/task_queues:96:5)
Error in /get-running-csv: TypeError: Cannot read properties of undefined (reading 'SHPH_ShipmentCode')
    at /snapshot/Backend/app.js:977:40
    at runMicrotasks (<anonymous>)
    at processTicksAndRejections (node:internal/process/task_queues:96:5)
Error in /get-running-csv: TypeError: Cannot read properties of undefined (reading 'SHPH_ShipmentCode')
    at /snapshot/Backend/app.js:977:40
    at runMicrotasks (<anonymous>)
    at processTicksAndRejections (node:internal/process/task_queues:96:5)
Error in /get-running-csv: TypeError: Cannot read properties of undefined (reading 'SHPH_ShipmentCode')
    at /snapshot/Backend/app.js:977:40
    at runMicrotasks (<anonymous>)
    at processTicksAndRejections (node:internal/process/task_queues:96:5)
Error in /get-running-csv: TypeError: Cannot read properties of undefined (reading 'SHPH_ShipmentCode')
    at /snapshot/Backend/app.js:977:40
    at runMicrotasks (<anonymous>)
    at processTicksAndRejections (node:internal/process/task_queues:96:5)
Daily MySQL backup scheduled at 10:30
✅ CryptoUtils loaded (COMPATIBLE VERSION)
Server running on port 9010
connected to the Local database
Daily MySQL backup scheduled at 10:30
✅ CryptoUtils loaded (COMPATIBLE VERSION)
Server running on port 9010
connected to the Local database
INPUT PASSWORD    : Admin@123
DECRYPTED PASSWORD: Admin@123
Found folders: []
INPUT PASSWORD    : Admin@123
DECRYPTED PASSWORD: Admin@123
Found folders: []
INPUT PASSWORD    : Admin@123
DECRYPTED PASSWORD: Admin@123
Found folders: []
INPUT PASSWORD    : Admin@123
DECRYPTED PASSWORD: Admin@123
Found folders: []
Daily MySQL backup scheduled at 10:30
✅ CryptoUtils loaded (COMPATIBLE VERSION)
Server running on port 9010
connected to the Local database
INPUT PASSWORD    : Admin@123
DECRYPTED PASSWORD: Admin@123
Found folders: []
Daily MySQL backup scheduled at 10:30
✅ CryptoUtils loaded (COMPATIBLE VERSION)
Server running on port 9010
connected to the Local database
INPUT PASSWORD    : Admin@123
DECRYPTED PASSWORD: Admin@123
Found folders: []
INPUT PASSWORD    : Admin@123
DECRYPTED PASSWORD: Admin@123
Found folders: []
{ shipmentId: '1', newStatus: '6', userId: '2' }
Shipment Status :  [
  ResultSetHeader {
    fieldCount: 0,
    affectedRows: 1,
    insertId: 0,
    info: 'Rows matched: 1  Changed: 1  Warnings: 0',
    serverStatus: 2,
    warningStatus: 0,
    changedRows: 1
  },
  undefined
]
Stop :  {
  shipmentId: '1',
  shipmentCode: 'SBU2WH_1',
  shipmentData: [
    {
      SHPD_ShipmentMID: 1,
      SHPH_ShipmentID: 1,
      SHPH_ShipmentType: 'New Order',
      SHPH_Status: 2,
      SHPH_ShipmentCode: 'SBU2WH_1',
      ORDM_OrderNumber: 'ORD_SO_SB-U2_1',
      SCPM_ID: 1,
      SCPM_Code: 'BFFO-U2',
      SCPM_Name: 'BHAGWATI FLOUR and FOODS OUTLET',
      SCPM_Caption: 'BHAGWATI OUTLET',
      LGCM_Name: 'SpeedExpress',
      LGCVM_VehicleNumber: 'GJ38TA8566',
      SHPD_ProductName: 'PRODUCT24226',
      SHPD_ProductCode: '24226',
      PL_ProductId: 5,
      PM_PackSize: null,
      PM_GrossWeight: null,
      PM_MinOffset: null,
      PM_MaxOffset: null,
      SHPD_ShipQty: 2,
      BatchId: '22',
      Count: '2',
      LCM_LocationName: 'BHAGWATI FLOUR and FOODS OUTLET',
      Address: 'Sarkhej- Bavla Highway,, Moraiya (Changodar), Ahmedabad, Gujarat, India, 382 213',
      userId: '2',
      userName: 'WH'
    }
  ],
  userId: '2',
  FromSCPId: '3',
  CompanyID: '1'
}
{ shipmentId: '1', newStatus: '10', userId: '2' }
Shipment Status :  [
  ResultSetHeader {
    fieldCount: 0,
    affectedRows: 1,
    insertId: 0,
    info: 'Rows matched: 1  Changed: 1  Warnings: 0',
    serverStatus: 2,
    warningStatus: 0,
    changedRows: 1
  },
  undefined
]
{ shipmentId: '1', newStatus: '6', userId: '2' }
Shipment Status :  [
  ResultSetHeader {
    fieldCount: 0,
    affectedRows: 1,
    insertId: 0,
    info: 'Rows matched: 1  Changed: 1  Warnings: 0',
    serverStatus: 2,
    warningStatus: 0,
    changedRows: 1
  },
  undefined
]
Stop :  {
  shipmentId: '1',
  shipmentCode: 'SBU2WH_1',
  shipmentData: [
    {
      SHPD_ShipmentMID: 1,
      SHPH_ShipmentID: 1,
      SHPH_ShipmentType: 'New Order',
      SHPH_Status: 2,
      SHPH_ShipmentCode: 'SBU2WH_1',
      ORDM_OrderNumber: 'ORD_SO_SB-U2_1',
      SCPM_ID: 1,
      SCPM_Code: 'BFFO-U2',
      SCPM_Name: 'BHAGWATI FLOUR and FOODS OUTLET',
      SCPM_Caption: 'BHAGWATI OUTLET',
      LGCM_Name: 'SpeedExpress',
      LGCVM_VehicleNumber: 'GJ38TA8566',
      SHPD_ProductName: 'PRODUCT24226',
      SHPD_ProductCode: '24226',
      PL_ProductId: 5,
      PM_PackSize: null,
      PM_GrossWeight: null,
      PM_MinOffset: null,
      PM_MaxOffset: null,
      SHPD_ShipQty: 2,
      BatchId: '22',
      Count: '2',
      LCM_LocationName: 'BHAGWATI FLOUR and FOODS OUTLET',
      Address: 'Sarkhej- Bavla Highway,, Moraiya (Changodar), Ahmedabad, Gujarat, India, 382 213',
      userId: '2',
      userName: 'WH'
    }
  ],
  userId: '2',
  FromSCPId: '3',
  CompanyID: '1'
}
{ shipmentId: '1', newStatus: '10', userId: '2' }
Shipment Status :  [
  ResultSetHeader {
    fieldCount: 0,
    affectedRows: 1,
    insertId: 0,
    info: 'Rows matched: 1  Changed: 1  Warnings: 0',
    serverStatus: 2,
    warningStatus: 0,
    changedRows: 1
  },
  undefined
]
{ shipmentId: '1', newStatus: '6', userId: '2' }
Shipment Status :  [
  ResultSetHeader {
    fieldCount: 0,
    affectedRows: 1,
    insertId: 0,
    info: 'Rows matched: 1  Changed: 1  Warnings: 0',
    serverStatus: 2,
    warningStatus: 0,
    changedRows: 1
  },
  undefined
]
Stop :  {
  shipmentId: '1',
  shipmentCode: 'SBU2WH_1',
  shipmentData: [
    {
      SHPD_ShipmentMID: 1,
      SHPH_ShipmentID: 1,
      SHPH_ShipmentType: 'New Order',
      SHPH_Status: 10,
      SHPH_ShipmentCode: 'SBU2WH_1',
      ORDM_OrderNumber: 'ORD_SO_SB-U2_1',
      SCPM_ID: 1,
      SCPM_Code: 'BFFO-U2',
      SCPM_Name: 'BHAGWATI FLOUR and FOODS OUTLET',
      SCPM_Caption: 'BHAGWATI OUTLET',
      LGCM_Name: 'SpeedExpress',
      LGCVM_VehicleNumber: 'GJ38TA8566',
      SHPD_ProductName: 'PRODUCT24226',
      SHPD_ProductCode: '24226',
      PL_ProductId: 5,
      PM_PackSize: null,
      PM_GrossWeight: null,
      PM_MinOffset: null,
      PM_MaxOffset: null,
      SHPD_ShipQty: 2,
      BatchId: '22',
      Count: '2',
      LCM_LocationName: 'BHAGWATI FLOUR and FOODS OUTLET',
      Address: 'Sarkhej- Bavla Highway,, Moraiya (Changodar), Ahmedabad, Gujarat, India, 382 213',
      userId: '2',
      userName: 'WH'
    }
  ],
  userId: '2',
  FromSCPId: '3',
  CompanyID: '1'
}
{ shipmentId: '1', newStatus: '10', userId: '2' }
Shipment Status :  [
  ResultSetHeader {
    fieldCount: 0,
    affectedRows: 1,
    insertId: 0,
    info: 'Rows matched: 1  Changed: 1  Warnings: 0',
    serverStatus: 2,
    warningStatus: 0,
    changedRows: 1
  },
  undefined
]
{ shipmentId: '1', newStatus: '6', userId: '2' }
Shipment Status :  [
  ResultSetHeader {
    fieldCount: 0,
    affectedRows: 1,
    insertId: 0,
    info: 'Rows matched: 1  Changed: 1  Warnings: 0',
    serverStatus: 2,
    warningStatus: 0,
    changedRows: 1
  },
  undefined
]
Stop :  {
  shipmentId: '1',
  shipmentCode: 'SBU2WH_1',
  shipmentData: [
    {
      SHPD_ShipmentMID: 1,
      SHPH_ShipmentID: 1,
      SHPH_ShipmentType: 'New Order',
      SHPH_Status: 10,
      SHPH_ShipmentCode: 'SBU2WH_1',
      ORDM_OrderNumber: 'ORD_SO_SB-U2_1',
      SCPM_ID: 1,
      SCPM_Code: 'BFFO-U2',
      SCPM_Name: 'BHAGWATI FLOUR and FOODS OUTLET',
      SCPM_Caption: 'BHAGWATI OUTLET',
      LGCM_Name: 'SpeedExpress',
      LGCVM_VehicleNumber: 'GJ38TA8566',
      SHPD_ProductName: 'PRODUCT24226',
      SHPD_ProductCode: '24226',
      PL_ProductId: 5,
      PM_PackSize: null,
      PM_GrossWeight: null,
      PM_MinOffset: null,
      PM_MaxOffset: null,
      SHPD_ShipQty: 2,
      BatchId: '22',
      Count: '2',
      LCM_LocationName: 'BHAGWATI FLOUR and FOODS OUTLET',
      Address: 'Sarkhej- Bavla Highway,, Moraiya (Changodar), Ahmedabad, Gujarat, India, 382 213',
      userId: '2',
      userName: 'WH'
    }
  ],
  userId: '2',
  FromSCPId: '3',
  CompanyID: '1'
}
Stop existing :  []
Pass counts by MID: { '1': 2 }
Updating shipment master MID: 1 with count: 2
Before update - MID 1: ScanQty = null
Shipment master update result: ResultSetHeader {
  fieldCount: 0,
  affectedRows: 1,
  insertId: 0,
  info: 'Rows matched: 1  Changed: 1  Warnings: 0',
  serverStatus: 2,
  warningStatus: 0,
  changedRows: 1
}
After update - MID 1: ScanQty = 2
Updating inventory for product 5 with qty 2
Before inventory update - BlockQty: 2, Available: 2
Inventory update result: ResultSetHeader {
  fieldCount: 0,
  affectedRows: 1,
  insertId: 0,
  info: 'Rows matched: 1  Changed: 1  Warnings: 0',
  serverStatus: 2,
  warningStatus: 0,
  changedRows: 1
}
Checking importrsnshipment table structure...
importrsnshipment columns: [
  'IRS_ID',
  'IRS_ProductID',
  'IRS_ProductMID',
  'IRS_ShipmentID',
  'IRS_ShipmentType',
  'IRS_BatchID',
  'IRS_BatchMID',
  'IRS_RandomNo',
  'IRS_ParentRandomNo',
  'IRS_PackSize',
  'IRS_Status',
  'IRS_CreatedBy',
  'IRS_CreatedTimeStamp',
  'IRS_LastModifedBy',
  'IRS_LastModifiedTimeStamp',
  'IRS_PhysicalLocation',
  'IRS_LogicalLocation',
  'IRS_CompanyGrpID',
  'IRS_CompanyID',
  'IRS_ToSCP',
  'IRS_BatchWeight',
  'IRS_ShipmentWeight',
  'IRS_Remark',
  'IRS_SKU',
  'IRS_Boxno'
]
Updating importrsnshipment for IRS_ID: 52 with weight: 2.75
importrsnshipment update successful, affected rows: 1
Updating importrsnshipment for IRS_ID: 53 with weight: 2.745
importrsnshipment update successful, affected rows: 1
Processing RSN history for IRS_ID: 52
Inserted RSN history ID: 1
Processing RSN history for IRS_ID: 53
Inserted RSN history ID: 2
{ shipmentId: '1', newStatus: '8', userId: '2' }
Shipment Status :  [
  ResultSetHeader {
    fieldCount: 0,
    affectedRows: 1,
    insertId: 0,
    info: 'Rows matched: 1  Changed: 1  Warnings: 0',
    serverStatus: 2,
    warningStatus: 0,
    changedRows: 1
  },
  undefined
]
Inserting dispatch audit row with values: [ '1', 0, 5, 'BFFO-U2', 0, 0, 'NO READ', 4, 5, '2026-02-24 14:35:31' ]
Inserting dispatch audit row with values: [ '1', 0, 5, 'BFFO-U2', 0, 0, 'NO READ', 4, 5, '2026-02-24 14:38:19' ]
Inserting dispatch audit row with values: [
  '1',
  0,
  5,
  'BFFO-U2',
  0,
  0,
  '0101005OBXX05Q',
  4,
  6,
  '2026-02-24 14:39:06'
]
Inserting dispatch audit row with values: [ '1', 0, 5, 'BFFO-U2', 0, 0, 'NO READ', 4, 5, '2026-02-24 14:49:55' ]
Inserting dispatch audit row with values: [ '1', 0, 5, 'BFFO-U2', 0, 0, 'NO READ', 4, 5, '2026-02-24 14:50:24' ]
Inserting dispatch audit row with values: [
  '1',
  467,
  5,
  'BFFO-U2',
  2700,
  1240,
  '01010051XX91OC',
  4,
  3,
  '2026-02-24 14:50:55'
]
Inserting dispatch audit row with values: [
  '1',
  467,
  5,
  'BFFO-U2',
  2700,
  2750,
  '01010051XX91OC',
  22,
  1,
  '2026-02-24 14:52:20'
]
Inserting dispatch audit row with values: [
  '1',
  467,
  5,
  'BFFO-U2',
  2700,
  1280,
  '01010059Z1IM8N',
  4,
  3,
  '2026-02-24 14:53:39'
]
Inserting dispatch audit row with values: [
  '1',
  467,
  5,
  'BFFO-U2',
  2700,
  13320,
  '01010059Z1IM8N',
  4,
  3,
  '2026-02-24 14:54:05'
]
Inserting dispatch audit row with values: [
  '1',
  0,
  5,
  'BFFO-U2',
  0,
  0,
  '01010051XX91OC',
  4,
  10,
  '2026-02-24 14:54:31'
]
Inserting dispatch audit row with values: [
  '1',
  0,
  5,
  'BFFO-U2',
  0,
  0,
  '01010051XX91OC',
  4,
  10,
  '2026-02-24 14:54:56'
]
Inserting dispatch audit row with values: [ '1', 0, 5, 'BFFO-U2', 0, 0, 'NO READ', 4, 5, '2026-02-24 14:55:23' ]
Inserting dispatch audit row with values: [
  '1',
  467,
  5,
  'BFFO-U2',
  2700,
  2745,
  '01010059Z1IM8N',
  22,
  1,
  '2026-02-24 14:56:00'
]
Successfully deleted folder: /home/smart/Dispatch/ProcessFiles/SBU2WH_1
{ shipmentId: '1', selectedScpId: '3' }
Daily MySQL backup scheduled at 10:30
✅ CryptoUtils loaded (COMPATIBLE VERSION)
Server running on port 9010
connected to the Local database
{ shipmentId: '2', newStatus: '6', userId: '2' }
Shipment Status :  [
  ResultSetHeader {
    fieldCount: 0,
    affectedRows: 1,
    insertId: 0,
    info: 'Rows matched: 1  Changed: 1  Warnings: 0',
    serverStatus: 2,
    warningStatus: 0,
    changedRows: 1
  },
  undefined
]
Stop :  {
  shipmentId: '2',
  shipmentCode: 'SBU2WH_2',
  shipmentData: [
    {
      SHPD_ShipmentMID: 2,
      SHPH_ShipmentID: 2,
      SHPH_ShipmentType: 'New Order',
      SHPH_Status: 2,
      SHPH_ShipmentCode: 'SBU2WH_2',
      ORDM_OrderNumber: 'ORD_SO_SB-U2_2',
      SCPM_ID: 2,
      SCPM_Code: 'OM-U2',
      SCPM_Name: 'OM MARKETING',
      SCPM_Caption: 'OM',
      LGCM_Name: 'SpeedExpress',
      LGCVM_VehicleNumber: 'GJ38TA8566',
      SHPD_ProductName: 'PRODUCT24226',
      SHPD_ProductCode: '24226',
      PL_ProductId: 5,
      PM_PackSize: null,
      PM_GrossWeight: null,
      PM_MinOffset: null,
      PM_MaxOffset: null,
      SHPD_ShipQty: 2,
      BatchId: '25',
      Count: '2',
      LCM_LocationName: 'OM MARKETING',
      Address: 'Deepkala Avenue,, opposite Government Tubewell,, Ahmedabad, Gujarat, India, 380058',
      userId: '2',
      userName: 'WH'
    }
  ],
  userId: '2',
  FromSCPId: '3',
  CompanyID: '1'
}
Stop existing :  []
Pass counts by MID: { '2': 2 }
Updating shipment master MID: 2 with count: 2
Before update - MID 2: ScanQty = null
Shipment master update result: ResultSetHeader {
  fieldCount: 0,
  affectedRows: 1,
  insertId: 0,
  info: 'Rows matched: 1  Changed: 1  Warnings: 0',
  serverStatus: 2,
  warningStatus: 0,
  changedRows: 1
}
After update - MID 2: ScanQty = 2
Updating inventory for product 5 with qty 2
Before inventory update - BlockQty: 4, Available: 3
Inventory update result: ResultSetHeader {
  fieldCount: 0,
  affectedRows: 1,
  insertId: 0,
  info: 'Rows matched: 1  Changed: 1  Warnings: 0',
  serverStatus: 2,
  warningStatus: 0,
  changedRows: 1
}
Checking importrsnshipment table structure...
importrsnshipment columns: [
  'IRS_ID',
  'IRS_ProductID',
  'IRS_ProductMID',
  'IRS_ShipmentID',
  'IRS_ShipmentType',
  'IRS_BatchID',
  'IRS_BatchMID',
  'IRS_RandomNo',
  'IRS_ParentRandomNo',
  'IRS_PackSize',
  'IRS_Status',
  'IRS_CreatedBy',
  'IRS_CreatedTimeStamp',
  'IRS_LastModifedBy',
  'IRS_LastModifiedTimeStamp',
  'IRS_PhysicalLocation',
  'IRS_LogicalLocation',
  'IRS_CompanyGrpID',
  'IRS_CompanyID',
  'IRS_ToSCP',
  'IRS_BatchWeight',
  'IRS_ShipmentWeight',
  'IRS_Remark',
  'IRS_SKU',
  'IRS_Boxno'
]
Updating importrsnshipment for IRS_ID: 58 with weight: 2.745
importrsnshipment update successful, affected rows: 1
Updating importrsnshipment for IRS_ID: 56 with weight: 2.75
importrsnshipment update successful, affected rows: 1
Processing RSN history for IRS_ID: 58
Inserted RSN history ID: 3
Processing RSN history for IRS_ID: 56
Inserted RSN history ID: 4
{ shipmentId: '2', newStatus: '8', userId: '2' }
Shipment Status :  [
  ResultSetHeader {
    fieldCount: 0,
    affectedRows: 1,
    insertId: 0,
    info: 'Rows matched: 1  Changed: 1  Warnings: 0',
    serverStatus: 2,
    warningStatus: 0,
    changedRows: 1
  },
  undefined
]
Inserting dispatch audit row with values: [
  '2',
  468,
  5,
  'OM-U2',
  2700,
  7910,
  '01010056BT3RPD',
  4,
  3,
  '2026-02-24 15:43:58'
]
Inserting dispatch audit row with values: [
  '2',
  468,
  5,
  'OM-U2',
  2700,
  2745,
  '01010056BT3RPD',
  22,
  1,
  '2026-02-24 15:44:23'
]
Inserting dispatch audit row with values: [
  '2',
  468,
  5,
  'OM-U2',
  2700,
  835,
  '0101005IG6HRJR',
  4,
  3,
  '2026-02-24 15:44:51'
]
Inserting dispatch audit row with values: [
  '2',
  0,
  5,
  'OM-U2',
  0,
  0,
  '01010056BT3RPD',
  4,
  10,
  '2026-02-24 15:45:13'
]
Inserting dispatch audit row with values: [
  '2',
  468,
  5,
  'OM-U2',
  2700,
  8080,
  '0101005IG6HRJR',
  4,
  3,
  '2026-02-24 15:45:42'
]
Inserting dispatch audit row with values: [
  '2',
  468,
  5,
  'OM-U2',
  2700,
  2750,
  '0101005IG6HRJR',
  22,
  1,
  '2026-02-24 15:46:25'
]
Successfully deleted folder: /home/smart/Dispatch/ProcessFiles/SBU2WH_2
Daily MySQL backup scheduled at 10:30
✅ CryptoUtils loaded (COMPATIBLE VERSION)
Server running on port 9010
connected to the Local database
INPUT PASSWORD    : Admin@123
DECRYPTED PASSWORD: Admin@123
Found folders: []
{ shipmentId: '5', newStatus: '6', userId: '2' }
Shipment Status :  [
  ResultSetHeader {
    fieldCount: 0,
    affectedRows: 1,
    insertId: 0,
    info: 'Rows matched: 1  Changed: 1  Warnings: 0',
    serverStatus: 2,
    warningStatus: 0,
    changedRows: 1
  },
  undefined
]
Stop :  {
  shipmentId: '5',
  shipmentCode: 'SBU2WH_3',
  shipmentData: [
    {
      SHPD_ShipmentMID: 5,
      SHPH_ShipmentID: 5,
      SHPH_ShipmentType: 'New Order',
      SHPH_Status: 2,
      SHPH_ShipmentCode: 'SBU2WH_3',
      ORDM_OrderNumber: 'ORD_SO_SB-U2_3',
      SCPM_ID: 2,
      SCPM_Code: 'OM-U2',
      SCPM_Name: 'OM MARKETING',
      SCPM_Caption: 'OM',
      LGCM_Name: 'SpeedExpress',
      LGCVM_VehicleNumber: 'GJ38TA8566',
      SHPD_ProductName: 'PRODUCT24226',
      SHPD_ProductCode: '24226',
      PL_ProductId: 5,
      PM_PackSize: null,
      PM_GrossWeight: null,
      PM_MinOffset: null,
      PM_MaxOffset: null,
      SHPD_ShipQty: 1,
      BatchId: '25',
      Count: '1',
      LCM_LocationName: 'OM MARKETING',
      Address: 'Deepkala Avenue,, opposite Government Tubewell,, Ahmedabad, Gujarat, India, 380058',
      userId: '2',
      userName: 'WH'
    }
  ],
  userId: '2',
  FromSCPId: '3',
  CompanyID: '1'
}
{ shipmentId: '5', newStatus: '10', userId: '2' }
Shipment Status :  [
  ResultSetHeader {
    fieldCount: 0,
    affectedRows: 1,
    insertId: 0,
    info: 'Rows matched: 1  Changed: 1  Warnings: 0',
    serverStatus: 2,
    warningStatus: 0,
    changedRows: 1
  },
  undefined
]
{ shipmentId: '5', newStatus: '6', userId: '2' }
Shipment Status :  [
  ResultSetHeader {
    fieldCount: 0,
    affectedRows: 1,
    insertId: 0,
    info: 'Rows matched: 1  Changed: 1  Warnings: 0',
    serverStatus: 2,
    warningStatus: 0,
    changedRows: 1
  },
  undefined
]
Stop :  {
  shipmentId: '5',
  shipmentCode: 'SBU2WH_3',
  shipmentData: [
    {
      SHPD_ShipmentMID: 5,
      SHPH_ShipmentID: 5,
      SHPH_ShipmentType: 'New Order',
      SHPH_Status: 2,
      SHPH_ShipmentCode: 'SBU2WH_3',
      ORDM_OrderNumber: 'ORD_SO_SB-U2_3',
      SCPM_ID: 2,
      SCPM_Code: 'OM-U2',
      SCPM_Name: 'OM MARKETING',
      SCPM_Caption: 'OM',
      LGCM_Name: 'SpeedExpress',
      LGCVM_VehicleNumber: 'GJ38TA8566',
      SHPD_ProductName: 'PRODUCT24226',
      SHPD_ProductCode: '24226',
      PL_ProductId: 5,
      PM_PackSize: null,
      PM_GrossWeight: null,
      PM_MinOffset: null,
      PM_MaxOffset: null,
      SHPD_ShipQty: 1,
      BatchId: '25',
      Count: '1',
      LCM_LocationName: 'OM MARKETING',
      Address: 'Deepkala Avenue,, opposite Government Tubewell,, Ahmedabad, Gujarat, India, 380058',
      userId: '2',
      userName: 'WH'
    }
  ],
  userId: '2',
  FromSCPId: '3',
  CompanyID: '1'
}
{ shipmentId: '5', newStatus: '10', userId: '2' }
Shipment Status :  [
  ResultSetHeader {
    fieldCount: 0,
    affectedRows: 1,
    insertId: 0,
    info: 'Rows matched: 1  Changed: 1  Warnings: 0',
    serverStatus: 2,
    warningStatus: 0,
    changedRows: 1
  },
  undefined
]
{ shipmentId: '5', newStatus: '6', userId: '2' }
Shipment Status :  [
  ResultSetHeader {
    fieldCount: 0,
    affectedRows: 1,
    insertId: 0,
    info: 'Rows matched: 1  Changed: 1  Warnings: 0',
    serverStatus: 2,
    warningStatus: 0,
    changedRows: 1
  },
  undefined
]
Stop :  {
  shipmentId: '5',
  shipmentCode: 'SBU2WH_3',
  shipmentData: [
    {
      SHPD_ShipmentMID: 5,
      SHPH_ShipmentID: 5,
      SHPH_ShipmentType: 'New Order',
      SHPH_Status: 6,
      SHPH_ShipmentCode: 'SBU2WH_3',
      ORDM_OrderNumber: 'ORD_SO_SB-U2_3',
      SCPM_ID: 2,
      SCPM_Code: 'OM-U2',
      SCPM_Name: 'OM MARKETING',
      SCPM_Caption: 'OM',
      LGCM_Name: 'SpeedExpress',
      LGCVM_VehicleNumber: 'GJ38TA8566',
      SHPD_ProductName: 'PRODUCT24226',
      SHPD_ProductCode: '24226',
      PL_ProductId: 5,
      PM_PackSize: null,
      PM_GrossWeight: null,
      PM_MinOffset: null,
      PM_MaxOffset: null,
      SHPD_ShipQty: 1,
      BatchId: '25',
      Count: '1',
      LCM_LocationName: 'OM MARKETING',
      Address: 'Deepkala Avenue,, opposite Government Tubewell,, Ahmedabad, Gujarat, India, 380058',
      userId: '2',
      userName: 'WH'
    }
  ],
  userId: '2',
  FromSCPId: '3',
  CompanyID: '1'
}
Stop existing :  []
Pass counts by MID: { '5': 1 }
Updating shipment master MID: 5 with count: 1
Before update - MID 5: ScanQty = null
Shipment master update result: ResultSetHeader {
  fieldCount: 0,
  affectedRows: 1,
  insertId: 0,
  info: 'Rows matched: 1  Changed: 1  Warnings: 0',
  serverStatus: 2,
  warningStatus: 0,
  changedRows: 1
}
After update - MID 5: ScanQty = 1
Updating inventory for product 5 with qty 1
Before inventory update - BlockQty: 3, Available: 3
Inventory update result: ResultSetHeader {
  fieldCount: 0,
  affectedRows: 1,
  insertId: 0,
  info: 'Rows matched: 1  Changed: 1  Warnings: 0',
  serverStatus: 2,
  warningStatus: 0,
  changedRows: 1
}
Checking importrsnshipment table structure...
importrsnshipment columns: [
  'IRS_ID',
  'IRS_ProductID',
  'IRS_ProductMID',
  'IRS_ShipmentID',
  'IRS_ShipmentType',
  'IRS_BatchID',
  'IRS_BatchMID',
  'IRS_RandomNo',
  'IRS_ParentRandomNo',
  'IRS_PackSize',
  'IRS_Status',
  'IRS_CreatedBy',
  'IRS_CreatedTimeStamp',
  'IRS_LastModifedBy',
  'IRS_LastModifiedTimeStamp',
  'IRS_PhysicalLocation',
  'IRS_LogicalLocation',
  'IRS_CompanyGrpID',
  'IRS_CompanyID',
  'IRS_ToSCP',
  'IRS_BatchWeight',
  'IRS_ShipmentWeight',
  'IRS_Remark',
  'IRS_SKU',
  'IRS_Boxno'
]
Updating importrsnshipment for IRS_ID: 60 with weight: 2.62
importrsnshipment update successful, affected rows: 1
Processing RSN history for IRS_ID: 60
Inserted RSN history ID: 5
{ shipmentId: '5', newStatus: '8', userId: '2' }
Shipment Status :  [
  ResultSetHeader {
    fieldCount: 0,
    affectedRows: 1,
    insertId: 0,
    info: 'Rows matched: 1  Changed: 1  Warnings: 0',
    serverStatus: 2,
    warningStatus: 0,
    changedRows: 1
  },
  undefined
]
Inserting dispatch audit row with values: [
  '5',
  0,
  5,
  'OM-U2',
  0,
  0,
  '010100578JXZ4T',
  4,
  8,
  '2026-02-24 16:47:14'
]
Inserting dispatch audit row with values: [
  '5',
  469,
  5,
  'OM-U2',
  2700,
  11435,
  '010100578JXZ4T',
  4,
  4,
  '2026-02-24 16:48:33'
]
Inserting dispatch audit row with values: [
  '5',
  470,
  5,
  'OM-U2',
  2700,
  2620,
  '010100578JXZ4T',
  22,
  2,
  '2026-02-24 17:18:26'
]
Successfully deleted folder: /home/smart/Dispatch/ProcessFiles/SBU2WH_3
Daily MySQL backup scheduled at 10:30
✅ CryptoUtils loaded (COMPATIBLE VERSION)
Server running on port 9010
connected to the Local database
INPUT PASSWORD    : Admin@123
DECRYPTED PASSWORD: Admin@123
Found folders: []
Backup created at: /home/smart/Dispatch/Backup/DailyBackup/backup-2026-02-25_05-00-00-012.sql
INPUT PASSWORD    : Admin@123
DECRYPTED PASSWORD: Admin@123
Found folders: []
Daily MySQL backup scheduled at 10:30
✅ CryptoUtils loaded (COMPATIBLE VERSION)
Server running on port 9010
connected to the Local database
INPUT PASSWORD    : Admin@123
DECRYPTED PASSWORD: Admin@123
Found folders: []
{ shipmentId: '6', newStatus: '6', userId: '2' }
Shipment Status :  [
  ResultSetHeader {
    fieldCount: 0,
    affectedRows: 1,
    insertId: 0,
    info: 'Rows matched: 1  Changed: 1  Warnings: 0',
    serverStatus: 2,
    warningStatus: 0,
    changedRows: 1
  },
  undefined
]
Daily MySQL backup scheduled at 10:30
✅ CryptoUtils loaded (COMPATIBLE VERSION)
Server running on port 9010
connected to the Local database
{ shipmentId: '6', newStatus: '6', userId: '2' }
Shipment Status :  [
  ResultSetHeader {
    fieldCount: 0,
    affectedRows: 1,
    insertId: 0,
    info: 'Rows matched: 1  Changed: 1  Warnings: 0',
    serverStatus: 2,
    warningStatus: 0,
    changedRows: 1
  },
  undefined
]
Daily MySQL backup scheduled at 10:30
✅ CryptoUtils loaded (COMPATIBLE VERSION)
Server running on port 9010
connected to the Local database
INPUT PASSWORD    : Admin@123
DECRYPTED PASSWORD: Admin@123
Found folders: [ 'SBU2WH_4-1' ]
Checking folder: SBU2WH_4-1, isDash1: true
Derived shipmentCode: SBU2WH_4
Shipment query result for code SBU2WH_4: [ { SHPH_ShipmentID: 6, SHPH_Status: 6 } ]
Resumable shipment found (dash-1): { SHPH_ShipmentID: 6, SHPH_Status: 6 }
Stop :  {
  shipmentId: '6',
  shipmentCode: 'SBU2WH_4',
  shipmentData: [
    {
      SHPD_ShipmentMID: 6,
      SHPH_ShipmentID: 6,
      SHPH_ShipmentType: 'New Order',
      SHPH_Status: 6,
      SHPH_ShipmentCode: 'SBU2WH_4',
      ORDM_OrderNumber: 'ORD_SO_SB-U2_4',
      SCPM_ID: 2,
      SCPM_Code: 'OM-U2',
      SCPM_Name: 'OM MARKETING',
      SCPM_Caption: 'OM',
      LGCM_Name: 'SpeedExpress',
      LGCVM_VehicleNumber: 'GJ38TA8566',
      SHPD_ProductName: 'P25226',
      SHPD_ProductCode: '25226',
      PL_ProductId: 6,
      PM_PackSize: null,
      PM_GrossWeight: null,
      PM_MinOffset: null,
      PM_MaxOffset: null,
      SHPD_ShipQty: 2,
      BatchId: '50',
      Count: '2',
      LCM_LocationName: 'OM MARKETING',
      Address: 'Deepkala Avenue,, opposite Government Tubewell,, Ahmedabad, Gujarat, India, 380058',
      userId: '2',
      userName: 'WH'
    }
  ],
  userId: '2',
  FromSCPId: '3',
  CompanyID: '1'
}
Stop existing :  []
Pass counts by MID: { '6': 1 }
Updating shipment master MID: 6 with count: 1
Before update - MID 6: ScanQty = null
Shipment master update result: ResultSetHeader {
  fieldCount: 0,
  affectedRows: 1,
  insertId: 0,
  info: 'Rows matched: 1  Changed: 1  Warnings: 0',
  serverStatus: 2,
  warningStatus: 0,
  changedRows: 1
}
After update - MID 6: ScanQty = 1
Updating inventory for product 6 with qty 1
Before inventory update - BlockQty: 2, Available: 4
Inventory update result: ResultSetHeader {
  fieldCount: 0,
  affectedRows: 1,
  insertId: 0,
  info: 'Rows matched: 1  Changed: 1  Warnings: 0',
  serverStatus: 2,
  warningStatus: 0,
  changedRows: 1
}
Checking importrsnshipment table structure...
importrsnshipment columns: [
  'IRS_ID',
  'IRS_ProductID',
  'IRS_ProductMID',
  'IRS_ShipmentID',
  'IRS_ShipmentType',
  'IRS_BatchID',
  'IRS_BatchMID',
  'IRS_RandomNo',
  'IRS_ParentRandomNo',
  'IRS_PackSize',
  'IRS_Status',
  'IRS_CreatedBy',
  'IRS_CreatedTimeStamp',
  'IRS_LastModifedBy',
  'IRS_LastModifiedTimeStamp',
  'IRS_PhysicalLocation',
  'IRS_LogicalLocation',
  'IRS_CompanyGrpID',
  'IRS_CompanyID',
  'IRS_ToSCP',
  'IRS_BatchWeight',
  'IRS_ShipmentWeight',
  'IRS_Remark',
  'IRS_SKU',
  'IRS_Boxno'
]
Updating importrsnshipment for IRS_ID: 78 with weight: 2.75
importrsnshipment update successful, affected rows: 1
Processing RSN history for IRS_ID: 78
Inserted RSN history ID: 6
{ shipmentId: '6', newStatus: '10', userId: '2' }
Shipment Status :  [
  ResultSetHeader {
    fieldCount: 0,
    affectedRows: 1,
    insertId: 0,
    info: 'Rows matched: 1  Changed: 1  Warnings: 0',
    serverStatus: 2,
    warningStatus: 0,
    changedRows: 1
  },
  undefined
]
{ shipmentId: '6', newStatus: '6', userId: '2' }
Shipment Status :  [
  ResultSetHeader {
    fieldCount: 0,
    affectedRows: 1,
    insertId: 0,
    info: 'Rows matched: 1  Changed: 1  Warnings: 0',
    serverStatus: 2,
    warningStatus: 0,
    changedRows: 1
  },
  undefined
]
Stop :  {
  shipmentId: '6',
  shipmentCode: 'SBU2WH_4',
  shipmentData: [
    {
      SHPD_ShipmentMID: 6,
      SHPH_ShipmentID: 6,
      SHPH_ShipmentType: 'New Order',
      SHPH_Status: 6,
      SHPH_ShipmentCode: 'SBU2WH_4',
      ORDM_OrderNumber: 'ORD_SO_SB-U2_4',
      SCPM_ID: 2,
      SCPM_Code: 'OM-U2',
      SCPM_Name: 'OM MARKETING',
      SCPM_Caption: 'OM',
      LGCM_Name: 'SpeedExpress',
      LGCVM_VehicleNumber: 'GJ38TA8566',
      SHPD_ProductName: 'P25226',
      SHPD_ProductCode: '25226',
      PL_ProductId: 6,
      PM_PackSize: null,
      PM_GrossWeight: null,
      PM_MinOffset: null,
      PM_MaxOffset: null,
      SHPD_ShipQty: 2,
      BatchId: '50',
      Count: '2',
      LCM_LocationName: 'OM MARKETING',
      Address: 'Deepkala Avenue,, opposite Government Tubewell,, Ahmedabad, Gujarat, India, 380058',
      userId: '2',
      userName: 'WH'
    }
  ],
  userId: '2',
  FromSCPId: '3',
  CompanyID: '1'
}
Stop existing :  [ { IRS_ID: 78 } ]
Pass counts by MID: { '6': 1 }
Updating shipment master MID: 6 with count: 1
Before update - MID 6: ScanQty = 1
Shipment master update result: ResultSetHeader {
  fieldCount: 0,
  affectedRows: 1,
  insertId: 0,
  info: 'Rows matched: 1  Changed: 1  Warnings: 0',
  serverStatus: 2,
  warningStatus: 0,
  changedRows: 1
}
After update - MID 6: ScanQty = 2
Updating inventory for product 6 with qty 1
Before inventory update - BlockQty: 1, Available: 3
Inventory update result: ResultSetHeader {
  fieldCount: 0,
  affectedRows: 1,
  insertId: 0,
  info: 'Rows matched: 1  Changed: 1  Warnings: 0',
  serverStatus: 2,
  warningStatus: 0,
  changedRows: 1
}
Checking importrsnshipment table structure...
importrsnshipment columns: [
  'IRS_ID',
  'IRS_ProductID',
  'IRS_ProductMID',
  'IRS_ShipmentID',
  'IRS_ShipmentType',
  'IRS_BatchID',
  'IRS_BatchMID',
  'IRS_RandomNo',
  'IRS_ParentRandomNo',
  'IRS_PackSize',
  'IRS_Status',
  'IRS_CreatedBy',
  'IRS_CreatedTimeStamp',
  'IRS_LastModifedBy',
  'IRS_LastModifiedTimeStamp',
  'IRS_PhysicalLocation',
  'IRS_LogicalLocation',
  'IRS_CompanyGrpID',
  'IRS_CompanyID',
  'IRS_ToSCP',
  'IRS_BatchWeight',
  'IRS_ShipmentWeight',
  'IRS_Remark',
  'IRS_SKU',
  'IRS_Boxno'
]
Updating importrsnshipment for IRS_ID: 80 with weight: 2.755
importrsnshipment update successful, affected rows: 1
Processing RSN history for IRS_ID: 80
Inserted RSN history ID: 7
{ shipmentId: '6', newStatus: '8', userId: '2' }
Shipment Status :  [
  ResultSetHeader {
    fieldCount: 0,
    affectedRows: 1,
    insertId: 0,
    info: 'Rows matched: 1  Changed: 1  Warnings: 0',
    serverStatus: 2,
    warningStatus: 0,
    changedRows: 1
  },
  undefined
]
Inserting dispatch audit row with values: [
  '6',
  471,
  6,
  'OM-U2',
  2700,
  9955,
  '0101006CTIS28H',
  4,
  3,
  '2026-02-25 12:11:51'
]
Inserting dispatch audit row with values: [
  '6',
  471,
  6,
  'OM-U2',
  2700,
  9425,
  '0101006CTIS28H',
  4,
  3,
  '2026-02-25 12:13:32'
]
Inserting dispatch audit row with values: [
  '6',
  471,
  6,
  'OM-U2',
  2700,
  9975,
  '0101006K00LFOJ',
  4,
  3,
  '2026-02-25 12:14:57'
]
Inserting dispatch audit row with values: [
  '6',
  471,
  6,
  'OM-U2',
  2700,
  785,
  '0101006V0ZPSQ5',
  4,
  3,
  '2026-02-25 12:15:45'
]
Inserting dispatch audit row with values: [
  '6',
  471,
  6,
  'OM-U2',
  2700,
  2750,
  '0101006V0ZPSQ5',
  22,
  1,
  '2026-02-25 12:16:08'
]
Inserting dispatch audit row with values: [
  '6',
  0,
  6,
  'OM-U2',
  0,
  0,
  '0101006V0ZPSQ5',
  4,
  10,
  '2026-02-25 12:16:38'
]
Inserting dispatch audit row with values: [
  '6',
  0,
  6,
  'OM-U2',
  0,
  0,
  '0101006V0ZPSQ5',
  4,
  10,
  '2026-02-25 12:17:04'
]
Inserting dispatch audit row with values: [
  '6',
  0,
  6,
  'OM-U2',
  0,
  0,
  '0101006V0ZPSQ5',
  4,
  10,
  '2026-02-25 12:17:31'
]
Inserting dispatch audit row with values: [ '6', 0, 6, 'OM-U2', 0, 0, 'NO READ', 4, 5, '2026-02-25 12:17:58' ]
Inserting dispatch audit row with values: [
  '6',
  471,
  6,
  'OM-U2',
  2700,
  10245,
  '0101006CTIS28H',
  4,
  3,
  '2026-02-25 12:25:44'
]
Inserting dispatch audit row with values: [
  '6',
  471,
  6,
  'OM-U2',
  2700,
  9660,
  '0101006CTIS28H',
  4,
  3,
  '2026-02-25 12:26:38'
]
Inserting dispatch audit row with values: [
  '6',
  471,
  6,
  'OM-U2',
  2700,
  10350,
  '0101006CTIS28H',
  4,
  3,
  '2026-02-25 12:27:32'
]
Inserting dispatch audit row with values: [
  '6',
  472,
  6,
  'OM-U2',
  2700,
  11665,
  '0101006CTIS28H',
  4,
  3,
  '2026-02-25 12:37:17'
]
Inserting dispatch audit row with values: [
  '6',
  472,
  6,
  'OM-U2',
  2700,
  1580,
  '01010061S39YTQ',
  4,
  3,
  '2026-02-25 12:39:42'
]
Inserting dispatch audit row with values: [ '6', 0, 6, 'OM-U2', 0, 0, 'NO READ', 4, 5, '2026-02-25 12:40:07' ]
Inserting dispatch audit row with values: [
  '6',
  0,
  6,
  'OM-U2',
  0,
  0,
  '0101006V0ZPSQ5',
  4,
  10,
  '2026-02-25 12:40:59'
]
Inserting dispatch audit row with values: [
  '6',
  0,
  6,
  'OM-U2',
  0,
  0,
  '0101004UI1MZLM',
  4,
  6,
  '2026-02-25 12:43:07'
]
Inserting dispatch audit row with values: [
  '6',
  472,
  6,
  'OM-U2',
  2700,
  2755,
  '01010061S39YTQ',
  22,
  1,
  '2026-02-25 12:46:03'
]
Successfully deleted folder: /home/smart/Dispatch/ProcessFiles/SBU2WH_4
{ shipmentId: '6', selectedScpId: '3' }
INPUT PASSWORD    : Admin@123
DECRYPTED PASSWORD: Admin@123
Found folders: []
Daily MySQL backup scheduled at 10:30
✅ CryptoUtils loaded (COMPATIBLE VERSION)
Server running on port 9010
connected to the Local database
Daily MySQL backup scheduled at 10:30
✅ CryptoUtils loaded (COMPATIBLE VERSION)
Server running on port 9010
connected to the Local database
Daily MySQL backup scheduled at 10:30
✅ CryptoUtils loaded (COMPATIBLE VERSION)
Server running on port 9010
connected to the Local database
Daily MySQL backup scheduled at 10:30
✅ CryptoUtils loaded (COMPATIBLE VERSION)
Server running on port 9010
connected to the Local database
Daily MySQL backup scheduled at 10:30
✅ CryptoUtils loaded (COMPATIBLE VERSION)
Server running on port 9010
connected to the Local database
Daily MySQL backup scheduled at 10:30
✅ CryptoUtils loaded (COMPATIBLE VERSION)
Server running on port 9010
connected to the Local database
Daily MySQL backup scheduled at 10:30
✅ CryptoUtils loaded (COMPATIBLE VERSION)
Server running on port 9010
connected to the Local database
INPUT PASSWORD    : Admin@123
DECRYPTED PASSWORD: Admin@123
Found folders: []
{ shipmentId: '7', newStatus: '6', userId: '2' }
Shipment Status :  [
  ResultSetHeader {
    fieldCount: 0,
    affectedRows: 1,
    insertId: 0,
    info: 'Rows matched: 1  Changed: 1  Warnings: 0',
    serverStatus: 2,
    warningStatus: 0,
    changedRows: 1
  },
  undefined
]
Stop :  {
  shipmentId: '7',
  shipmentCode: 'SBU2WH_5',
  shipmentData: [
    {
      SHPD_ShipmentMID: 10,
      SHPH_ShipmentID: 7,
      SHPH_ShipmentType: 'New Order',
      SHPH_Status: 2,
      SHPH_ShipmentCode: 'SBU2WH_5',
      ORDM_OrderNumber: 'ORD_SO_SB-U2_5',
      SCPM_ID: 1,
      SCPM_Code: 'BFFO-U2',
      SCPM_Name: 'BHAGWATI FLOUR and FOODS OUTLET',
      SCPM_Caption: 'BHAGWATI OUTLET',
      LGCM_Name: 'SpeedExpress',
      LGCVM_VehicleNumber: 'GJ38TA8566',
      SHPD_ProductName: 'NEXP25',
      SHPD_ProductCode: '252',
      PL_ProductId: 7,
      PM_PackSize: null,
      PM_GrossWeight: null,
      PM_MinOffset: null,
      PM_MaxOffset: null,
      SHPD_ShipQty: 1,
      BatchId: '57',
      Count: '1',
      LCM_LocationName: 'BHAGWATI FLOUR and FOODS OUTLET',
      Address: 'Sarkhej- Bavla Highway,, Moraiya (Changodar), Ahmedabad, Gujarat, India, 382 213',
      userId: '2',
      userName: 'WH'
    },
    {
      SHPD_ShipmentMID: 12,
      SHPH_ShipmentID: 7,
      SHPH_ShipmentType: 'New Order',
      SHPH_Status: 2,
      SHPH_ShipmentCode: 'SBU2WH_5',
      ORDM_OrderNumber: 'ORD_SO_SB-U2_5',
      SCPM_ID: 1,
      SCPM_Code: 'BFFO-U2',
      SCPM_Name: 'BHAGWATI FLOUR and FOODS OUTLET',
      SCPM_Caption: 'BHAGWATI OUTLET',
      LGCM_Name: 'SpeedExpress',
      LGCVM_VehicleNumber: 'GJ38TA8566',
      SHPD_ProductName: 'PRODUCT28226',
      SHPD_ProductCode: '28226',
      PL_ProductId: 9,
      PM_PackSize: null,
      PM_GrossWeight: null,
      PM_MinOffset: null,
      PM_MaxOffset: null,
      SHPD_ShipQty: 1,
      BatchId: '62',
      Count: '1',
      LCM_LocationName: 'BHAGWATI FLOUR and FOODS OUTLET',
      Address: 'Sarkhej- Bavla Highway,, Moraiya (Changodar), Ahmedabad, Gujarat, India, 382 213',
      userId: '2',
      userName: 'WH'
    },
    {
      SHPD_ShipmentMID: 7,
      SHPH_ShipmentID: 7,
      SHPH_ShipmentType: 'New Order',
      SHPH_Status: 2,
      SHPH_ShipmentCode: 'SBU2WH_5',
      ORDM_OrderNumber: 'ORD_SO_SB-U2_6',
      SCPM_ID: 2,
      SCPM_Code: 'OM-U2',
      SCPM_Name: 'OM MARKETING',
      SCPM_Caption: 'OM',
      LGCM_Name: 'SpeedExpress',
      LGCVM_VehicleNumber: 'GJ38TA8566',
      SHPD_ProductName: 'PRODUCT28226',
      SHPD_ProductCode: '28226',
      PL_ProductId: 9,
      PM_PackSize: null,
      PM_GrossWeight: null,
      PM_MinOffset: null,
      PM_MaxOffset: null,
      SHPD_ShipQty: 1,
      BatchId: '61',
      Count: '1',
      LCM_LocationName: 'OM MARKETING',
      Address: 'Deepkala Avenue,, opposite Government Tubewell,, Ahmedabad, Gujarat, India, 380058',
      userId: '2',
      userName: 'WH'
    },
    {
      SHPD_ShipmentMID: 8,
      SHPH_ShipmentID: 7,
      SHPH_ShipmentType: 'New Order',
      SHPH_Status: 2,
      SHPH_ShipmentCode: 'SBU2WH_5',
      ORDM_OrderNumber: 'ORD_SO_SB-U2_6',
      SCPM_ID: 2,
      SCPM_Code: 'OM-U2',
      SCPM_Name: 'OM MARKETING',
      SCPM_Caption: 'OM',
      LGCM_Name: 'SpeedExpress',
      LGCVM_VehicleNumber: 'GJ38TA8566',
      SHPD_ProductName: 'PRODUCT252',
      SHPD_ProductCode: '25',
      PL_ProductId: 8,
      PM_PackSize: null,
      PM_GrossWeight: null,
      PM_MinOffset: null,
      PM_MaxOffset: null,
      SHPD_ShipQty: 1,
      BatchId: '59',
      Count: '1',
      LCM_LocationName: 'OM MARKETING',
      Address: 'Deepkala Avenue,, opposite Government Tubewell,, Ahmedabad, Gujarat, India, 380058',
      userId: '2',
      userName: 'WH'
    },
    {
      SHPD_ShipmentMID: 9,
      SHPH_ShipmentID: 7,
      SHPH_ShipmentType: 'New Order',
      SHPH_Status: 2,
      SHPH_ShipmentCode: 'SBU2WH_5',
      ORDM_OrderNumber: 'ORD_SO_SB-U2_6',
      SCPM_ID: 2,
      SCPM_Code: 'OM-U2',
      SCPM_Name: 'OM MARKETING',
      SCPM_Caption: 'OM',
      LGCM_Name: 'SpeedExpress',
      LGCVM_VehicleNumber: 'GJ38TA8566',
      SHPD_ProductName: 'NEXP25',
      SHPD_ProductCode: '252',
      PL_ProductId: 7,
      PM_PackSize: null,
      PM_GrossWeight: null,
      PM_MinOffset: null,
      PM_MaxOffset: null,
      SHPD_ShipQty: 1,
      BatchId: '57',
      Count: '1',
      LCM_LocationName: 'OM MARKETING',
      Address: 'Deepkala Avenue,, opposite Government Tubewell,, Ahmedabad, Gujarat, India, 380058',
      userId: '2',
      userName: 'WH'
    },
    {
      SHPD_ShipmentMID: 11,
      SHPH_ShipmentID: 7,
      SHPH_ShipmentType: 'New Order',
      SHPH_Status: 2,
      SHPH_ShipmentCode: 'SBU2WH_5',
      ORDM_OrderNumber: 'ORD_SO_SB-U2_5',
      SCPM_ID: 1,
      SCPM_Code: 'BFFO-U2',
      SCPM_Name: 'BHAGWATI FLOUR and FOODS OUTLET',
      SCPM_Caption: 'BHAGWATI OUTLET',
      LGCM_Name: 'SpeedExpress',
      LGCVM_VehicleNumber: 'GJ38TA8566',
      SHPD_ProductName: 'PRODUCT252',
      SHPD_ProductCode: '25',
      PL_ProductId: 8,
      PM_PackSize: null,
      PM_GrossWeight: null,
      PM_MinOffset: null,
      PM_MaxOffset: null,
      SHPD_ShipQty: 1,
      BatchId: '60',
      Count: '1',
      LCM_LocationName: 'BHAGWATI FLOUR and FOODS OUTLET',
      Address: 'Sarkhej- Bavla Highway,, Moraiya (Changodar), Ahmedabad, Gujarat, India, 382 213',
      userId: '2',
      userName: 'WH'
    }
  ],
  userId: '2',
  FromSCPId: '3',
  CompanyID: '1'
}
Stop existing :  []
Pass counts by MID: { '11': 1 }
Updating shipment master MID: 11 with count: 1
Before update - MID 11: ScanQty = null
Shipment master update result: ResultSetHeader {
  fieldCount: 0,
  affectedRows: 1,
  insertId: 0,
  info: 'Rows matched: 1  Changed: 1  Warnings: 0',
  serverStatus: 2,
  warningStatus: 0,
  changedRows: 1
}
After update - MID 11: ScanQty = 1
Updating inventory for product 8 with qty 1
Before inventory update - BlockQty: 2, Available: 2
Inventory update result: ResultSetHeader {
  fieldCount: 0,
  affectedRows: 1,
  insertId: 0,
  info: 'Rows matched: 1  Changed: 1  Warnings: 0',
  serverStatus: 2,
  warningStatus: 0,
  changedRows: 1
}
Checking importrsnshipment table structure...
importrsnshipment columns: [
  'IRS_ID',
  'IRS_ProductID',
  'IRS_ProductMID',
  'IRS_ShipmentID',
  'IRS_ShipmentType',
  'IRS_BatchID',
  'IRS_BatchMID',
  'IRS_RandomNo',
  'IRS_ParentRandomNo',
  'IRS_PackSize',
  'IRS_Status',
  'IRS_CreatedBy',
  'IRS_CreatedTimeStamp',
  'IRS_LastModifedBy',
  'IRS_LastModifiedTimeStamp',
  'IRS_PhysicalLocation',
  'IRS_LogicalLocation',
  'IRS_CompanyGrpID',
  'IRS_CompanyID',
  'IRS_ToSCP',
  'IRS_BatchWeight',
  'IRS_ShipmentWeight',
  'IRS_Remark',
  'IRS_SKU',
  'IRS_Boxno'
]
Updating importrsnshipment for IRS_ID: 89 with weight: 2.63
importrsnshipment update successful, affected rows: 1
Processing RSN history for IRS_ID: 89
Inserted RSN history ID: 8
{ shipmentId: '7', newStatus: '10', userId: '2' }
Shipment Status :  [
  ResultSetHeader {
    fieldCount: 0,
    affectedRows: 1,
    insertId: 0,
    info: 'Rows matched: 1  Changed: 1  Warnings: 0',
    serverStatus: 2,
    warningStatus: 0,
    changedRows: 1
  },
  undefined
]
{ shipmentId: '7', newStatus: '6', userId: '2' }
Shipment Status :  [
  ResultSetHeader {
    fieldCount: 0,
    affectedRows: 1,
    insertId: 0,
    info: 'Rows matched: 1  Changed: 1  Warnings: 0',
    serverStatus: 2,
    warningStatus: 0,
    changedRows: 1
  },
  undefined
]
Stop :  {
  shipmentId: '7',
  shipmentCode: 'SBU2WH_5',
  shipmentData: [
    {
      SHPD_ShipmentMID: 10,
      SHPH_ShipmentID: 7,
      SHPH_ShipmentType: 'New Order',
      SHPH_Status: 2,
      SHPH_ShipmentCode: 'SBU2WH_5',
      ORDM_OrderNumber: 'ORD_SO_SB-U2_5',
      SCPM_ID: 1,
      SCPM_Code: 'BFFO-U2',
      SCPM_Name: 'BHAGWATI FLOUR and FOODS OUTLET',
      SCPM_Caption: 'BHAGWATI OUTLET',
      LGCM_Name: 'SpeedExpress',
      LGCVM_VehicleNumber: 'GJ38TA8566',
      SHPD_ProductName: 'NEXP25',
      SHPD_ProductCode: '252',
      PL_ProductId: 7,
      PM_PackSize: null,
      PM_GrossWeight: null,
      PM_MinOffset: null,
      PM_MaxOffset: null,
      SHPD_ShipQty: 1,
      BatchId: '57',
      Count: '1',
      LCM_LocationName: 'BHAGWATI FLOUR and FOODS OUTLET',
      Address: 'Sarkhej- Bavla Highway,, Moraiya (Changodar), Ahmedabad, Gujarat, India, 382 213',
      userId: '2',
      userName: 'WH'
    },
    {
      SHPD_ShipmentMID: 12,
      SHPH_ShipmentID: 7,
      SHPH_ShipmentType: 'New Order',
      SHPH_Status: 2,
      SHPH_ShipmentCode: 'SBU2WH_5',
      ORDM_OrderNumber: 'ORD_SO_SB-U2_5',
      SCPM_ID: 1,
      SCPM_Code: 'BFFO-U2',
      SCPM_Name: 'BHAGWATI FLOUR and FOODS OUTLET',
      SCPM_Caption: 'BHAGWATI OUTLET',
      LGCM_Name: 'SpeedExpress',
      LGCVM_VehicleNumber: 'GJ38TA8566',
      SHPD_ProductName: 'PRODUCT28226',
      SHPD_ProductCode: '28226',
      PL_ProductId: 9,
      PM_PackSize: null,
      PM_GrossWeight: null,
      PM_MinOffset: null,
      PM_MaxOffset: null,
      SHPD_ShipQty: 1,
      BatchId: '62',
      Count: '1',
      LCM_LocationName: 'BHAGWATI FLOUR and FOODS OUTLET',
      Address: 'Sarkhej- Bavla Highway,, Moraiya (Changodar), Ahmedabad, Gujarat, India, 382 213',
      userId: '2',
      userName: 'WH'
    },
    {
      SHPD_ShipmentMID: 7,
      SHPH_ShipmentID: 7,
      SHPH_ShipmentType: 'New Order',
      SHPH_Status: 2,
      SHPH_ShipmentCode: 'SBU2WH_5',
      ORDM_OrderNumber: 'ORD_SO_SB-U2_6',
      SCPM_ID: 2,
      SCPM_Code: 'OM-U2',
      SCPM_Name: 'OM MARKETING',
      SCPM_Caption: 'OM',
      LGCM_Name: 'SpeedExpress',
      LGCVM_VehicleNumber: 'GJ38TA8566',
      SHPD_ProductName: 'PRODUCT28226',
      SHPD_ProductCode: '28226',
      PL_ProductId: 9,
      PM_PackSize: null,
      PM_GrossWeight: null,
      PM_MinOffset: null,
      PM_MaxOffset: null,
      SHPD_ShipQty: 1,
      BatchId: '61',
      Count: '1',
      LCM_LocationName: 'OM MARKETING',
      Address: 'Deepkala Avenue,, opposite Government Tubewell,, Ahmedabad, Gujarat, India, 380058',
      userId: '2',
      userName: 'WH'
    },
    {
      SHPD_ShipmentMID: 8,
      SHPH_ShipmentID: 7,
      SHPH_ShipmentType: 'New Order',
      SHPH_Status: 2,
      SHPH_ShipmentCode: 'SBU2WH_5',
      ORDM_OrderNumber: 'ORD_SO_SB-U2_6',
      SCPM_ID: 2,
      SCPM_Code: 'OM-U2',
      SCPM_Name: 'OM MARKETING',
      SCPM_Caption: 'OM',
      LGCM_Name: 'SpeedExpress',
      LGCVM_VehicleNumber: 'GJ38TA8566',
      SHPD_ProductName: 'PRODUCT252',
      SHPD_ProductCode: '25',
      PL_ProductId: 8,
      PM_PackSize: null,
      PM_GrossWeight: null,
      PM_MinOffset: null,
      PM_MaxOffset: null,
      SHPD_ShipQty: 1,
      BatchId: '59',
      Count: '1',
      LCM_LocationName: 'OM MARKETING',
      Address: 'Deepkala Avenue,, opposite Government Tubewell,, Ahmedabad, Gujarat, India, 380058',
      userId: '2',
      userName: 'WH'
    },
    {
      SHPD_ShipmentMID: 9,
      SHPH_ShipmentID: 7,
      SHPH_ShipmentType: 'New Order',
      SHPH_Status: 2,
      SHPH_ShipmentCode: 'SBU2WH_5',
      ORDM_OrderNumber: 'ORD_SO_SB-U2_6',
      SCPM_ID: 2,
      SCPM_Code: 'OM-U2',
      SCPM_Name: 'OM MARKETING',
      SCPM_Caption: 'OM',
      LGCM_Name: 'SpeedExpress',
      LGCVM_VehicleNumber: 'GJ38TA8566',
      SHPD_ProductName: 'NEXP25',
      SHPD_ProductCode: '252',
      PL_ProductId: 7,
      PM_PackSize: null,
      PM_GrossWeight: null,
      PM_MinOffset: null,
      PM_MaxOffset: null,
      SHPD_ShipQty: 1,
      BatchId: '57',
      Count: '1',
      LCM_LocationName: 'OM MARKETING',
      Address: 'Deepkala Avenue,, opposite Government Tubewell,, Ahmedabad, Gujarat, India, 380058',
      userId: '2',
      userName: 'WH'
    },
    {
      SHPD_ShipmentMID: 11,
      SHPH_ShipmentID: 7,
      SHPH_ShipmentType: 'New Order',
      SHPH_Status: 2,
      SHPH_ShipmentCode: 'SBU2WH_5',
      ORDM_OrderNumber: 'ORD_SO_SB-U2_5',
      SCPM_ID: 1,
      SCPM_Code: 'BFFO-U2',
      SCPM_Name: 'BHAGWATI FLOUR and FOODS OUTLET',
      SCPM_Caption: 'BHAGWATI OUTLET',
      LGCM_Name: 'SpeedExpress',
      LGCVM_VehicleNumber: 'GJ38TA8566',
      SHPD_ProductName: 'PRODUCT252',
      SHPD_ProductCode: '25',
      PL_ProductId: 8,
      PM_PackSize: null,
      PM_GrossWeight: null,
      PM_MinOffset: null,
      PM_MaxOffset: null,
      SHPD_ShipQty: 1,
      BatchId: '60',
      Count: '1',
      LCM_LocationName: 'BHAGWATI FLOUR and FOODS OUTLET',
      Address: 'Sarkhej- Bavla Highway,, Moraiya (Changodar), Ahmedabad, Gujarat, India, 382 213',
      userId: '2',
      userName: 'WH'
    }
  ],
  userId: '2',
  FromSCPId: '3',
  CompanyID: '1'
}
Stop existing :  [ { IRS_ID: 89 } ]
{ shipmentId: '7', newStatus: '10', userId: '2' }
Shipment Status :  [
  ResultSetHeader {
    fieldCount: 0,
    affectedRows: 1,
    insertId: 0,
    info: 'Rows matched: 1  Changed: 1  Warnings: 0',
    serverStatus: 2,
    warningStatus: 0,
    changedRows: 1
  },
  undefined
]
{ shipmentId: '7', newStatus: '6', userId: '2' }
Shipment Status :  [
  ResultSetHeader {
    fieldCount: 0,
    affectedRows: 1,
    insertId: 0,
    info: 'Rows matched: 1  Changed: 1  Warnings: 0',
    serverStatus: 2,
    warningStatus: 0,
    changedRows: 1
  },
  undefined
]
Stop :  {
  shipmentId: '7',
  shipmentCode: 'SBU2WH_5',
  shipmentData: [
    {
      SHPD_ShipmentMID: 7,
      SHPH_ShipmentID: 7,
      SHPH_ShipmentType: 'New Order',
      SHPH_Status: 2,
      SHPH_ShipmentCode: 'SBU2WH_5',
      ORDM_OrderNumber: 'ORD_SO_SB-U2_6',
      SCPM_ID: 2,
      SCPM_Code: 'OM-U2',
      SCPM_Name: 'OM MARKETING',
      SCPM_Caption: 'OM',
      LGCM_Name: 'SpeedExpress',
      LGCVM_VehicleNumber: 'GJ38TA8566',
      SHPD_ProductName: 'PRODUCT28226',
      SHPD_ProductCode: '28226',
      PL_ProductId: 9,
      PM_PackSize: null,
      PM_GrossWeight: null,
      PM_MinOffset: null,
      PM_MaxOffset: null,
      SHPD_ShipQty: 1,
      BatchId: '61',
      Count: '1',
      LCM_LocationName: 'OM MARKETING',
      Address: 'Deepkala Avenue,, opposite Government Tubewell,, Ahmedabad, Gujarat, India, 380058',
      userId: '2',
      userName: 'WH'
    },
    {
      SHPD_ShipmentMID: 8,
      SHPH_ShipmentID: 7,
      SHPH_ShipmentType: 'New Order',
      SHPH_Status: 2,
      SHPH_ShipmentCode: 'SBU2WH_5',
      ORDM_OrderNumber: 'ORD_SO_SB-U2_6',
      SCPM_ID: 2,
      SCPM_Code: 'OM-U2',
      SCPM_Name: 'OM MARKETING',
      SCPM_Caption: 'OM',
      LGCM_Name: 'SpeedExpress',
      LGCVM_VehicleNumber: 'GJ38TA8566',
      SHPD_ProductName: 'PRODUCT252',
      SHPD_ProductCode: '25',
      PL_ProductId: 8,
      PM_PackSize: null,
      PM_GrossWeight: null,
      PM_MinOffset: null,
      PM_MaxOffset: null,
      SHPD_ShipQty: 1,
      BatchId: '59',
      Count: '1',
      LCM_LocationName: 'OM MARKETING',
      Address: 'Deepkala Avenue,, opposite Government Tubewell,, Ahmedabad, Gujarat, India, 380058',
      userId: '2',
      userName: 'WH'
    },
    {
      SHPD_ShipmentMID: 9,
      SHPH_ShipmentID: 7,
      SHPH_ShipmentType: 'New Order',
      SHPH_Status: 2,
      SHPH_ShipmentCode: 'SBU2WH_5',
      ORDM_OrderNumber: 'ORD_SO_SB-U2_6',
      SCPM_ID: 2,
      SCPM_Code: 'OM-U2',
      SCPM_Name: 'OM MARKETING',
      SCPM_Caption: 'OM',
      LGCM_Name: 'SpeedExpress',
      LGCVM_VehicleNumber: 'GJ38TA8566',
      SHPD_ProductName: 'NEXP25',
      SHPD_ProductCode: '252',
      PL_ProductId: 7,
      PM_PackSize: null,
      PM_GrossWeight: null,
      PM_MinOffset: null,
      PM_MaxOffset: null,
      SHPD_ShipQty: 1,
      BatchId: '57',
      Count: '1',
      LCM_LocationName: 'OM MARKETING',
      Address: 'Deepkala Avenue,, opposite Government Tubewell,, Ahmedabad, Gujarat, India, 380058',
      userId: '2',
      userName: 'WH'
    },
    {
      SHPD_ShipmentMID: 10,
      SHPH_ShipmentID: 7,
      SHPH_ShipmentType: 'New Order',
      SHPH_Status: 2,
      SHPH_ShipmentCode: 'SBU2WH_5',
      ORDM_OrderNumber: 'ORD_SO_SB-U2_5',
      SCPM_ID: 1,
      SCPM_Code: 'BFFO-U2',
      SCPM_Name: 'BHAGWATI FLOUR and FOODS OUTLET',
      SCPM_Caption: 'BHAGWATI OUTLET',
      LGCM_Name: 'SpeedExpress',
      LGCVM_VehicleNumber: 'GJ38TA8566',
      SHPD_ProductName: 'NEXP25',
      SHPD_ProductCode: '252',
      PL_ProductId: 7,
      PM_PackSize: null,
      PM_GrossWeight: null,
      PM_MinOffset: null,
      PM_MaxOffset: null,
      SHPD_ShipQty: 1,
      BatchId: '57',
      Count: '1',
      LCM_LocationName: 'BHAGWATI FLOUR and FOODS OUTLET',
      Address: 'Sarkhej- Bavla Highway,, Moraiya (Changodar), Ahmedabad, Gujarat, India, 382 213',
      userId: '2',
      userName: 'WH'
    },
    {
      SHPD_ShipmentMID: 12,
      SHPH_ShipmentID: 7,
      SHPH_ShipmentType: 'New Order',
      SHPH_Status: 2,
      SHPH_ShipmentCode: 'SBU2WH_5',
      ORDM_OrderNumber: 'ORD_SO_SB-U2_5',
      SCPM_ID: 1,
      SCPM_Code: 'BFFO-U2',
      SCPM_Name: 'BHAGWATI FLOUR and FOODS OUTLET',
      SCPM_Caption: 'BHAGWATI OUTLET',
      LGCM_Name: 'SpeedExpress',
      LGCVM_VehicleNumber: 'GJ38TA8566',
      SHPD_ProductName: 'PRODUCT28226',
      SHPD_ProductCode: '28226',
      PL_ProductId: 9,
      PM_PackSize: null,
      PM_GrossWeight: null,
      PM_MinOffset: null,
      PM_MaxOffset: null,
      SHPD_ShipQty: 1,
      BatchId: '62',
      Count: '1',
      LCM_LocationName: 'BHAGWATI FLOUR and FOODS OUTLET',
      Address: 'Sarkhej- Bavla Highway,, Moraiya (Changodar), Ahmedabad, Gujarat, India, 382 213',
      userId: '2',
      userName: 'WH'
    },
    {
      SHPD_ShipmentMID: 11,
      SHPH_ShipmentID: 7,
      SHPH_ShipmentType: 'New Order',
      SHPH_Status: 2,
      SHPH_ShipmentCode: 'SBU2WH_5',
      ORDM_OrderNumber: 'ORD_SO_SB-U2_5',
      SCPM_ID: 1,
      SCPM_Code: 'BFFO-U2',
      SCPM_Name: 'BHAGWATI FLOUR and FOODS OUTLET',
      SCPM_Caption: 'BHAGWATI OUTLET',
      LGCM_Name: 'SpeedExpress',
      LGCVM_VehicleNumber: 'GJ38TA8566',
      SHPD_ProductName: 'PRODUCT252',
      SHPD_ProductCode: '25',
      PL_ProductId: 8,
      PM_PackSize: null,
      PM_GrossWeight: null,
      PM_MinOffset: null,
      PM_MaxOffset: null,
      SHPD_ShipQty: 1,
      BatchId: '60',
      Count: '1',
      LCM_LocationName: 'BHAGWATI FLOUR and FOODS OUTLET',
      Address: 'Sarkhej- Bavla Highway,, Moraiya (Changodar), Ahmedabad, Gujarat, India, 382 213',
      userId: '2',
      userName: 'WH'
    }
  ],
  userId: '2',
  FromSCPId: '3',
  CompanyID: '1'
}
Stop existing :  [ { IRS_ID: 89 } ]
{ shipmentId: '7', newStatus: '10', userId: '2' }
Shipment Status :  [
  ResultSetHeader {
    fieldCount: 0,
    affectedRows: 1,
    insertId: 0,
    info: 'Rows matched: 1  Changed: 1  Warnings: 0',
    serverStatus: 2,
    warningStatus: 0,
    changedRows: 1
  },
  undefined
]
{ shipmentId: '7', newStatus: '6', userId: '2' }
Shipment Status :  [
  ResultSetHeader {
    fieldCount: 0,
    affectedRows: 1,
    insertId: 0,
    info: 'Rows matched: 1  Changed: 1  Warnings: 0',
    serverStatus: 2,
    warningStatus: 0,
    changedRows: 1
  },
  undefined
]
Stop :  {
  shipmentId: '7',
  shipmentCode: 'SBU2WH_5',
  shipmentData: [
    {
      SHPD_ShipmentMID: 10,
      SHPH_ShipmentID: 7,
      SHPH_ShipmentType: 'New Order',
      SHPH_Status: 2,
      SHPH_ShipmentCode: 'SBU2WH_5',
      ORDM_OrderNumber: 'ORD_SO_SB-U2_5',
      SCPM_ID: 1,
      SCPM_Code: 'BFFO-U2',
      SCPM_Name: 'BHAGWATI FLOUR and FOODS OUTLET',
      SCPM_Caption: 'BHAGWATI OUTLET',
      LGCM_Name: 'SpeedExpress',
      LGCVM_VehicleNumber: 'GJ38TA8566',
      SHPD_ProductName: 'NEXP25',
      SHPD_ProductCode: '252',
      PL_ProductId: 7,
      PM_PackSize: null,
      PM_GrossWeight: null,
      PM_MinOffset: null,
      PM_MaxOffset: null,
      SHPD_ShipQty: 1,
      BatchId: '57',
      Count: '1',
      LCM_LocationName: 'BHAGWATI FLOUR and FOODS OUTLET',
      Address: 'Sarkhej- Bavla Highway,, Moraiya (Changodar), Ahmedabad, Gujarat, India, 382 213',
      userId: '2',
      userName: 'WH'
    },
    {
      SHPD_ShipmentMID: 12,
      SHPH_ShipmentID: 7,
      SHPH_ShipmentType: 'New Order',
      SHPH_Status: 2,
      SHPH_ShipmentCode: 'SBU2WH_5',
      ORDM_OrderNumber: 'ORD_SO_SB-U2_5',
      SCPM_ID: 1,
      SCPM_Code: 'BFFO-U2',
      SCPM_Name: 'BHAGWATI FLOUR and FOODS OUTLET',
      SCPM_Caption: 'BHAGWATI OUTLET',
      LGCM_Name: 'SpeedExpress',
      LGCVM_VehicleNumber: 'GJ38TA8566',
      SHPD_ProductName: 'PRODUCT28226',
      SHPD_ProductCode: '28226',
      PL_ProductId: 9,
      PM_PackSize: null,
      PM_GrossWeight: null,
      PM_MinOffset: null,
      PM_MaxOffset: null,
      SHPD_ShipQty: 1,
      BatchId: '62',
      Count: '1',
      LCM_LocationName: 'BHAGWATI FLOUR and FOODS OUTLET',
      Address: 'Sarkhej- Bavla Highway,, Moraiya (Changodar), Ahmedabad, Gujarat, India, 382 213',
      userId: '2',
      userName: 'WH'
    },
    {
      SHPD_ShipmentMID: 7,
      SHPH_ShipmentID: 7,
      SHPH_ShipmentType: 'New Order',
      SHPH_Status: 2,
      SHPH_ShipmentCode: 'SBU2WH_5',
      ORDM_OrderNumber: 'ORD_SO_SB-U2_6',
      SCPM_ID: 2,
      SCPM_Code: 'OM-U2',
      SCPM_Name: 'OM MARKETING',
      SCPM_Caption: 'OM',
      LGCM_Name: 'SpeedExpress',
      LGCVM_VehicleNumber: 'GJ38TA8566',
      SHPD_ProductName: 'PRODUCT28226',
      SHPD_ProductCode: '28226',
      PL_ProductId: 9,
      PM_PackSize: null,
      PM_GrossWeight: null,
      PM_MinOffset: null,
      PM_MaxOffset: null,
      SHPD_ShipQty: 1,
      BatchId: '61',
      Count: '1',
      LCM_LocationName: 'OM MARKETING',
      Address: 'Deepkala Avenue,, opposite Government Tubewell,, Ahmedabad, Gujarat, India, 380058',
      userId: '2',
      userName: 'WH'
    },
    {
      SHPD_ShipmentMID: 8,
      SHPH_ShipmentID: 7,
      SHPH_ShipmentType: 'New Order',
      SHPH_Status: 2,
      SHPH_ShipmentCode: 'SBU2WH_5',
      ORDM_OrderNumber: 'ORD_SO_SB-U2_6',
      SCPM_ID: 2,
      SCPM_Code: 'OM-U2',
      SCPM_Name: 'OM MARKETING',
      SCPM_Caption: 'OM',
      LGCM_Name: 'SpeedExpress',
      LGCVM_VehicleNumber: 'GJ38TA8566',
      SHPD_ProductName: 'PRODUCT252',
      SHPD_ProductCode: '25',
      PL_ProductId: 8,
      PM_PackSize: null,
      PM_GrossWeight: null,
      PM_MinOffset: null,
      PM_MaxOffset: null,
      SHPD_ShipQty: 1,
      BatchId: '59',
      Count: '1',
      LCM_LocationName: 'OM MARKETING',
      Address: 'Deepkala Avenue,, opposite Government Tubewell,, Ahmedabad, Gujarat, India, 380058',
      userId: '2',
      userName: 'WH'
    },
    {
      SHPD_ShipmentMID: 9,
      SHPH_ShipmentID: 7,
      SHPH_ShipmentType: 'New Order',
      SHPH_Status: 2,
      SHPH_ShipmentCode: 'SBU2WH_5',
      ORDM_OrderNumber: 'ORD_SO_SB-U2_6',
      SCPM_ID: 2,
      SCPM_Code: 'OM-U2',
      SCPM_Name: 'OM MARKETING',
      SCPM_Caption: 'OM',
      LGCM_Name: 'SpeedExpress',
      LGCVM_VehicleNumber: 'GJ38TA8566',
      SHPD_ProductName: 'NEXP25',
      SHPD_ProductCode: '252',
      PL_ProductId: 7,
      PM_PackSize: null,
      PM_GrossWeight: null,
      PM_MinOffset: null,
      PM_MaxOffset: null,
      SHPD_ShipQty: 1,
      BatchId: '57',
      Count: '1',
      LCM_LocationName: 'OM MARKETING',
      Address: 'Deepkala Avenue,, opposite Government Tubewell,, Ahmedabad, Gujarat, India, 380058',
      userId: '2',
      userName: 'WH'
    },
    {
      SHPD_ShipmentMID: 11,
      SHPH_ShipmentID: 7,
      SHPH_ShipmentType: 'New Order',
      SHPH_Status: 2,
      SHPH_ShipmentCode: 'SBU2WH_5',
      ORDM_OrderNumber: 'ORD_SO_SB-U2_5',
      SCPM_ID: 1,
      SCPM_Code: 'BFFO-U2',
      SCPM_Name: 'BHAGWATI FLOUR and FOODS OUTLET',
      SCPM_Caption: 'BHAGWATI OUTLET',
      LGCM_Name: 'SpeedExpress',
      LGCVM_VehicleNumber: 'GJ38TA8566',
      SHPD_ProductName: 'PRODUCT252',
      SHPD_ProductCode: '25',
      PL_ProductId: 8,
      PM_PackSize: null,
      PM_GrossWeight: null,
      PM_MinOffset: null,
      PM_MaxOffset: null,
      SHPD_ShipQty: 1,
      BatchId: '60',
      Count: '1',
      LCM_LocationName: 'BHAGWATI FLOUR and FOODS OUTLET',
      Address: 'Sarkhej- Bavla Highway,, Moraiya (Changodar), Ahmedabad, Gujarat, India, 382 213',
      userId: '2',
      userName: 'WH'
    }
  ],
  userId: '2',
  FromSCPId: '3',
  CompanyID: '1'
}
Stop existing :  [ { IRS_ID: 89 } ]
{ shipmentId: '7', newStatus: '10', userId: '2' }
Shipment Status :  [
  ResultSetHeader {
    fieldCount: 0,
    affectedRows: 1,
    insertId: 0,
    info: 'Rows matched: 1  Changed: 1  Warnings: 0',
    serverStatus: 2,
    warningStatus: 0,
    changedRows: 1
  },
  undefined
]
{ shipmentId: '8', newStatus: '6', userId: '2' }
Shipment Status :  [
  ResultSetHeader {
    fieldCount: 0,
    affectedRows: 1,
    insertId: 0,
    info: 'Rows matched: 1  Changed: 1  Warnings: 0',
    serverStatus: 2,
    warningStatus: 0,
    changedRows: 1
  },
  undefined
]
Stop :  {
  shipmentId: '8',
  shipmentCode: 'SBU2WH_6',
  shipmentData: [
    {
      SHPD_ShipmentMID: 13,
      SHPH_ShipmentID: 8,
      SHPH_ShipmentType: 'New Order',
      SHPH_Status: 2,
      SHPH_ShipmentCode: 'SBU2WH_6',
      ORDM_OrderNumber: 'ORD_SO_SB-U2_7',
      SCPM_ID: 2,
      SCPM_Code: 'OM-U2',
      SCPM_Name: 'OM MARKETING',
      SCPM_Caption: 'OM',
      LGCM_Name: 'SpeedExpress',
      LGCVM_VehicleNumber: 'GJ38TA8566',
      SHPD_ProductName: 'NEXP25',
      SHPD_ProductCode: '252',
      PL_ProductId: 7,
      PM_PackSize: null,
      PM_GrossWeight: null,
      PM_MinOffset: null,
      PM_MaxOffset: null,
      SHPD_ShipQty: 2,
      BatchId: '58',
      Count: '2',
      LCM_LocationName: 'OM MARKETING',
      Address: 'Deepkala Avenue,, opposite Government Tubewell,, Ahmedabad, Gujarat, India, 380058',
      userId: '2',
      userName: 'WH'
    },
    {
      SHPD_ShipmentMID: 14,
      SHPH_ShipmentID: 8,
      SHPH_ShipmentType: 'New Order',
      SHPH_Status: 2,
      SHPH_ShipmentCode: 'SBU2WH_6',
      ORDM_OrderNumber: 'ORD_SO_SB-U2_8',
      SCPM_ID: 1,
      SCPM_Code: 'BFFO-U2',
      SCPM_Name: 'BHAGWATI FLOUR and FOODS OUTLET',
      SCPM_Caption: 'BHAGWATI OUTLET',
      LGCM_Name: 'SpeedExpress',
      LGCVM_VehicleNumber: 'GJ38TA8566',
      SHPD_ProductName: 'NEXP25',
      SHPD_ProductCode: '252',
      PL_ProductId: 7,
      PM_PackSize: null,
      PM_GrossWeight: null,
      PM_MinOffset: null,
      PM_MaxOffset: null,
      SHPD_ShipQty: 2,
      BatchId: '58',
      Count: '2',
      LCM_LocationName: 'BHAGWATI FLOUR and FOODS OUTLET',
      Address: 'Sarkhej- Bavla Highway,, Moraiya (Changodar), Ahmedabad, Gujarat, India, 382 213',
      userId: '2',
      userName: 'WH'
    }
  ],
  userId: '2',
  FromSCPId: '3',
  CompanyID: '1'
}
{ shipmentId: '8', newStatus: '10', userId: '2' }
Shipment Status :  [
  ResultSetHeader {
    fieldCount: 0,
    affectedRows: 1,
    insertId: 0,
    info: 'Rows matched: 1  Changed: 1  Warnings: 0',
    serverStatus: 2,
    warningStatus: 0,
    changedRows: 1
  },
  undefined
]
{ shipmentId: '7', newStatus: '6', userId: '2' }
Shipment Status :  [
  ResultSetHeader {
    fieldCount: 0,
    affectedRows: 1,
    insertId: 0,
    info: 'Rows matched: 1  Changed: 1  Warnings: 0',
    serverStatus: 2,
    warningStatus: 0,
    changedRows: 1
  },
  undefined
]
Stop :  {
  shipmentId: '7',
  shipmentCode: 'SBU2WH_5',
  shipmentData: [
    {
      SHPD_ShipmentMID: 10,
      SHPH_ShipmentID: 7,
      SHPH_ShipmentType: 'New Order',
      SHPH_Status: 10,
      SHPH_ShipmentCode: 'SBU2WH_5',
      ORDM_OrderNumber: 'ORD_SO_SB-U2_5',
      SCPM_ID: 1,
      SCPM_Code: 'BFFO-U2',
      SCPM_Name: 'BHAGWATI FLOUR and FOODS OUTLET',
      SCPM_Caption: 'BHAGWATI OUTLET',
      LGCM_Name: 'SpeedExpress',
      LGCVM_VehicleNumber: 'GJ38TA8566',
      SHPD_ProductName: 'NEXP25',
      SHPD_ProductCode: '252',
      PL_ProductId: 7,
      PM_PackSize: null,
      PM_GrossWeight: null,
      PM_MinOffset: null,
      PM_MaxOffset: null,
      SHPD_ShipQty: 1,
      BatchId: '57',
      Count: '1',
      LCM_LocationName: 'BHAGWATI FLOUR and FOODS OUTLET',
      Address: 'Sarkhej- Bavla Highway,, Moraiya (Changodar), Ahmedabad, Gujarat, India, 382 213',
      userId: '2',
      userName: 'WH'
    },
    {
      SHPD_ShipmentMID: 12,
      SHPH_ShipmentID: 7,
      SHPH_ShipmentType: 'New Order',
      SHPH_Status: 10,
      SHPH_ShipmentCode: 'SBU2WH_5',
      ORDM_OrderNumber: 'ORD_SO_SB-U2_5',
      SCPM_ID: 1,
      SCPM_Code: 'BFFO-U2',
      SCPM_Name: 'BHAGWATI FLOUR and FOODS OUTLET',
      SCPM_Caption: 'BHAGWATI OUTLET',
      LGCM_Name: 'SpeedExpress',
      LGCVM_VehicleNumber: 'GJ38TA8566',
      SHPD_ProductName: 'PRODUCT28226',
      SHPD_ProductCode: '28226',
      PL_ProductId: 9,
      PM_PackSize: null,
      PM_GrossWeight: null,
      PM_MinOffset: null,
      PM_MaxOffset: null,
      SHPD_ShipQty: 1,
      BatchId: '62',
      Count: '1',
      LCM_LocationName: 'BHAGWATI FLOUR and FOODS OUTLET',
      Address: 'Sarkhej- Bavla Highway,, Moraiya (Changodar), Ahmedabad, Gujarat, India, 382 213',
      userId: '2',
      userName: 'WH'
    },
    {
      SHPD_ShipmentMID: 7,
      SHPH_ShipmentID: 7,
      SHPH_ShipmentType: 'New Order',
      SHPH_Status: 10,
      SHPH_ShipmentCode: 'SBU2WH_5',
      ORDM_OrderNumber: 'ORD_SO_SB-U2_6',
      SCPM_ID: 2,
      SCPM_Code: 'OM-U2',
      SCPM_Name: 'OM MARKETING',
      SCPM_Caption: 'OM',
      LGCM_Name: 'SpeedExpress',
      LGCVM_VehicleNumber: 'GJ38TA8566',
      SHPD_ProductName: 'PRODUCT28226',
      SHPD_ProductCode: '28226',
      PL_ProductId: 9,
      PM_PackSize: null,
      PM_GrossWeight: null,
      PM_MinOffset: null,
      PM_MaxOffset: null,
      SHPD_ShipQty: 1,
      BatchId: '61',
      Count: '1',
      LCM_LocationName: 'OM MARKETING',
      Address: 'Deepkala Avenue,, opposite Government Tubewell,, Ahmedabad, Gujarat, India, 380058',
      userId: '2',
      userName: 'WH'
    },
    {
      SHPD_ShipmentMID: 8,
      SHPH_ShipmentID: 7,
      SHPH_ShipmentType: 'New Order',
      SHPH_Status: 10,
      SHPH_ShipmentCode: 'SBU2WH_5',
      ORDM_OrderNumber: 'ORD_SO_SB-U2_6',
      SCPM_ID: 2,
      SCPM_Code: 'OM-U2',
      SCPM_Name: 'OM MARKETING',
      SCPM_Caption: 'OM',
      LGCM_Name: 'SpeedExpress',
      LGCVM_VehicleNumber: 'GJ38TA8566',
      SHPD_ProductName: 'PRODUCT252',
      SHPD_ProductCode: '25',
      PL_ProductId: 8,
      PM_PackSize: null,
      PM_GrossWeight: null,
      PM_MinOffset: null,
      PM_MaxOffset: null,
      SHPD_ShipQty: 1,
      BatchId: '59',
      Count: '1',
      LCM_LocationName: 'OM MARKETING',
      Address: 'Deepkala Avenue,, opposite Government Tubewell,, Ahmedabad, Gujarat, India, 380058',
      userId: '2',
      userName: 'WH'
    },
    {
      SHPD_ShipmentMID: 9,
      SHPH_ShipmentID: 7,
      SHPH_ShipmentType: 'New Order',
      SHPH_Status: 10,
      SHPH_ShipmentCode: 'SBU2WH_5',
      ORDM_OrderNumber: 'ORD_SO_SB-U2_6',
      SCPM_ID: 2,
      SCPM_Code: 'OM-U2',
      SCPM_Name: 'OM MARKETING',
      SCPM_Caption: 'OM',
      LGCM_Name: 'SpeedExpress',
      LGCVM_VehicleNumber: 'GJ38TA8566',
      SHPD_ProductName: 'NEXP25',
      SHPD_ProductCode: '252',
      PL_ProductId: 7,
      PM_PackSize: null,
      PM_GrossWeight: null,
      PM_MinOffset: null,
      PM_MaxOffset: null,
      SHPD_ShipQty: 1,
      BatchId: '57',
      Count: '1',
      LCM_LocationName: 'OM MARKETING',
      Address: 'Deepkala Avenue,, opposite Government Tubewell,, Ahmedabad, Gujarat, India, 380058',
      userId: '2',
      userName: 'WH'
    },
    {
      SHPD_ShipmentMID: 11,
      SHPH_ShipmentID: 7,
      SHPH_ShipmentType: 'New Order',
      SHPH_Status: 10,
      SHPH_ShipmentCode: 'SBU2WH_5',
      ORDM_OrderNumber: 'ORD_SO_SB-U2_5',
      SCPM_ID: 1,
      SCPM_Code: 'BFFO-U2',
      SCPM_Name: 'BHAGWATI FLOUR and FOODS OUTLET',
      SCPM_Caption: 'BHAGWATI OUTLET',
      LGCM_Name: 'SpeedExpress',
      LGCVM_VehicleNumber: 'GJ38TA8566',
      SHPD_ProductName: 'PRODUCT252',
      SHPD_ProductCode: '25',
      PL_ProductId: 8,
      PM_PackSize: null,
      PM_GrossWeight: null,
      PM_MinOffset: null,
      PM_MaxOffset: null,
      SHPD_ShipQty: 1,
      BatchId: '60',
      Count: '1',
      LCM_LocationName: 'BHAGWATI FLOUR and FOODS OUTLET',
      Address: 'Sarkhej- Bavla Highway,, Moraiya (Changodar), Ahmedabad, Gujarat, India, 382 213',
      userId: '2',
      userName: 'WH'
    }
  ],
  userId: '2',
  FromSCPId: '3',
  CompanyID: '1'
}
Stop existing :  [ { IRS_ID: 89 } ]
{ shipmentId: '7', newStatus: '10', userId: '2' }
Shipment Status :  [
  ResultSetHeader {
    fieldCount: 0,
    affectedRows: 1,
    insertId: 0,
    info: 'Rows matched: 1  Changed: 1  Warnings: 0',
    serverStatus: 2,
    warningStatus: 0,
    changedRows: 1
  },
  undefined
]
{ shipmentId: '7', newStatus: '6', userId: '2' }
Shipment Status :  [
  ResultSetHeader {
    fieldCount: 0,
    affectedRows: 1,
    insertId: 0,
    info: 'Rows matched: 1  Changed: 1  Warnings: 0',
    serverStatus: 2,
    warningStatus: 0,
    changedRows: 1
  },
  undefined
]
Stop :  {
  shipmentId: '7',
  shipmentCode: 'SBU2WH_5',
  shipmentData: [
    {
      SHPD_ShipmentMID: 10,
      SHPH_ShipmentID: 7,
      SHPH_ShipmentType: 'New Order',
      SHPH_Status: 10,
      SHPH_ShipmentCode: 'SBU2WH_5',
      ORDM_OrderNumber: 'ORD_SO_SB-U2_5',
      SCPM_ID: 1,
      SCPM_Code: 'BFFO-U2',
      SCPM_Name: 'BHAGWATI FLOUR and FOODS OUTLET',
      SCPM_Caption: 'BHAGWATI OUTLET',
      LGCM_Name: 'SpeedExpress',
      LGCVM_VehicleNumber: 'GJ38TA8566',
      SHPD_ProductName: 'NEXP25',
      SHPD_ProductCode: '252',
      PL_ProductId: 7,
      PM_PackSize: null,
      PM_GrossWeight: null,
      PM_MinOffset: null,
      PM_MaxOffset: null,
      SHPD_ShipQty: 1,
      BatchId: '57',
      Count: '1',
      LCM_LocationName: 'BHAGWATI FLOUR and FOODS OUTLET',
      Address: 'Sarkhej- Bavla Highway,, Moraiya (Changodar), Ahmedabad, Gujarat, India, 382 213',
      userId: '2',
      userName: 'WH'
    },
    {
      SHPD_ShipmentMID: 12,
      SHPH_ShipmentID: 7,
      SHPH_ShipmentType: 'New Order',
      SHPH_Status: 10,
      SHPH_ShipmentCode: 'SBU2WH_5',
      ORDM_OrderNumber: 'ORD_SO_SB-U2_5',
      SCPM_ID: 1,
      SCPM_Code: 'BFFO-U2',
      SCPM_Name: 'BHAGWATI FLOUR and FOODS OUTLET',
      SCPM_Caption: 'BHAGWATI OUTLET',
      LGCM_Name: 'SpeedExpress',
      LGCVM_VehicleNumber: 'GJ38TA8566',
      SHPD_ProductName: 'PRODUCT28226',
      SHPD_ProductCode: '28226',
      PL_ProductId: 9,
      PM_PackSize: null,
      PM_GrossWeight: null,
      PM_MinOffset: null,
      PM_MaxOffset: null,
      SHPD_ShipQty: 1,
      BatchId: '62',
      Count: '1',
      LCM_LocationName: 'BHAGWATI FLOUR and FOODS OUTLET',
      Address: 'Sarkhej- Bavla Highway,, Moraiya (Changodar), Ahmedabad, Gujarat, India, 382 213',
      userId: '2',
      userName: 'WH'
    },
    {
      SHPD_ShipmentMID: 7,
      SHPH_ShipmentID: 7,
      SHPH_ShipmentType: 'New Order',
      SHPH_Status: 10,
      SHPH_ShipmentCode: 'SBU2WH_5',
      ORDM_OrderNumber: 'ORD_SO_SB-U2_6',
      SCPM_ID: 2,
      SCPM_Code: 'OM-U2',
      SCPM_Name: 'OM MARKETING',
      SCPM_Caption: 'OM',
      LGCM_Name: 'SpeedExpress',
      LGCVM_VehicleNumber: 'GJ38TA8566',
      SHPD_ProductName: 'PRODUCT28226',
      SHPD_ProductCode: '28226',
      PL_ProductId: 9,
      PM_PackSize: null,
      PM_GrossWeight: null,
      PM_MinOffset: null,
      PM_MaxOffset: null,
      SHPD_ShipQty: 1,
      BatchId: '61',
      Count: '1',
      LCM_LocationName: 'OM MARKETING',
      Address: 'Deepkala Avenue,, opposite Government Tubewell,, Ahmedabad, Gujarat, India, 380058',
      userId: '2',
      userName: 'WH'
    },
    {
      SHPD_ShipmentMID: 8,
      SHPH_ShipmentID: 7,
      SHPH_ShipmentType: 'New Order',
      SHPH_Status: 10,
      SHPH_ShipmentCode: 'SBU2WH_5',
      ORDM_OrderNumber: 'ORD_SO_SB-U2_6',
      SCPM_ID: 2,
      SCPM_Code: 'OM-U2',
      SCPM_Name: 'OM MARKETING',
      SCPM_Caption: 'OM',
      LGCM_Name: 'SpeedExpress',
      LGCVM_VehicleNumber: 'GJ38TA8566',
      SHPD_ProductName: 'PRODUCT252',
      SHPD_ProductCode: '25',
      PL_ProductId: 8,
      PM_PackSize: null,
      PM_GrossWeight: null,
      PM_MinOffset: null,
      PM_MaxOffset: null,
      SHPD_ShipQty: 1,
      BatchId: '59',
      Count: '1',
      LCM_LocationName: 'OM MARKETING',
      Address: 'Deepkala Avenue,, opposite Government Tubewell,, Ahmedabad, Gujarat, India, 380058',
      userId: '2',
      userName: 'WH'
    },
    {
      SHPD_ShipmentMID: 9,
      SHPH_ShipmentID: 7,
      SHPH_ShipmentType: 'New Order',
      SHPH_Status: 10,
      SHPH_ShipmentCode: 'SBU2WH_5',
      ORDM_OrderNumber: 'ORD_SO_SB-U2_6',
      SCPM_ID: 2,
      SCPM_Code: 'OM-U2',
      SCPM_Name: 'OM MARKETING',
      SCPM_Caption: 'OM',
      LGCM_Name: 'SpeedExpress',
      LGCVM_VehicleNumber: 'GJ38TA8566',
      SHPD_ProductName: 'NEXP25',
      SHPD_ProductCode: '252',
      PL_ProductId: 7,
      PM_PackSize: null,
      PM_GrossWeight: null,
      PM_MinOffset: null,
      PM_MaxOffset: null,
      SHPD_ShipQty: 1,
      BatchId: '57',
      Count: '1',
      LCM_LocationName: 'OM MARKETING',
      Address: 'Deepkala Avenue,, opposite Government Tubewell,, Ahmedabad, Gujarat, India, 380058',
      userId: '2',
      userName: 'WH'
    },
    {
      SHPD_ShipmentMID: 11,
      SHPH_ShipmentID: 7,
      SHPH_ShipmentType: 'New Order',
      SHPH_Status: 10,
      SHPH_ShipmentCode: 'SBU2WH_5',
      ORDM_OrderNumber: 'ORD_SO_SB-U2_5',
      SCPM_ID: 1,
      SCPM_Code: 'BFFO-U2',
      SCPM_Name: 'BHAGWATI FLOUR and FOODS OUTLET',
      SCPM_Caption: 'BHAGWATI OUTLET',
      LGCM_Name: 'SpeedExpress',
      LGCVM_VehicleNumber: 'GJ38TA8566',
      SHPD_ProductName: 'PRODUCT252',
      SHPD_ProductCode: '25',
      PL_ProductId: 8,
      PM_PackSize: null,
      PM_GrossWeight: null,
      PM_MinOffset: null,
      PM_MaxOffset: null,
      SHPD_ShipQty: 1,
      BatchId: '60',
      Count: '1',
      LCM_LocationName: 'BHAGWATI FLOUR and FOODS OUTLET',
      Address: 'Sarkhej- Bavla Highway,, Moraiya (Changodar), Ahmedabad, Gujarat, India, 382 213',
      userId: '2',
      userName: 'WH'
    }
  ],
  userId: '2',
  FromSCPId: '3',
  CompanyID: '1'
}
Stop existing :  [ { IRS_ID: 89 } ]
{ shipmentId: '7', newStatus: '10', userId: '2' }
Shipment Status :  [
  ResultSetHeader {
    fieldCount: 0,
    affectedRows: 1,
    insertId: 0,
    info: 'Rows matched: 1  Changed: 1  Warnings: 0',
    serverStatus: 2,
    warningStatus: 0,
    changedRows: 1
  },
  undefined
]
{ shipmentId: '7', newStatus: '6', userId: '2' }
Shipment Status :  [
  ResultSetHeader {
    fieldCount: 0,
    affectedRows: 1,
    insertId: 0,
    info: 'Rows matched: 1  Changed: 1  Warnings: 0',
    serverStatus: 2,
    warningStatus: 0,
    changedRows: 1
  },
  undefined
]
Stop :  {
  shipmentId: '7',
  shipmentCode: 'SBU2WH_5',
  shipmentData: [
    {
      SHPD_ShipmentMID: 10,
      SHPH_ShipmentID: 7,
      SHPH_ShipmentType: 'New Order',
      SHPH_Status: 10,
      SHPH_ShipmentCode: 'SBU2WH_5',
      ORDM_OrderNumber: 'ORD_SO_SB-U2_5',
      SCPM_ID: 1,
      SCPM_Code: 'BFFO-U2',
      SCPM_Name: 'BHAGWATI FLOUR and FOODS OUTLET',
      SCPM_Caption: 'BHAGWATI OUTLET',
      LGCM_Name: 'SpeedExpress',
      LGCVM_VehicleNumber: 'GJ38TA8566',
      SHPD_ProductName: 'NEXP25',
      SHPD_ProductCode: '252',
      PL_ProductId: 7,
      PM_PackSize: null,
      PM_GrossWeight: null,
      PM_MinOffset: null,
      PM_MaxOffset: null,
      SHPD_ShipQty: 1,
      BatchId: '57',
      Count: '1',
      LCM_LocationName: 'BHAGWATI FLOUR and FOODS OUTLET',
      Address: 'Sarkhej- Bavla Highway,, Moraiya (Changodar), Ahmedabad, Gujarat, India, 382 213',
      userId: '2',
      userName: 'WH'
    },
    {
      SHPD_ShipmentMID: 12,
      SHPH_ShipmentID: 7,
      SHPH_ShipmentType: 'New Order',
      SHPH_Status: 10,
      SHPH_ShipmentCode: 'SBU2WH_5',
      ORDM_OrderNumber: 'ORD_SO_SB-U2_5',
      SCPM_ID: 1,
      SCPM_Code: 'BFFO-U2',
      SCPM_Name: 'BHAGWATI FLOUR and FOODS OUTLET',
      SCPM_Caption: 'BHAGWATI OUTLET',
      LGCM_Name: 'SpeedExpress',
      LGCVM_VehicleNumber: 'GJ38TA8566',
      SHPD_ProductName: 'PRODUCT28226',
      SHPD_ProductCode: '28226',
      PL_ProductId: 9,
      PM_PackSize: null,
      PM_GrossWeight: null,
      PM_MinOffset: null,
      PM_MaxOffset: null,
      SHPD_ShipQty: 1,
      BatchId: '62',
      Count: '1',
      LCM_LocationName: 'BHAGWATI FLOUR and FOODS OUTLET',
      Address: 'Sarkhej- Bavla Highway,, Moraiya (Changodar), Ahmedabad, Gujarat, India, 382 213',
      userId: '2',
      userName: 'WH'
    },
    {
      SHPD_ShipmentMID: 7,
      SHPH_ShipmentID: 7,
      SHPH_ShipmentType: 'New Order',
      SHPH_Status: 10,
      SHPH_ShipmentCode: 'SBU2WH_5',
      ORDM_OrderNumber: 'ORD_SO_SB-U2_6',
      SCPM_ID: 2,
      SCPM_Code: 'OM-U2',
      SCPM_Name: 'OM MARKETING',
      SCPM_Caption: 'OM',
      LGCM_Name: 'SpeedExpress',
      LGCVM_VehicleNumber: 'GJ38TA8566',
      SHPD_ProductName: 'PRODUCT28226',
      SHPD_ProductCode: '28226',
      PL_ProductId: 9,
      PM_PackSize: null,
      PM_GrossWeight: null,
      PM_MinOffset: null,
      PM_MaxOffset: null,
      SHPD_ShipQty: 1,
      BatchId: '61',
      Count: '1',
      LCM_LocationName: 'OM MARKETING',
      Address: 'Deepkala Avenue,, opposite Government Tubewell,, Ahmedabad, Gujarat, India, 380058',
      userId: '2',
      userName: 'WH'
    },
    {
      SHPD_ShipmentMID: 8,
      SHPH_ShipmentID: 7,
      SHPH_ShipmentType: 'New Order',
      SHPH_Status: 10,
      SHPH_ShipmentCode: 'SBU2WH_5',
      ORDM_OrderNumber: 'ORD_SO_SB-U2_6',
      SCPM_ID: 2,
      SCPM_Code: 'OM-U2',
      SCPM_Name: 'OM MARKETING',
      SCPM_Caption: 'OM',
      LGCM_Name: 'SpeedExpress',
      LGCVM_VehicleNumber: 'GJ38TA8566',
      SHPD_ProductName: 'PRODUCT252',
      SHPD_ProductCode: '25',
      PL_ProductId: 8,
      PM_PackSize: null,
      PM_GrossWeight: null,
      PM_MinOffset: null,
      PM_MaxOffset: null,
      SHPD_ShipQty: 1,
      BatchId: '59',
      Count: '1',
      LCM_LocationName: 'OM MARKETING',
      Address: 'Deepkala Avenue,, opposite Government Tubewell,, Ahmedabad, Gujarat, India, 380058',
      userId: '2',
      userName: 'WH'
    },
    {
      SHPD_ShipmentMID: 9,
      SHPH_ShipmentID: 7,
      SHPH_ShipmentType: 'New Order',
      SHPH_Status: 10,
      SHPH_ShipmentCode: 'SBU2WH_5',
      ORDM_OrderNumber: 'ORD_SO_SB-U2_6',
      SCPM_ID: 2,
      SCPM_Code: 'OM-U2',
      SCPM_Name: 'OM MARKETING',
      SCPM_Caption: 'OM',
      LGCM_Name: 'SpeedExpress',
      LGCVM_VehicleNumber: 'GJ38TA8566',
      SHPD_ProductName: 'NEXP25',
      SHPD_ProductCode: '252',
      PL_ProductId: 7,
      PM_PackSize: null,
      PM_GrossWeight: null,
      PM_MinOffset: null,
      PM_MaxOffset: null,
      SHPD_ShipQty: 1,
      BatchId: '57',
      Count: '1',
      LCM_LocationName: 'OM MARKETING',
      Address: 'Deepkala Avenue,, opposite Government Tubewell,, Ahmedabad, Gujarat, India, 380058',
      userId: '2',
      userName: 'WH'
    },
    {
      SHPD_ShipmentMID: 11,
      SHPH_ShipmentID: 7,
      SHPH_ShipmentType: 'New Order',
      SHPH_Status: 10,
      SHPH_ShipmentCode: 'SBU2WH_5',
      ORDM_OrderNumber: 'ORD_SO_SB-U2_5',
      SCPM_ID: 1,
      SCPM_Code: 'BFFO-U2',
      SCPM_Name: 'BHAGWATI FLOUR and FOODS OUTLET',
      SCPM_Caption: 'BHAGWATI OUTLET',
      LGCM_Name: 'SpeedExpress',
      LGCVM_VehicleNumber: 'GJ38TA8566',
      SHPD_ProductName: 'PRODUCT252',
      SHPD_ProductCode: '25',
      PL_ProductId: 8,
      PM_PackSize: null,
      PM_GrossWeight: null,
      PM_MinOffset: null,
      PM_MaxOffset: null,
      SHPD_ShipQty: 1,
      BatchId: '60',
      Count: '1',
      LCM_LocationName: 'BHAGWATI FLOUR and FOODS OUTLET',
      Address: 'Sarkhej- Bavla Highway,, Moraiya (Changodar), Ahmedabad, Gujarat, India, 382 213',
      userId: '2',
      userName: 'WH'
    }
  ],
  userId: '2',
  FromSCPId: '3',
  CompanyID: '1'
}
Stop existing :  [ { IRS_ID: 89 } ]
{ shipmentId: '7', newStatus: '10', userId: '2' }
Shipment Status :  [
  ResultSetHeader {
    fieldCount: 0,
    affectedRows: 1,
    insertId: 0,
    info: 'Rows matched: 1  Changed: 1  Warnings: 0',
    serverStatus: 2,
    warningStatus: 0,
    changedRows: 1
  },
  undefined
]
{ shipmentId: '7', newStatus: '6', userId: '2' }
Shipment Status :  [
  ResultSetHeader {
    fieldCount: 0,
    affectedRows: 1,
    insertId: 0,
    info: 'Rows matched: 1  Changed: 1  Warnings: 0',
    serverStatus: 2,
    warningStatus: 0,
    changedRows: 1
  },
  undefined
]
Stop :  {
  shipmentId: '7',
  shipmentCode: 'SBU2WH_5',
  shipmentData: [
    {
      SHPD_ShipmentMID: 10,
      SHPH_ShipmentID: 7,
      SHPH_ShipmentType: 'New Order',
      SHPH_Status: 10,
      SHPH_ShipmentCode: 'SBU2WH_5',
      ORDM_OrderNumber: 'ORD_SO_SB-U2_5',
      SCPM_ID: 1,
      SCPM_Code: 'BFFO-U2',
      SCPM_Name: 'BHAGWATI FLOUR and FOODS OUTLET',
      SCPM_Caption: 'BHAGWATI OUTLET',
      LGCM_Name: 'SpeedExpress',
      LGCVM_VehicleNumber: 'GJ38TA8566',
      SHPD_ProductName: 'NEXP25',
      SHPD_ProductCode: '252',
      PL_ProductId: 7,
      PM_PackSize: null,
      PM_GrossWeight: null,
      PM_MinOffset: null,
      PM_MaxOffset: null,
      SHPD_ShipQty: 1,
      BatchId: '57',
      Count: '1',
      LCM_LocationName: 'BHAGWATI FLOUR and FOODS OUTLET',
      Address: 'Sarkhej- Bavla Highway,, Moraiya (Changodar), Ahmedabad, Gujarat, India, 382 213',
      userId: '2',
      userName: 'WH'
    },
    {
      SHPD_ShipmentMID: 12,
      SHPH_ShipmentID: 7,
      SHPH_ShipmentType: 'New Order',
      SHPH_Status: 10,
      SHPH_ShipmentCode: 'SBU2WH_5',
      ORDM_OrderNumber: 'ORD_SO_SB-U2_5',
      SCPM_ID: 1,
      SCPM_Code: 'BFFO-U2',
      SCPM_Name: 'BHAGWATI FLOUR and FOODS OUTLET',
      SCPM_Caption: 'BHAGWATI OUTLET',
      LGCM_Name: 'SpeedExpress',
      LGCVM_VehicleNumber: 'GJ38TA8566',
      SHPD_ProductName: 'PRODUCT28226',
      SHPD_ProductCode: '28226',
      PL_ProductId: 9,
      PM_PackSize: null,
      PM_GrossWeight: null,
      PM_MinOffset: null,
      PM_MaxOffset: null,
      SHPD_ShipQty: 1,
      BatchId: '62',
      Count: '1',
      LCM_LocationName: 'BHAGWATI FLOUR and FOODS OUTLET',
      Address: 'Sarkhej- Bavla Highway,, Moraiya (Changodar), Ahmedabad, Gujarat, India, 382 213',
      userId: '2',
      userName: 'WH'
    },
    {
      SHPD_ShipmentMID: 7,
      SHPH_ShipmentID: 7,
      SHPH_ShipmentType: 'New Order',
      SHPH_Status: 10,
      SHPH_ShipmentCode: 'SBU2WH_5',
      ORDM_OrderNumber: 'ORD_SO_SB-U2_6',
      SCPM_ID: 2,
      SCPM_Code: 'OM-U2',
      SCPM_Name: 'OM MARKETING',
      SCPM_Caption: 'OM',
      LGCM_Name: 'SpeedExpress',
      LGCVM_VehicleNumber: 'GJ38TA8566',
      SHPD_ProductName: 'PRODUCT28226',
      SHPD_ProductCode: '28226',
      PL_ProductId: 9,
      PM_PackSize: null,
      PM_GrossWeight: null,
      PM_MinOffset: null,
      PM_MaxOffset: null,
      SHPD_ShipQty: 1,
      BatchId: '61',
      Count: '1',
      LCM_LocationName: 'OM MARKETING',
      Address: 'Deepkala Avenue,, opposite Government Tubewell,, Ahmedabad, Gujarat, India, 380058',
      userId: '2',
      userName: 'WH'
    },
    {
      SHPD_ShipmentMID: 8,
      SHPH_ShipmentID: 7,
      SHPH_ShipmentType: 'New Order',
      SHPH_Status: 10,
      SHPH_ShipmentCode: 'SBU2WH_5',
      ORDM_OrderNumber: 'ORD_SO_SB-U2_6',
      SCPM_ID: 2,
      SCPM_Code: 'OM-U2',
      SCPM_Name: 'OM MARKETING',
      SCPM_Caption: 'OM',
      LGCM_Name: 'SpeedExpress',
      LGCVM_VehicleNumber: 'GJ38TA8566',
      SHPD_ProductName: 'PRODUCT252',
      SHPD_ProductCode: '25',
      PL_ProductId: 8,
      PM_PackSize: null,
      PM_GrossWeight: null,
      PM_MinOffset: null,
      PM_MaxOffset: null,
      SHPD_ShipQty: 1,
      BatchId: '59',
      Count: '1',
      LCM_LocationName: 'OM MARKETING',
      Address: 'Deepkala Avenue,, opposite Government Tubewell,, Ahmedabad, Gujarat, India, 380058',
      userId: '2',
      userName: 'WH'
    },
    {
      SHPD_ShipmentMID: 9,
      SHPH_ShipmentID: 7,
      SHPH_ShipmentType: 'New Order',
      SHPH_Status: 10,
      SHPH_ShipmentCode: 'SBU2WH_5',
      ORDM_OrderNumber: 'ORD_SO_SB-U2_6',
      SCPM_ID: 2,
      SCPM_Code: 'OM-U2',
      SCPM_Name: 'OM MARKETING',
      SCPM_Caption: 'OM',
      LGCM_Name: 'SpeedExpress',
      LGCVM_VehicleNumber: 'GJ38TA8566',
      SHPD_ProductName: 'NEXP25',
      SHPD_ProductCode: '252',
      PL_ProductId: 7,
      PM_PackSize: null,
      PM_GrossWeight: null,
      PM_MinOffset: null,
      PM_MaxOffset: null,
      SHPD_ShipQty: 1,
      BatchId: '57',
      Count: '1',
      LCM_LocationName: 'OM MARKETING',
      Address: 'Deepkala Avenue,, opposite Government Tubewell,, Ahmedabad, Gujarat, India, 380058',
      userId: '2',
      userName: 'WH'
    },
    {
      SHPD_ShipmentMID: 11,
      SHPH_ShipmentID: 7,
      SHPH_ShipmentType: 'New Order',
      SHPH_Status: 10,
      SHPH_ShipmentCode: 'SBU2WH_5',
      ORDM_OrderNumber: 'ORD_SO_SB-U2_5',
      SCPM_ID: 1,
      SCPM_Code: 'BFFO-U2',
      SCPM_Name: 'BHAGWATI FLOUR and FOODS OUTLET',
      SCPM_Caption: 'BHAGWATI OUTLET',
      LGCM_Name: 'SpeedExpress',
      LGCVM_VehicleNumber: 'GJ38TA8566',
      SHPD_ProductName: 'PRODUCT252',
      SHPD_ProductCode: '25',
      PL_ProductId: 8,
      PM_PackSize: null,
      PM_GrossWeight: null,
      PM_MinOffset: null,
      PM_MaxOffset: null,
      SHPD_ShipQty: 1,
      BatchId: '60',
      Count: '1',
      LCM_LocationName: 'BHAGWATI FLOUR and FOODS OUTLET',
      Address: 'Sarkhej- Bavla Highway,, Moraiya (Changodar), Ahmedabad, Gujarat, India, 382 213',
      userId: '2',
      userName: 'WH'
    }
  ],
  userId: '2',
  FromSCPId: '3',
  CompanyID: '1'
}
Stop existing :  [ { IRS_ID: 89 } ]
{ shipmentId: '7', newStatus: '10', userId: '2' }
Shipment Status :  [
  ResultSetHeader {
    fieldCount: 0,
    affectedRows: 1,
    insertId: 0,
    info: 'Rows matched: 1  Changed: 1  Warnings: 0',
    serverStatus: 2,
    warningStatus: 0,
    changedRows: 1
  },
  undefined
]
{ shipmentId: '7', newStatus: '6', userId: '2' }
Shipment Status :  [
  ResultSetHeader {
    fieldCount: 0,
    affectedRows: 1,
    insertId: 0,
    info: 'Rows matched: 1  Changed: 1  Warnings: 0',
    serverStatus: 2,
    warningStatus: 0,
    changedRows: 1
  },
  undefined
]
Stop :  {
  shipmentId: '7',
  shipmentCode: 'SBU2WH_5',
  shipmentData: [
    {
      SHPD_ShipmentMID: 12,
      SHPH_ShipmentID: 7,
      SHPH_ShipmentType: 'New Order',
      SHPH_Status: 10,
      SHPH_ShipmentCode: 'SBU2WH_5',
      ORDM_OrderNumber: 'ORD_SO_SB-U2_5',
      SCPM_ID: 1,
      SCPM_Code: 'BFFO-U2',
      SCPM_Name: 'BHAGWATI FLOUR and FOODS OUTLET',
      SCPM_Caption: 'BHAGWATI OUTLET',
      LGCM_Name: 'SpeedExpress',
      LGCVM_VehicleNumber: 'GJ38TA8566',
      SHPD_ProductName: 'PRODUCT28226',
      SHPD_ProductCode: '28226',
      PL_ProductId: 9,
      PM_PackSize: null,
      PM_GrossWeight: null,
      PM_MinOffset: null,
      PM_MaxOffset: null,
      SHPD_ShipQty: 1,
      BatchId: '62',
      Count: '1',
      LCM_LocationName: 'BHAGWATI FLOUR and FOODS OUTLET',
      Address: 'Sarkhej- Bavla Highway,, Moraiya (Changodar), Ahmedabad, Gujarat, India, 382 213',
      userId: '2',
      userName: 'WH'
    },
    {
      SHPD_ShipmentMID: 7,
      SHPH_ShipmentID: 7,
      SHPH_ShipmentType: 'New Order',
      SHPH_Status: 10,
      SHPH_ShipmentCode: 'SBU2WH_5',
      ORDM_OrderNumber: 'ORD_SO_SB-U2_6',
      SCPM_ID: 2,
      SCPM_Code: 'OM-U2',
      SCPM_Name: 'OM MARKETING',
      SCPM_Caption: 'OM',
      LGCM_Name: 'SpeedExpress',
      LGCVM_VehicleNumber: 'GJ38TA8566',
      SHPD_ProductName: 'PRODUCT28226',
      SHPD_ProductCode: '28226',
      PL_ProductId: 9,
      PM_PackSize: null,
      PM_GrossWeight: null,
      PM_MinOffset: null,
      PM_MaxOffset: null,
      SHPD_ShipQty: 1,
      BatchId: '61',
      Count: '1',
      LCM_LocationName: 'OM MARKETING',
      Address: 'Deepkala Avenue,, opposite Government Tubewell,, Ahmedabad, Gujarat, India, 380058',
      userId: '2',
      userName: 'WH'
    },
    {
      SHPD_ShipmentMID: 8,
      SHPH_ShipmentID: 7,
      SHPH_ShipmentType: 'New Order',
      SHPH_Status: 10,
      SHPH_ShipmentCode: 'SBU2WH_5',
      ORDM_OrderNumber: 'ORD_SO_SB-U2_6',
      SCPM_ID: 2,
      SCPM_Code: 'OM-U2',
      SCPM_Name: 'OM MARKETING',
      SCPM_Caption: 'OM',
      LGCM_Name: 'SpeedExpress',
      LGCVM_VehicleNumber: 'GJ38TA8566',
      SHPD_ProductName: 'PRODUCT252',
      SHPD_ProductCode: '25',
      PL_ProductId: 8,
      PM_PackSize: null,
      PM_GrossWeight: null,
      PM_MinOffset: null,
      PM_MaxOffset: null,
      SHPD_ShipQty: 1,
      BatchId: '59',
      Count: '1',
      LCM_LocationName: 'OM MARKETING',
      Address: 'Deepkala Avenue,, opposite Government Tubewell,, Ahmedabad, Gujarat, India, 380058',
      userId: '2',
      userName: 'WH'
    },
    {
      SHPD_ShipmentMID: 9,
      SHPH_ShipmentID: 7,
      SHPH_ShipmentType: 'New Order',
      SHPH_Status: 10,
      SHPH_ShipmentCode: 'SBU2WH_5',
      ORDM_OrderNumber: 'ORD_SO_SB-U2_6',
      SCPM_ID: 2,
      SCPM_Code: 'OM-U2',
      SCPM_Name: 'OM MARKETING',
      SCPM_Caption: 'OM',
      LGCM_Name: 'SpeedExpress',
      LGCVM_VehicleNumber: 'GJ38TA8566',
      SHPD_ProductName: 'NEXP25',
      SHPD_ProductCode: '252',
      PL_ProductId: 7,
      PM_PackSize: null,
      PM_GrossWeight: null,
      PM_MinOffset: null,
      PM_MaxOffset: null,
      SHPD_ShipQty: 1,
      BatchId: '57',
      Count: '1',
      LCM_LocationName: 'OM MARKETING',
      Address: 'Deepkala Avenue,, opposite Government Tubewell,, Ahmedabad, Gujarat, India, 380058',
      userId: '2',
      userName: 'WH'
    },
    {
      SHPD_ShipmentMID: 10,
      SHPH_ShipmentID: 7,
      SHPH_ShipmentType: 'New Order',
      SHPH_Status: 10,
      SHPH_ShipmentCode: 'SBU2WH_5',
      ORDM_OrderNumber: 'ORD_SO_SB-U2_5',
      SCPM_ID: 1,
      SCPM_Code: 'BFFO-U2',
      SCPM_Name: 'BHAGWATI FLOUR and FOODS OUTLET',
      SCPM_Caption: 'BHAGWATI OUTLET',
      LGCM_Name: 'SpeedExpress',
      LGCVM_VehicleNumber: 'GJ38TA8566',
      SHPD_ProductName: 'NEXP25',
      SHPD_ProductCode: '252',
      PL_ProductId: 7,
      PM_PackSize: null,
      PM_GrossWeight: null,
      PM_MinOffset: null,
      PM_MaxOffset: null,
      SHPD_ShipQty: 1,
      BatchId: '57',
      Count: '1',
      LCM_LocationName: 'BHAGWATI FLOUR and FOODS OUTLET',
      Address: 'Sarkhej- Bavla Highway,, Moraiya (Changodar), Ahmedabad, Gujarat, India, 382 213',
      userId: '2',
      userName: 'WH'
    },
    {
      SHPD_ShipmentMID: 11,
      SHPH_ShipmentID: 7,
      SHPH_ShipmentType: 'New Order',
      SHPH_Status: 10,
      SHPH_ShipmentCode: 'SBU2WH_5',
      ORDM_OrderNumber: 'ORD_SO_SB-U2_5',
      SCPM_ID: 1,
      SCPM_Code: 'BFFO-U2',
      SCPM_Name: 'BHAGWATI FLOUR and FOODS OUTLET',
      SCPM_Caption: 'BHAGWATI OUTLET',
      LGCM_Name: 'SpeedExpress',
      LGCVM_VehicleNumber: 'GJ38TA8566',
      SHPD_ProductName: 'PRODUCT252',
      SHPD_ProductCode: '25',
      PL_ProductId: 8,
      PM_PackSize: null,
      PM_GrossWeight: null,
      PM_MinOffset: null,
      PM_MaxOffset: null,
      SHPD_ShipQty: 1,
      BatchId: '60',
      Count: '1',
      LCM_LocationName: 'BHAGWATI FLOUR and FOODS OUTLET',
      Address: 'Sarkhej- Bavla Highway,, Moraiya (Changodar), Ahmedabad, Gujarat, India, 382 213',
      userId: '2',
      userName: 'WH'
    }
  ],
  userId: '2',
  FromSCPId: '3',
  CompanyID: '1'
}
Stop existing :  [ { IRS_ID: 89 } ]
Pass counts by MID: { '11': 1 }
Updating shipment master MID: 11 with count: 1
Before update - MID 11: ScanQty = 1
Shipment master update result: ResultSetHeader {
  fieldCount: 0,
  affectedRows: 1,
  insertId: 0,
  info: 'Rows matched: 1  Changed: 1  Warnings: 0',
  serverStatus: 2,
  warningStatus: 0,
  changedRows: 1
}
After update - MID 11: ScanQty = 2
Updating inventory for product 7 with qty 1
Before inventory update - BlockQty: 6, Available: 6
Inventory update result: ResultSetHeader {
  fieldCount: 0,
  affectedRows: 1,
  insertId: 0,
  info: 'Rows matched: 1  Changed: 1  Warnings: 0',
  serverStatus: 2,
  warningStatus: 0,
  changedRows: 1
}
Checking importrsnshipment table structure...
importrsnshipment columns: [
  'IRS_ID',
  'IRS_ProductID',
  'IRS_ProductMID',
  'IRS_ShipmentID',
  'IRS_ShipmentType',
  'IRS_BatchID',
  'IRS_BatchMID',
  'IRS_RandomNo',
  'IRS_ParentRandomNo',
  'IRS_PackSize',
  'IRS_Status',
  'IRS_CreatedBy',
  'IRS_CreatedTimeStamp',
  'IRS_LastModifedBy',
  'IRS_LastModifiedTimeStamp',
  'IRS_PhysicalLocation',
  'IRS_LogicalLocation',
  'IRS_CompanyGrpID',
  'IRS_CompanyID',
  'IRS_ToSCP',
  'IRS_BatchWeight',
  'IRS_ShipmentWeight',
  'IRS_Remark',
  'IRS_SKU',
  'IRS_Boxno'
]
Updating importrsnshipment for IRS_ID: 82 with weight: 2.695
importrsnshipment update successful, affected rows: 1
Processing RSN history for IRS_ID: 82
Inserted RSN history ID: 9
{ shipmentId: '7', newStatus: '10', userId: '2' }
Shipment Status :  [
  ResultSetHeader {
    fieldCount: 0,
    affectedRows: 1,
    insertId: 0,
    info: 'Rows matched: 1  Changed: 1  Warnings: 0',
    serverStatus: 2,
    warningStatus: 0,
    changedRows: 1
  },
  undefined
]
Daily MySQL backup scheduled at 10:30
✅ CryptoUtils loaded (COMPATIBLE VERSION)
Server running on port 9010
connected to the Local database
Daily MySQL backup scheduled at 10:30
✅ CryptoUtils loaded (COMPATIBLE VERSION)
Server running on port 9010
connected to the Local database
Daily MySQL backup scheduled at 10:30
✅ CryptoUtils loaded (COMPATIBLE VERSION)
Server running on port 9010
connected to the Local database
Daily MySQL backup scheduled at 10:30
✅ CryptoUtils loaded (COMPATIBLE VERSION)
Server running on port 9010
connected to the Local database
INPUT PASSWORD    : Admin@123
DECRYPTED PASSWORD: Admin@123
Found folders: [ 'SBU2WH_5', 'SBU2WH_6' ]
Checking folder: SBU2WH_5, isDash1: false
Derived shipmentCode: SBU2WH_5
Shipment query result for code SBU2WH_5: [ { SHPH_ShipmentID: 7, SHPH_Status: 10 } ]
Checking folder: SBU2WH_6, isDash1: false
Derived shipmentCode: SBU2WH_6
Shipment query result for code SBU2WH_6: [ { SHPH_ShipmentID: 8, SHPH_Status: 10 } ]
{ shipmentId: '7', newStatus: '6', userId: '2' }
Shipment Status :  [
  ResultSetHeader {
    fieldCount: 0,
    affectedRows: 1,
    insertId: 0,
    info: 'Rows matched: 1  Changed: 1  Warnings: 0',
    serverStatus: 2,
    warningStatus: 0,
    changedRows: 1
  },
  undefined
]
Stop :  {
  shipmentId: '7',
  shipmentCode: 'SBU2WH_5',
  shipmentData: [
    {
      SHPD_ShipmentMID: 12,
      SHPH_ShipmentID: 7,
      SHPH_ShipmentType: 'New Order',
      SHPH_Status: 6,
      SHPH_ShipmentCode: 'SBU2WH_5',
      ORDM_OrderNumber: 'ORD_SO_SB-U2_5',
      SCPM_ID: 1,
      SCPM_Code: 'BFFO-U2',
      SCPM_Name: 'BHAGWATI FLOUR and FOODS OUTLET',
      SCPM_Caption: 'BHAGWATI OUTLET',
      LGCM_Name: 'SpeedExpress',
      LGCVM_VehicleNumber: 'GJ38TA8566',
      SHPD_ProductName: 'PRODUCT28226',
      SHPD_ProductCode: '28226',
      PL_ProductId: 9,
      PM_PackSize: null,
      PM_GrossWeight: null,
      PM_MinOffset: null,
      PM_MaxOffset: null,
      SHPD_ShipQty: 1,
      BatchId: '62',
      Count: '1',
      LCM_LocationName: 'BHAGWATI FLOUR and FOODS OUTLET',
      Address: 'Sarkhej- Bavla Highway,, Moraiya (Changodar), Ahmedabad, Gujarat, India, 382 213',
      userId: '2',
      userName: 'WH'
    },
    {
      SHPD_ShipmentMID: 7,
      SHPH_ShipmentID: 7,
      SHPH_ShipmentType: 'New Order',
      SHPH_Status: 6,
      SHPH_ShipmentCode: 'SBU2WH_5',
      ORDM_OrderNumber: 'ORD_SO_SB-U2_6',
      SCPM_ID: 2,
      SCPM_Code: 'OM-U2',
      SCPM_Name: 'OM MARKETING',
      SCPM_Caption: 'OM',
      LGCM_Name: 'SpeedExpress',
      LGCVM_VehicleNumber: 'GJ38TA8566',
      SHPD_ProductName: 'PRODUCT28226',
      SHPD_ProductCode: '28226',
      PL_ProductId: 9,
      PM_PackSize: null,
      PM_GrossWeight: null,
      PM_MinOffset: null,
      PM_MaxOffset: null,
      SHPD_ShipQty: 1,
      BatchId: '61',
      Count: '1',
      LCM_LocationName: 'OM MARKETING',
      Address: 'Deepkala Avenue,, opposite Government Tubewell,, Ahmedabad, Gujarat, India, 380058',
      userId: '2',
      userName: 'WH'
    },
    {
      SHPD_ShipmentMID: 8,
      SHPH_ShipmentID: 7,
      SHPH_ShipmentType: 'New Order',
      SHPH_Status: 6,
      SHPH_ShipmentCode: 'SBU2WH_5',
      ORDM_OrderNumber: 'ORD_SO_SB-U2_6',
      SCPM_ID: 2,
      SCPM_Code: 'OM-U2',
      SCPM_Name: 'OM MARKETING',
      SCPM_Caption: 'OM',
      LGCM_Name: 'SpeedExpress',
      LGCVM_VehicleNumber: 'GJ38TA8566',
      SHPD_ProductName: 'PRODUCT252',
      SHPD_ProductCode: '25',
      PL_ProductId: 8,
      PM_PackSize: null,
      PM_GrossWeight: null,
      PM_MinOffset: null,
      PM_MaxOffset: null,
      SHPD_ShipQty: 1,
      BatchId: '59',
      Count: '1',
      LCM_LocationName: 'OM MARKETING',
      Address: 'Deepkala Avenue,, opposite Government Tubewell,, Ahmedabad, Gujarat, India, 380058',
      userId: '2',
      userName: 'WH'
    },
    {
      SHPD_ShipmentMID: 9,
      SHPH_ShipmentID: 7,
      SHPH_ShipmentType: 'New Order',
      SHPH_Status: 6,
      SHPH_ShipmentCode: 'SBU2WH_5',
      ORDM_OrderNumber: 'ORD_SO_SB-U2_6',
      SCPM_ID: 2,
      SCPM_Code: 'OM-U2',
      SCPM_Name: 'OM MARKETING',
      SCPM_Caption: 'OM',
      LGCM_Name: 'SpeedExpress',
      LGCVM_VehicleNumber: 'GJ38TA8566',
      SHPD_ProductName: 'NEXP25',
      SHPD_ProductCode: '252',
      PL_ProductId: 7,
      PM_PackSize: null,
      PM_GrossWeight: null,
      PM_MinOffset: null,
      PM_MaxOffset: null,
      SHPD_ShipQty: 1,
      BatchId: '57',
      Count: '1',
      LCM_LocationName: 'OM MARKETING',
      Address: 'Deepkala Avenue,, opposite Government Tubewell,, Ahmedabad, Gujarat, India, 380058',
      userId: '2',
      userName: 'WH'
    },
    {
      SHPD_ShipmentMID: 10,
      SHPH_ShipmentID: 7,
      SHPH_ShipmentType: 'New Order',
      SHPH_Status: 6,
      SHPH_ShipmentCode: 'SBU2WH_5',
      ORDM_OrderNumber: 'ORD_SO_SB-U2_5',
      SCPM_ID: 1,
      SCPM_Code: 'BFFO-U2',
      SCPM_Name: 'BHAGWATI FLOUR and FOODS OUTLET',
      SCPM_Caption: 'BHAGWATI OUTLET',
      LGCM_Name: 'SpeedExpress',
      LGCVM_VehicleNumber: 'GJ38TA8566',
      SHPD_ProductName: 'NEXP25',
      SHPD_ProductCode: '252',
      PL_ProductId: 7,
      PM_PackSize: null,
      PM_GrossWeight: null,
      PM_MinOffset: null,
      PM_MaxOffset: null,
      SHPD_ShipQty: 1,
      BatchId: '57',
      Count: '1',
      LCM_LocationName: 'BHAGWATI FLOUR and FOODS OUTLET',
      Address: 'Sarkhej- Bavla Highway,, Moraiya (Changodar), Ahmedabad, Gujarat, India, 382 213',
      userId: '2',
      userName: 'WH'
    },
    {
      SHPD_ShipmentMID: 11,
      SHPH_ShipmentID: 7,
      SHPH_ShipmentType: 'New Order',
      SHPH_Status: 6,
      SHPH_ShipmentCode: 'SBU2WH_5',
      ORDM_OrderNumber: 'ORD_SO_SB-U2_5',
      SCPM_ID: 1,
      SCPM_Code: 'BFFO-U2',
      SCPM_Name: 'BHAGWATI FLOUR and FOODS OUTLET',
      SCPM_Caption: 'BHAGWATI OUTLET',
      LGCM_Name: 'SpeedExpress',
      LGCVM_VehicleNumber: 'GJ38TA8566',
      SHPD_ProductName: 'PRODUCT252',
      SHPD_ProductCode: '25',
      PL_ProductId: 8,
      PM_PackSize: null,
      PM_GrossWeight: null,
      PM_MinOffset: null,
      PM_MaxOffset: null,
      SHPD_ShipQty: 1,
      BatchId: '60',
      Count: '1',
      LCM_LocationName: 'BHAGWATI FLOUR and FOODS OUTLET',
      Address: 'Sarkhej- Bavla Highway,, Moraiya (Changodar), Ahmedabad, Gujarat, India, 382 213',
      userId: '2',
      userName: 'WH'
    }
  ],
  userId: '2',
  FromSCPId: '3',
  CompanyID: '1'
}
Stop existing :  [ { IRS_ID: 82 }, { IRS_ID: 89 } ]
Pass counts by MID: { '11': 1 }
Updating shipment master MID: 11 with count: 1
Before update - MID 11: ScanQty = 2
Shipment master update result: ResultSetHeader {
  fieldCount: 0,
  affectedRows: 1,
  insertId: 0,
  info: 'Rows matched: 1  Changed: 1  Warnings: 0',
  serverStatus: 2,
  warningStatus: 0,
  changedRows: 1
}
After update - MID 11: ScanQty = 3
Updating inventory for product 7 with qty 1
Before inventory update - BlockQty: 5, Available: 5
Inventory update result: ResultSetHeader {
  fieldCount: 0,
  affectedRows: 1,
  insertId: 0,
  info: 'Rows matched: 1  Changed: 1  Warnings: 0',
  serverStatus: 2,
  warningStatus: 0,
  changedRows: 1
}
Checking importrsnshipment table structure...
importrsnshipment columns: [
  'IRS_ID',
  'IRS_ProductID',
  'IRS_ProductMID',
  'IRS_ShipmentID',
  'IRS_ShipmentType',
  'IRS_BatchID',
  'IRS_BatchMID',
  'IRS_RandomNo',
  'IRS_ParentRandomNo',
  'IRS_PackSize',
  'IRS_Status',
  'IRS_CreatedBy',
  'IRS_CreatedTimeStamp',
  'IRS_LastModifedBy',
  'IRS_LastModifiedTimeStamp',
  'IRS_PhysicalLocation',
  'IRS_LogicalLocation',
  'IRS_CompanyGrpID',
  'IRS_CompanyID',
  'IRS_ToSCP',
  'IRS_BatchWeight',
  'IRS_ShipmentWeight',
  'IRS_Remark',
  'IRS_SKU',
  'IRS_Boxno'
]
Updating importrsnshipment for IRS_ID: 85 with weight: 2.735
importrsnshipment update successful, affected rows: 1
Processing RSN history for IRS_ID: 85
Inserted RSN history ID: 10
{ shipmentId: '7', newStatus: '10', userId: '2' }
Shipment Status :  [
  ResultSetHeader {
    fieldCount: 0,
    affectedRows: 1,
    insertId: 0,
    info: 'Rows matched: 1  Changed: 1  Warnings: 0',
    serverStatus: 2,
    warningStatus: 0,
    changedRows: 1
  },
  undefined
]
{ shipmentId: '7', newStatus: '6', userId: '2' }
Shipment Status :  [
  ResultSetHeader {
    fieldCount: 0,
    affectedRows: 1,
    insertId: 0,
    info: 'Rows matched: 1  Changed: 1  Warnings: 0',
    serverStatus: 2,
    warningStatus: 0,
    changedRows: 1
  },
  undefined
]
Stop :  {
  shipmentId: '7',
  shipmentCode: 'SBU2WH_5',
  shipmentData: [
    {
      SHPD_ShipmentMID: 12,
      SHPH_ShipmentID: 7,
      SHPH_ShipmentType: 'New Order',
      SHPH_Status: 6,
      SHPH_ShipmentCode: 'SBU2WH_5',
      ORDM_OrderNumber: 'ORD_SO_SB-U2_5',
      SCPM_ID: 1,
      SCPM_Code: 'BFFO-U2',
      SCPM_Name: 'BHAGWATI FLOUR and FOODS OUTLET',
      SCPM_Caption: 'BHAGWATI OUTLET',
      LGCM_Name: 'SpeedExpress',
      LGCVM_VehicleNumber: 'GJ38TA8566',
      SHPD_ProductName: 'PRODUCT28226',
      SHPD_ProductCode: '28226',
      PL_ProductId: 9,
      PM_PackSize: null,
      PM_GrossWeight: null,
      PM_MinOffset: null,
      PM_MaxOffset: null,
      SHPD_ShipQty: 1,
      BatchId: '62',
      Count: '1',
      LCM_LocationName: 'BHAGWATI FLOUR and FOODS OUTLET',
      Address: 'Sarkhej- Bavla Highway,, Moraiya (Changodar), Ahmedabad, Gujarat, India, 382 213',
      userId: '2',
      userName: 'WH'
    },
    {
      SHPD_ShipmentMID: 7,
      SHPH_ShipmentID: 7,
      SHPH_ShipmentType: 'New Order',
      SHPH_Status: 6,
      SHPH_ShipmentCode: 'SBU2WH_5',
      ORDM_OrderNumber: 'ORD_SO_SB-U2_6',
      SCPM_ID: 2,
      SCPM_Code: 'OM-U2',
      SCPM_Name: 'OM MARKETING',
      SCPM_Caption: 'OM',
      LGCM_Name: 'SpeedExpress',
      LGCVM_VehicleNumber: 'GJ38TA8566',
      SHPD_ProductName: 'PRODUCT28226',
      SHPD_ProductCode: '28226',
      PL_ProductId: 9,
      PM_PackSize: null,
      PM_GrossWeight: null,
      PM_MinOffset: null,
      PM_MaxOffset: null,
      SHPD_ShipQty: 1,
      BatchId: '61',
      Count: '1',
      LCM_LocationName: 'OM MARKETING',
      Address: 'Deepkala Avenue,, opposite Government Tubewell,, Ahmedabad, Gujarat, India, 380058',
      userId: '2',
      userName: 'WH'
    },
    {
      SHPD_ShipmentMID: 8,
      SHPH_ShipmentID: 7,
      SHPH_ShipmentType: 'New Order',
      SHPH_Status: 6,
      SHPH_ShipmentCode: 'SBU2WH_5',
      ORDM_OrderNumber: 'ORD_SO_SB-U2_6',
      SCPM_ID: 2,
      SCPM_Code: 'OM-U2',
      SCPM_Name: 'OM MARKETING',
      SCPM_Caption: 'OM',
      LGCM_Name: 'SpeedExpress',
      LGCVM_VehicleNumber: 'GJ38TA8566',
      SHPD_ProductName: 'PRODUCT252',
      SHPD_ProductCode: '25',
      PL_ProductId: 8,
      PM_PackSize: null,
      PM_GrossWeight: null,
      PM_MinOffset: null,
      PM_MaxOffset: null,
      SHPD_ShipQty: 1,
      BatchId: '59',
      Count: '1',
      LCM_LocationName: 'OM MARKETING',
      Address: 'Deepkala Avenue,, opposite Government Tubewell,, Ahmedabad, Gujarat, India, 380058',
      userId: '2',
      userName: 'WH'
    },
    {
      SHPD_ShipmentMID: 9,
      SHPH_ShipmentID: 7,
      SHPH_ShipmentType: 'New Order',
      SHPH_Status: 6,
      SHPH_ShipmentCode: 'SBU2WH_5',
      ORDM_OrderNumber: 'ORD_SO_SB-U2_6',
      SCPM_ID: 2,
      SCPM_Code: 'OM-U2',
      SCPM_Name: 'OM MARKETING',
      SCPM_Caption: 'OM',
      LGCM_Name: 'SpeedExpress',
      LGCVM_VehicleNumber: 'GJ38TA8566',
      SHPD_ProductName: 'NEXP25',
      SHPD_ProductCode: '252',
      PL_ProductId: 7,
      PM_PackSize: null,
      PM_GrossWeight: null,
      PM_MinOffset: null,
      PM_MaxOffset: null,
      SHPD_ShipQty: 1,
      BatchId: '57',
      Count: '1',
      LCM_LocationName: 'OM MARKETING',
      Address: 'Deepkala Avenue,, opposite Government Tubewell,, Ahmedabad, Gujarat, India, 380058',
      userId: '2',
      userName: 'WH'
    },
    {
      SHPD_ShipmentMID: 10,
      SHPH_ShipmentID: 7,
      SHPH_ShipmentType: 'New Order',
      SHPH_Status: 6,
      SHPH_ShipmentCode: 'SBU2WH_5',
      ORDM_OrderNumber: 'ORD_SO_SB-U2_5',
      SCPM_ID: 1,
      SCPM_Code: 'BFFO-U2',
      SCPM_Name: 'BHAGWATI FLOUR and FOODS OUTLET',
      SCPM_Caption: 'BHAGWATI OUTLET',
      LGCM_Name: 'SpeedExpress',
      LGCVM_VehicleNumber: 'GJ38TA8566',
      SHPD_ProductName: 'NEXP25',
      SHPD_ProductCode: '252',
      PL_ProductId: 7,
      PM_PackSize: null,
      PM_GrossWeight: null,
      PM_MinOffset: null,
      PM_MaxOffset: null,
      SHPD_ShipQty: 1,
      BatchId: '57',
      Count: '1',
      LCM_LocationName: 'BHAGWATI FLOUR and FOODS OUTLET',
      Address: 'Sarkhej- Bavla Highway,, Moraiya (Changodar), Ahmedabad, Gujarat, India, 382 213',
      userId: '2',
      userName: 'WH'
    },
    {
      SHPD_ShipmentMID: 11,
      SHPH_ShipmentID: 7,
      SHPH_ShipmentType: 'New Order',
      SHPH_Status: 6,
      SHPH_ShipmentCode: 'SBU2WH_5',
      ORDM_OrderNumber: 'ORD_SO_SB-U2_5',
      SCPM_ID: 1,
      SCPM_Code: 'BFFO-U2',
      SCPM_Name: 'BHAGWATI FLOUR and FOODS OUTLET',
      SCPM_Caption: 'BHAGWATI OUTLET',
      LGCM_Name: 'SpeedExpress',
      LGCVM_VehicleNumber: 'GJ38TA8566',
      SHPD_ProductName: 'PRODUCT252',
      SHPD_ProductCode: '25',
      PL_ProductId: 8,
      PM_PackSize: null,
      PM_GrossWeight: null,
      PM_MinOffset: null,
      PM_MaxOffset: null,
      SHPD_ShipQty: 1,
      BatchId: '60',
      Count: '1',
      LCM_LocationName: 'BHAGWATI FLOUR and FOODS OUTLET',
      Address: 'Sarkhej- Bavla Highway,, Moraiya (Changodar), Ahmedabad, Gujarat, India, 382 213',
      userId: '2',
      userName: 'WH'
    }
  ],
  userId: '2',
  FromSCPId: '3',
  CompanyID: '1'
}
Stop existing :  [ { IRS_ID: 82 }, { IRS_ID: 85 }, { IRS_ID: 89 } ]
Pass counts by MID: { '11': 1 }
Updating shipment master MID: 11 with count: 1
Before update - MID 11: ScanQty = 3
Shipment master update result: ResultSetHeader {
  fieldCount: 0,
  affectedRows: 1,
  insertId: 0,
  info: 'Rows matched: 1  Changed: 1  Warnings: 0',
  serverStatus: 2,
  warningStatus: 0,
  changedRows: 1
}
After update - MID 11: ScanQty = 4
Updating inventory for product 7 with qty 1
Before inventory update - BlockQty: 4, Available: 4
Inventory update result: ResultSetHeader {
  fieldCount: 0,
  affectedRows: 1,
  insertId: 0,
  info: 'Rows matched: 1  Changed: 1  Warnings: 0',
  serverStatus: 2,
  warningStatus: 0,
  changedRows: 1
}
Checking importrsnshipment table structure...
importrsnshipment columns: [
  'IRS_ID',
  'IRS_ProductID',
  'IRS_ProductMID',
  'IRS_ShipmentID',
  'IRS_ShipmentType',
  'IRS_BatchID',
  'IRS_BatchMID',
  'IRS_RandomNo',
  'IRS_ParentRandomNo',
  'IRS_PackSize',
  'IRS_Status',
  'IRS_CreatedBy',
  'IRS_CreatedTimeStamp',
  'IRS_LastModifedBy',
  'IRS_LastModifiedTimeStamp',
  'IRS_PhysicalLocation',
  'IRS_LogicalLocation',
  'IRS_CompanyGrpID',
  'IRS_CompanyID',
  'IRS_ToSCP',
  'IRS_BatchWeight',
  'IRS_ShipmentWeight',
  'IRS_Remark',
  'IRS_SKU',
  'IRS_Boxno'
]
Updating importrsnshipment for IRS_ID: 87 with weight: 2.73
importrsnshipment update successful, affected rows: 1
Processing RSN history for IRS_ID: 87
Inserted RSN history ID: 11
{ shipmentId: '7', newStatus: '10', userId: '2' }
Shipment Status :  [
  ResultSetHeader {
    fieldCount: 0,
    affectedRows: 1,
    insertId: 0,
    info: 'Rows matched: 1  Changed: 1  Warnings: 0',
    serverStatus: 2,
    warningStatus: 0,
    changedRows: 1
  },
  undefined
]
Daily MySQL backup scheduled at 10:30
✅ CryptoUtils loaded (COMPATIBLE VERSION)
Server running on port 9010
connected to the Local database
INPUT PASSWORD    : Admin@123
DECRYPTED PASSWORD: Admin@123
Found folders: [ 'SBU2WH_5', 'SBU2WH_6' ]
Checking folder: SBU2WH_5, isDash1: false
Derived shipmentCode: SBU2WH_5
Shipment query result for code SBU2WH_5: [ { SHPH_ShipmentID: 7, SHPH_Status: 10 } ]
Checking folder: SBU2WH_6, isDash1: false
Derived shipmentCode: SBU2WH_6
Shipment query result for code SBU2WH_6: [ { SHPH_ShipmentID: 8, SHPH_Status: 10 } ]
Daily MySQL backup scheduled at 10:30
✅ CryptoUtils loaded (COMPATIBLE VERSION)
Server running on port 9010
connected to the Local database
INPUT PASSWORD    : Admin@123
DECRYPTED PASSWORD: Admin@123
Found folders: [ 'SBU2WH_5', 'SBU2WH_6' ]
Checking folder: SBU2WH_5, isDash1: false
Derived shipmentCode: SBU2WH_5
Shipment query result for code SBU2WH_5: [ { SHPH_ShipmentID: 7, SHPH_Status: 10 } ]
Checking folder: SBU2WH_6, isDash1: false
Derived shipmentCode: SBU2WH_6
Shipment query result for code SBU2WH_6: [ { SHPH_ShipmentID: 8, SHPH_Status: 10 } ]
Daily MySQL backup scheduled at 10:30
✅ CryptoUtils loaded (COMPATIBLE VERSION)
Server running on port 9010
connected to the Local database
Daily MySQL backup scheduled at 10:30
✅ CryptoUtils loaded (COMPATIBLE VERSION)
Server running on port 9010
connected to the Local database
Daily MySQL backup scheduled at 10:30
✅ CryptoUtils loaded (COMPATIBLE VERSION)
Server running on port 9010
connected to the Local database
Daily MySQL backup scheduled at 10:30
✅ CryptoUtils loaded (COMPATIBLE VERSION)
Server running on port 9010
connected to the Local database
Daily MySQL backup scheduled at 10:30
✅ CryptoUtils loaded (COMPATIBLE VERSION)
Server running on port 9010
connected to the Local database
Daily MySQL backup scheduled at 10:30
✅ CryptoUtils loaded (COMPATIBLE VERSION)
Server running on port 9010
connected to the Local database
INPUT PASSWORD    : Admin@123
DECRYPTED PASSWORD: Admin@123
Found folders: [ 'SBU2WH_5', 'SBU2WH_6' ]
Checking folder: SBU2WH_5, isDash1: false
Derived shipmentCode: SBU2WH_5
Shipment query result for code SBU2WH_5: [ { SHPH_ShipmentID: 7, SHPH_Status: 10 } ]
Checking folder: SBU2WH_6, isDash1: false
Derived shipmentCode: SBU2WH_6
Shipment query result for code SBU2WH_6: [ { SHPH_ShipmentID: 8, SHPH_Status: 10 } ]
{ shipmentId: '8', newStatus: '6', userId: '2' }
Shipment Status :  [
  ResultSetHeader {
    fieldCount: 0,
    affectedRows: 1,
    insertId: 0,
    info: 'Rows matched: 1  Changed: 1  Warnings: 0',
    serverStatus: 2,
    warningStatus: 0,
    changedRows: 1
  },
  undefined
]
Stop :  {
  shipmentId: '8',
  shipmentCode: 'SBU2WH_6',
  shipmentData: [
    {
      SHPD_ShipmentMID: 14,
      SHPH_ShipmentID: 8,
      SHPH_ShipmentType: 'New Order',
      SHPH_Status: 10,
      SHPH_ShipmentCode: 'SBU2WH_6',
      ORDM_OrderNumber: 'ORD_SO_SB-U2_8',
      SCPM_ID: 1,
      SCPM_Code: 'BFFO-U2',
      SCPM_Name: 'BHAGWATI FLOUR and FOODS OUTLET',
      SCPM_Caption: 'BHAGWATI OUTLET',
      LGCM_Name: 'SpeedExpress',
      LGCVM_VehicleNumber: 'GJ38TA8566',
      SHPD_ProductName: 'NEXP25',
      SHPD_ProductCode: '252',
      PL_ProductId: 7,
      PM_PackSize: null,
      PM_GrossWeight: null,
      PM_MinOffset: null,
      PM_MaxOffset: null,
      SHPD_ShipQty: 2,
      BatchId: '58',
      Count: '2',
      LCM_LocationName: 'BHAGWATI FLOUR and FOODS OUTLET',
      Address: 'Sarkhej- Bavla Highway,, Moraiya (Changodar), Ahmedabad, Gujarat, India, 382 213',
      userId: '2',
      userName: 'WH'
    },
    {
      SHPD_ShipmentMID: 13,
      SHPH_ShipmentID: 8,
      SHPH_ShipmentType: 'New Order',
      SHPH_Status: 10,
      SHPH_ShipmentCode: 'SBU2WH_6',
      ORDM_OrderNumber: 'ORD_SO_SB-U2_7',
      SCPM_ID: 2,
      SCPM_Code: 'OM-U2',
      SCPM_Name: 'OM MARKETING',
      SCPM_Caption: 'OM',
      LGCM_Name: 'SpeedExpress',
      LGCVM_VehicleNumber: 'GJ38TA8566',
      SHPD_ProductName: 'NEXP25',
      SHPD_ProductCode: '252',
      PL_ProductId: 7,
      PM_PackSize: null,
      PM_GrossWeight: null,
      PM_MinOffset: null,
      PM_MaxOffset: null,
      SHPD_ShipQty: 2,
      BatchId: '58',
      Count: '2',
      LCM_LocationName: 'OM MARKETING',
      Address: 'Deepkala Avenue,, opposite Government Tubewell,, Ahmedabad, Gujarat, India, 380058',
      userId: '2',
      userName: 'WH'
    }
  ],
  userId: '2',
  FromSCPId: '3',
  CompanyID: '1'
}
{ shipmentId: '8', newStatus: '10', userId: '2' }
Shipment Status :  [
  ResultSetHeader {
    fieldCount: 0,
    affectedRows: 1,
    insertId: 0,
    info: 'Rows matched: 1  Changed: 1  Warnings: 0',
    serverStatus: 2,
    warningStatus: 0,
    changedRows: 1
  },
  undefined
]
{ shipmentId: '8', newStatus: '6', userId: '2' }
Shipment Status :  [
  ResultSetHeader {
    fieldCount: 0,
    affectedRows: 1,
    insertId: 0,
    info: 'Rows matched: 1  Changed: 1  Warnings: 0',
    serverStatus: 2,
    warningStatus: 0,
    changedRows: 1
  },
  undefined
]
Stop :  {
  shipmentId: '8',
  shipmentCode: 'SBU2WH_6',
  shipmentData: [
    {
      SHPD_ShipmentMID: 14,
      SHPH_ShipmentID: 8,
      SHPH_ShipmentType: 'New Order',
      SHPH_Status: 10,
      SHPH_ShipmentCode: 'SBU2WH_6',
      ORDM_OrderNumber: 'ORD_SO_SB-U2_8',
      SCPM_ID: 1,
      SCPM_Code: 'BFFO-U2',
      SCPM_Name: 'BHAGWATI FLOUR and FOODS OUTLET',
      SCPM_Caption: 'BHAGWATI OUTLET',
      LGCM_Name: 'SpeedExpress',
      LGCVM_VehicleNumber: 'GJ38TA8566',
      SHPD_ProductName: 'NEXP25',
      SHPD_ProductCode: '252',
      PL_ProductId: 7,
      PM_PackSize: null,
      PM_GrossWeight: null,
      PM_MinOffset: null,
      PM_MaxOffset: null,
      SHPD_ShipQty: 2,
      BatchId: '58',
      Count: '2',
      LCM_LocationName: 'BHAGWATI FLOUR and FOODS OUTLET',
      Address: 'Sarkhej- Bavla Highway,, Moraiya (Changodar), Ahmedabad, Gujarat, India, 382 213',
      userId: '2',
      userName: 'WH'
    },
    {
      SHPD_ShipmentMID: 13,
      SHPH_ShipmentID: 8,
      SHPH_ShipmentType: 'New Order',
      SHPH_Status: 10,
      SHPH_ShipmentCode: 'SBU2WH_6',
      ORDM_OrderNumber: 'ORD_SO_SB-U2_7',
      SCPM_ID: 2,
      SCPM_Code: 'OM-U2',
      SCPM_Name: 'OM MARKETING',
      SCPM_Caption: 'OM',
      LGCM_Name: 'SpeedExpress',
      LGCVM_VehicleNumber: 'GJ38TA8566',
      SHPD_ProductName: 'NEXP25',
      SHPD_ProductCode: '252',
      PL_ProductId: 7,
      PM_PackSize: null,
      PM_GrossWeight: null,
      PM_MinOffset: null,
      PM_MaxOffset: null,
      SHPD_ShipQty: 2,
      BatchId: '58',
      Count: '2',
      LCM_LocationName: 'OM MARKETING',
      Address: 'Deepkala Avenue,, opposite Government Tubewell,, Ahmedabad, Gujarat, India, 380058',
      userId: '2',
      userName: 'WH'
    }
  ],
  userId: '2',
  FromSCPId: '3',
  CompanyID: '1'
}
{ shipmentId: '8', newStatus: '10', userId: '2' }
Shipment Status :  [
  ResultSetHeader {
    fieldCount: 0,
    affectedRows: 1,
    insertId: 0,
    info: 'Rows matched: 1  Changed: 1  Warnings: 0',
    serverStatus: 2,
    warningStatus: 0,
    changedRows: 1
  },
  undefined
]
{ shipmentId: '8', newStatus: '6', userId: '2' }
Shipment Status :  [
  ResultSetHeader {
    fieldCount: 0,
    affectedRows: 1,
    insertId: 0,
    info: 'Rows matched: 1  Changed: 1  Warnings: 0',
    serverStatus: 2,
    warningStatus: 0,
    changedRows: 1
  },
  undefined
]
Stop :  {
  shipmentId: '8',
  shipmentCode: 'SBU2WH_6',
  shipmentData: [
    {
      SHPD_ShipmentMID: 14,
      SHPH_ShipmentID: 8,
      SHPH_ShipmentType: 'New Order',
      SHPH_Status: 10,
      SHPH_ShipmentCode: 'SBU2WH_6',
      ORDM_OrderNumber: 'ORD_SO_SB-U2_8',
      SCPM_ID: 1,
      SCPM_Code: 'BFFO-U2',
      SCPM_Name: 'BHAGWATI FLOUR and FOODS OUTLET',
      SCPM_Caption: 'BHAGWATI OUTLET',
      LGCM_Name: 'SpeedExpress',
      LGCVM_VehicleNumber: 'GJ38TA8566',
      SHPD_ProductName: 'NEXP25',
      SHPD_ProductCode: '252',
      PL_ProductId: 7,
      PM_PackSize: null,
      PM_GrossWeight: null,
      PM_MinOffset: null,
      PM_MaxOffset: null,
      SHPD_ShipQty: 2,
      BatchId: '58',
      Count: '2',
      LCM_LocationName: 'BHAGWATI FLOUR and FOODS OUTLET',
      Address: 'Sarkhej- Bavla Highway,, Moraiya (Changodar), Ahmedabad, Gujarat, India, 382 213',
      userId: '2',
      userName: 'WH'
    },
    {
      SHPD_ShipmentMID: 13,
      SHPH_ShipmentID: 8,
      SHPH_ShipmentType: 'New Order',
      SHPH_Status: 10,
      SHPH_ShipmentCode: 'SBU2WH_6',
      ORDM_OrderNumber: 'ORD_SO_SB-U2_7',
      SCPM_ID: 2,
      SCPM_Code: 'OM-U2',
      SCPM_Name: 'OM MARKETING',
      SCPM_Caption: 'OM',
      LGCM_Name: 'SpeedExpress',
      LGCVM_VehicleNumber: 'GJ38TA8566',
      SHPD_ProductName: 'NEXP25',
      SHPD_ProductCode: '252',
      PL_ProductId: 7,
      PM_PackSize: null,
      PM_GrossWeight: null,
      PM_MinOffset: null,
      PM_MaxOffset: null,
      SHPD_ShipQty: 2,
      BatchId: '58',
      Count: '2',
      LCM_LocationName: 'OM MARKETING',
      Address: 'Deepkala Avenue,, opposite Government Tubewell,, Ahmedabad, Gujarat, India, 380058',
      userId: '2',
      userName: 'WH'
    }
  ],
  userId: '2',
  FromSCPId: '3',
  CompanyID: '1'
}
{ shipmentId: '8', newStatus: '10', userId: '2' }
Shipment Status :  [
  ResultSetHeader {
    fieldCount: 0,
    affectedRows: 1,
    insertId: 0,
    info: 'Rows matched: 1  Changed: 1  Warnings: 0',
    serverStatus: 2,
    warningStatus: 0,
    changedRows: 1
  },
  undefined
]
{ shipmentId: '8', newStatus: '6', userId: '2' }
Shipment Status :  [
  ResultSetHeader {
    fieldCount: 0,
    affectedRows: 1,
    insertId: 0,
    info: 'Rows matched: 1  Changed: 1  Warnings: 0',
    serverStatus: 2,
    warningStatus: 0,
    changedRows: 1
  },
  undefined
]
Stop :  {
  shipmentId: '8',
  shipmentCode: 'SBU2WH_6',
  shipmentData: [
    {
      SHPD_ShipmentMID: 14,
      SHPH_ShipmentID: 8,
      SHPH_ShipmentType: 'New Order',
      SHPH_Status: 10,
      SHPH_ShipmentCode: 'SBU2WH_6',
      ORDM_OrderNumber: 'ORD_SO_SB-U2_8',
      SCPM_ID: 1,
      SCPM_Code: 'BFFO-U2',
      SCPM_Name: 'BHAGWATI FLOUR and FOODS OUTLET',
      SCPM_Caption: 'BHAGWATI OUTLET',
      LGCM_Name: 'SpeedExpress',
      LGCVM_VehicleNumber: 'GJ38TA8566',
      SHPD_ProductName: 'NEXP25',
      SHPD_ProductCode: '252',
      PL_ProductId: 7,
      PM_PackSize: null,
      PM_GrossWeight: null,
      PM_MinOffset: null,
      PM_MaxOffset: null,
      SHPD_ShipQty: 2,
      BatchId: '58',
      Count: '2',
      LCM_LocationName: 'BHAGWATI FLOUR and FOODS OUTLET',
      Address: 'Sarkhej- Bavla Highway,, Moraiya (Changodar), Ahmedabad, Gujarat, India, 382 213',
      userId: '2',
      userName: 'WH'
    },
    {
      SHPD_ShipmentMID: 13,
      SHPH_ShipmentID: 8,
      SHPH_ShipmentType: 'New Order',
      SHPH_Status: 10,
      SHPH_ShipmentCode: 'SBU2WH_6',
      ORDM_OrderNumber: 'ORD_SO_SB-U2_7',
      SCPM_ID: 2,
      SCPM_Code: 'OM-U2',
      SCPM_Name: 'OM MARKETING',
      SCPM_Caption: 'OM',
      LGCM_Name: 'SpeedExpress',
      LGCVM_VehicleNumber: 'GJ38TA8566',
      SHPD_ProductName: 'NEXP25',
      SHPD_ProductCode: '252',
      PL_ProductId: 7,
      PM_PackSize: null,
      PM_GrossWeight: null,
      PM_MinOffset: null,
      PM_MaxOffset: null,
      SHPD_ShipQty: 2,
      BatchId: '58',
      Count: '2',
      LCM_LocationName: 'OM MARKETING',
      Address: 'Deepkala Avenue,, opposite Government Tubewell,, Ahmedabad, Gujarat, India, 380058',
      userId: '2',
      userName: 'WH'
    }
  ],
  userId: '2',
  FromSCPId: '3',
  CompanyID: '1'
}
{ shipmentId: '8', newStatus: '10', userId: '2' }
Shipment Status :  [
  ResultSetHeader {
    fieldCount: 0,
    affectedRows: 1,
    insertId: 0,
    info: 'Rows matched: 1  Changed: 1  Warnings: 0',
    serverStatus: 2,
    warningStatus: 0,
    changedRows: 1
  },
  undefined
]
{ shipmentId: '8', newStatus: '6', userId: '2' }
Shipment Status :  [
  ResultSetHeader {
    fieldCount: 0,
    affectedRows: 1,
    insertId: 0,
    info: 'Rows matched: 1  Changed: 1  Warnings: 0',
    serverStatus: 2,
    warningStatus: 0,
    changedRows: 1
  },
  undefined
]
Stop :  {
  shipmentId: '8',
  shipmentCode: 'SBU2WH_6',
  shipmentData: [
    {
      SHPD_ShipmentMID: 14,
      SHPH_ShipmentID: 8,
      SHPH_ShipmentType: 'New Order',
      SHPH_Status: 10,
      SHPH_ShipmentCode: 'SBU2WH_6',
      ORDM_OrderNumber: 'ORD_SO_SB-U2_8',
      SCPM_ID: 1,
      SCPM_Code: 'BFFO-U2',
      SCPM_Name: 'BHAGWATI FLOUR and FOODS OUTLET',
      SCPM_Caption: 'BHAGWATI OUTLET',
      LGCM_Name: 'SpeedExpress',
      LGCVM_VehicleNumber: 'GJ38TA8566',
      SHPD_ProductName: 'NEXP25',
      SHPD_ProductCode: '252',
      PL_ProductId: 7,
      PM_PackSize: null,
      PM_GrossWeight: null,
      PM_MinOffset: null,
      PM_MaxOffset: null,
      SHPD_ShipQty: 2,
      BatchId: '58',
      Count: '2',
      LCM_LocationName: 'BHAGWATI FLOUR and FOODS OUTLET',
      Address: 'Sarkhej- Bavla Highway,, Moraiya (Changodar), Ahmedabad, Gujarat, India, 382 213',
      userId: '2',
      userName: 'WH'
    },
    {
      SHPD_ShipmentMID: 13,
      SHPH_ShipmentID: 8,
      SHPH_ShipmentType: 'New Order',
      SHPH_Status: 10,
      SHPH_ShipmentCode: 'SBU2WH_6',
      ORDM_OrderNumber: 'ORD_SO_SB-U2_7',
      SCPM_ID: 2,
      SCPM_Code: 'OM-U2',
      SCPM_Name: 'OM MARKETING',
      SCPM_Caption: 'OM',
      LGCM_Name: 'SpeedExpress',
      LGCVM_VehicleNumber: 'GJ38TA8566',
      SHPD_ProductName: 'NEXP25',
      SHPD_ProductCode: '252',
      PL_ProductId: 7,
      PM_PackSize: null,
      PM_GrossWeight: null,
      PM_MinOffset: null,
      PM_MaxOffset: null,
      SHPD_ShipQty: 2,
      BatchId: '58',
      Count: '2',
      LCM_LocationName: 'OM MARKETING',
      Address: 'Deepkala Avenue,, opposite Government Tubewell,, Ahmedabad, Gujarat, India, 380058',
      userId: '2',
      userName: 'WH'
    }
  ],
  userId: '2',
  FromSCPId: '3',
  CompanyID: '1'
}
{ shipmentId: '8', newStatus: '10', userId: '2' }
Shipment Status :  [
  ResultSetHeader {
    fieldCount: 0,
    affectedRows: 1,
    insertId: 0,
    info: 'Rows matched: 1  Changed: 1  Warnings: 0',
    serverStatus: 2,
    warningStatus: 0,
    changedRows: 1
  },
  undefined
]
{ shipmentId: '8', newStatus: '6', userId: '2' }
Shipment Status :  [
  ResultSetHeader {
    fieldCount: 0,
    affectedRows: 1,
    insertId: 0,
    info: 'Rows matched: 1  Changed: 1  Warnings: 0',
    serverStatus: 2,
    warningStatus: 0,
    changedRows: 1
  },
  undefined
]
Stop :  {
  shipmentId: '8',
  shipmentCode: 'SBU2WH_6',
  shipmentData: [
    {
      SHPD_ShipmentMID: 14,
      SHPH_ShipmentID: 8,
      SHPH_ShipmentType: 'New Order',
      SHPH_Status: 6,
      SHPH_ShipmentCode: 'SBU2WH_6',
      ORDM_OrderNumber: 'ORD_SO_SB-U2_8',
      SCPM_ID: 1,
      SCPM_Code: 'BFFO-U2',
      SCPM_Name: 'BHAGWATI FLOUR and FOODS OUTLET',
      SCPM_Caption: 'BHAGWATI OUTLET',
      LGCM_Name: 'SpeedExpress',
      LGCVM_VehicleNumber: 'GJ38TA8566',
      SHPD_ProductName: 'NEXP25',
      SHPD_ProductCode: '252',
      PL_ProductId: 7,
      PM_PackSize: null,
      PM_GrossWeight: null,
      PM_MinOffset: null,
      PM_MaxOffset: null,
      SHPD_ShipQty: 2,
      BatchId: '58',
      Count: '2',
      LCM_LocationName: 'BHAGWATI FLOUR and FOODS OUTLET',
      Address: 'Sarkhej- Bavla Highway,, Moraiya (Changodar), Ahmedabad, Gujarat, India, 382 213',
      userId: '2',
      userName: 'WH'
    },
    {
      SHPD_ShipmentMID: 13,
      SHPH_ShipmentID: 8,
      SHPH_ShipmentType: 'New Order',
      SHPH_Status: 6,
      SHPH_ShipmentCode: 'SBU2WH_6',
      ORDM_OrderNumber: 'ORD_SO_SB-U2_7',
      SCPM_ID: 2,
      SCPM_Code: 'OM-U2',
      SCPM_Name: 'OM MARKETING',
      SCPM_Caption: 'OM',
      LGCM_Name: 'SpeedExpress',
      LGCVM_VehicleNumber: 'GJ38TA8566',
      SHPD_ProductName: 'NEXP25',
      SHPD_ProductCode: '252',
      PL_ProductId: 7,
      PM_PackSize: null,
      PM_GrossWeight: null,
      PM_MinOffset: null,
      PM_MaxOffset: null,
      SHPD_ShipQty: 2,
      BatchId: '58',
      Count: '2',
      LCM_LocationName: 'OM MARKETING',
      Address: 'Deepkala Avenue,, opposite Government Tubewell,, Ahmedabad, Gujarat, India, 380058',
      userId: '2',
      userName: 'WH'
    }
  ],
  userId: '2',
  FromSCPId: '3',
  CompanyID: '1'
}
{ shipmentId: '8', newStatus: '10', userId: '2' }
Shipment Status :  [
  ResultSetHeader {
    fieldCount: 0,
    affectedRows: 1,
    insertId: 0,
    info: 'Rows matched: 1  Changed: 1  Warnings: 0',
    serverStatus: 2,
    warningStatus: 0,
    changedRows: 1
  },
  undefined
]
{ shipmentId: '8', newStatus: '6', userId: '2' }
Shipment Status :  [
  ResultSetHeader {
    fieldCount: 0,
    affectedRows: 1,
    insertId: 0,
    info: 'Rows matched: 1  Changed: 1  Warnings: 0',
    serverStatus: 2,
    warningStatus: 0,
    changedRows: 1
  },
  undefined
]
Stop :  {
  shipmentId: '8',
  shipmentCode: 'SBU2WH_6',
  shipmentData: [
    {
      SHPD_ShipmentMID: 14,
      SHPH_ShipmentID: 8,
      SHPH_ShipmentType: 'New Order',
      SHPH_Status: 6,
      SHPH_ShipmentCode: 'SBU2WH_6',
      ORDM_OrderNumber: 'ORD_SO_SB-U2_8',
      SCPM_ID: 1,
      SCPM_Code: 'BFFO-U2',
      SCPM_Name: 'BHAGWATI FLOUR and FOODS OUTLET',
      SCPM_Caption: 'BHAGWATI OUTLET',
      LGCM_Name: 'SpeedExpress',
      LGCVM_VehicleNumber: 'GJ38TA8566',
      SHPD_ProductName: 'NEXP25',
      SHPD_ProductCode: '252',
      PL_ProductId: 7,
      PM_PackSize: null,
      PM_GrossWeight: null,
      PM_MinOffset: null,
      PM_MaxOffset: null,
      SHPD_ShipQty: 2,
      BatchId: '58',
      Count: '2',
      LCM_LocationName: 'BHAGWATI FLOUR and FOODS OUTLET',
      Address: 'Sarkhej- Bavla Highway,, Moraiya (Changodar), Ahmedabad, Gujarat, India, 382 213',
      userId: '2',
      userName: 'WH'
    },
    {
      SHPD_ShipmentMID: 13,
      SHPH_ShipmentID: 8,
      SHPH_ShipmentType: 'New Order',
      SHPH_Status: 6,
      SHPH_ShipmentCode: 'SBU2WH_6',
      ORDM_OrderNumber: 'ORD_SO_SB-U2_7',
      SCPM_ID: 2,
      SCPM_Code: 'OM-U2',
      SCPM_Name: 'OM MARKETING',
      SCPM_Caption: 'OM',
      LGCM_Name: 'SpeedExpress',
      LGCVM_VehicleNumber: 'GJ38TA8566',
      SHPD_ProductName: 'NEXP25',
      SHPD_ProductCode: '252',
      PL_ProductId: 7,
      PM_PackSize: null,
      PM_GrossWeight: null,
      PM_MinOffset: null,
      PM_MaxOffset: null,
      SHPD_ShipQty: 2,
      BatchId: '58',
      Count: '2',
      LCM_LocationName: 'OM MARKETING',
      Address: 'Deepkala Avenue,, opposite Government Tubewell,, Ahmedabad, Gujarat, India, 380058',
      userId: '2',
      userName: 'WH'
    }
  ],
  userId: '2',
  FromSCPId: '3',
  CompanyID: '1'
}
{ shipmentId: '8', newStatus: '10', userId: '2' }
Shipment Status :  [
  ResultSetHeader {
    fieldCount: 0,
    affectedRows: 1,
    insertId: 0,
    info: 'Rows matched: 1  Changed: 1  Warnings: 0',
    serverStatus: 2,
    warningStatus: 0,
    changedRows: 1
  },
  undefined
]
{ shipmentId: '8', newStatus: '6', userId: '2' }
Shipment Status :  [
  ResultSetHeader {
    fieldCount: 0,
    affectedRows: 1,
    insertId: 0,
    info: 'Rows matched: 1  Changed: 1  Warnings: 0',
    serverStatus: 2,
    warningStatus: 0,
    changedRows: 1
  },
  undefined
]
Stop :  {
  shipmentId: '8',
  shipmentCode: 'SBU2WH_6',
  shipmentData: [
    {
      SHPD_ShipmentMID: 14,
      SHPH_ShipmentID: 8,
      SHPH_ShipmentType: 'New Order',
      SHPH_Status: 6,
      SHPH_ShipmentCode: 'SBU2WH_6',
      ORDM_OrderNumber: 'ORD_SO_SB-U2_8',
      SCPM_ID: 1,
      SCPM_Code: 'BFFO-U2',
      SCPM_Name: 'BHAGWATI FLOUR and FOODS OUTLET',
      SCPM_Caption: 'BHAGWATI OUTLET',
      LGCM_Name: 'SpeedExpress',
      LGCVM_VehicleNumber: 'GJ38TA8566',
      SHPD_ProductName: 'NEXP25',
      SHPD_ProductCode: '252',
      PL_ProductId: 7,
      PM_PackSize: null,
      PM_GrossWeight: null,
      PM_MinOffset: null,
      PM_MaxOffset: null,
      SHPD_ShipQty: 2,
      BatchId: '58',
      Count: '2',
      LCM_LocationName: 'BHAGWATI FLOUR and FOODS OUTLET',
      Address: 'Sarkhej- Bavla Highway,, Moraiya (Changodar), Ahmedabad, Gujarat, India, 382 213',
      userId: '2',
      userName: 'WH'
    },
    {
      SHPD_ShipmentMID: 13,
      SHPH_ShipmentID: 8,
      SHPH_ShipmentType: 'New Order',
      SHPH_Status: 6,
      SHPH_ShipmentCode: 'SBU2WH_6',
      ORDM_OrderNumber: 'ORD_SO_SB-U2_7',
      SCPM_ID: 2,
      SCPM_Code: 'OM-U2',
      SCPM_Name: 'OM MARKETING',
      SCPM_Caption: 'OM',
      LGCM_Name: 'SpeedExpress',
      LGCVM_VehicleNumber: 'GJ38TA8566',
      SHPD_ProductName: 'NEXP25',
      SHPD_ProductCode: '252',
      PL_ProductId: 7,
      PM_PackSize: null,
      PM_GrossWeight: null,
      PM_MinOffset: null,
      PM_MaxOffset: null,
      SHPD_ShipQty: 2,
      BatchId: '58',
      Count: '2',
      LCM_LocationName: 'OM MARKETING',
      Address: 'Deepkala Avenue,, opposite Government Tubewell,, Ahmedabad, Gujarat, India, 380058',
      userId: '2',
      userName: 'WH'
    }
  ],
  userId: '2',
  FromSCPId: '3',
  CompanyID: '1'
}
{ shipmentId: '8', newStatus: '10', userId: '2' }
Shipment Status :  [
  ResultSetHeader {
    fieldCount: 0,
    affectedRows: 1,
    insertId: 0,
    info: 'Rows matched: 1  Changed: 1  Warnings: 0',
    serverStatus: 2,
    warningStatus: 0,
    changedRows: 1
  },
  undefined
]
{ shipmentId: '8', newStatus: '6', userId: '2' }
Shipment Status :  [
  ResultSetHeader {
    fieldCount: 0,
    affectedRows: 1,
    insertId: 0,
    info: 'Rows matched: 1  Changed: 1  Warnings: 0',
    serverStatus: 2,
    warningStatus: 0,
    changedRows: 1
  },
  undefined
]
Stop :  {
  shipmentId: '8',
  shipmentCode: 'SBU2WH_6',
  shipmentData: [
    {
      SHPD_ShipmentMID: 14,
      SHPH_ShipmentID: 8,
      SHPH_ShipmentType: 'New Order',
      SHPH_Status: 6,
      SHPH_ShipmentCode: 'SBU2WH_6',
      ORDM_OrderNumber: 'ORD_SO_SB-U2_8',
      SCPM_ID: 1,
      SCPM_Code: 'BFFO-U2',
      SCPM_Name: 'BHAGWATI FLOUR and FOODS OUTLET',
      SCPM_Caption: 'BHAGWATI OUTLET',
      LGCM_Name: 'SpeedExpress',
      LGCVM_VehicleNumber: 'GJ38TA8566',
      SHPD_ProductName: 'NEXP25',
      SHPD_ProductCode: '252',
      PL_ProductId: 7,
      PM_PackSize: null,
      PM_GrossWeight: null,
      PM_MinOffset: null,
      PM_MaxOffset: null,
      SHPD_ShipQty: 2,
      BatchId: '58',
      Count: '2',
      LCM_LocationName: 'BHAGWATI FLOUR and FOODS OUTLET',
      Address: 'Sarkhej- Bavla Highway,, Moraiya (Changodar), Ahmedabad, Gujarat, India, 382 213',
      userId: '2',
      userName: 'WH'
    },
    {
      SHPD_ShipmentMID: 13,
      SHPH_ShipmentID: 8,
      SHPH_ShipmentType: 'New Order',
      SHPH_Status: 6,
      SHPH_ShipmentCode: 'SBU2WH_6',
      ORDM_OrderNumber: 'ORD_SO_SB-U2_7',
      SCPM_ID: 2,
      SCPM_Code: 'OM-U2',
      SCPM_Name: 'OM MARKETING',
      SCPM_Caption: 'OM',
      LGCM_Name: 'SpeedExpress',
      LGCVM_VehicleNumber: 'GJ38TA8566',
      SHPD_ProductName: 'NEXP25',
      SHPD_ProductCode: '252',
      PL_ProductId: 7,
      PM_PackSize: null,
      PM_GrossWeight: null,
      PM_MinOffset: null,
      PM_MaxOffset: null,
      SHPD_ShipQty: 2,
      BatchId: '58',
      Count: '2',
      LCM_LocationName: 'OM MARKETING',
      Address: 'Deepkala Avenue,, opposite Government Tubewell,, Ahmedabad, Gujarat, India, 380058',
      userId: '2',
      userName: 'WH'
    }
  ],
  userId: '2',
  FromSCPId: '3',
  CompanyID: '1'
}
{ shipmentId: '8', newStatus: '10', userId: '2' }
Shipment Status :  [
  ResultSetHeader {
    fieldCount: 0,
    affectedRows: 1,
    insertId: 0,
    info: 'Rows matched: 1  Changed: 1  Warnings: 0',
    serverStatus: 2,
    warningStatus: 0,
    changedRows: 1
  },
  undefined
]
{ shipmentId: '8', newStatus: '6', userId: '2' }
Shipment Status :  [
  ResultSetHeader {
    fieldCount: 0,
    affectedRows: 1,
    insertId: 0,
    info: 'Rows matched: 1  Changed: 1  Warnings: 0',
    serverStatus: 2,
    warningStatus: 0,
    changedRows: 1
  },
  undefined
]
Stop :  {
  shipmentId: '8',
  shipmentCode: 'SBU2WH_6',
  shipmentData: [
    {
      SHPD_ShipmentMID: 14,
      SHPH_ShipmentID: 8,
      SHPH_ShipmentType: 'New Order',
      SHPH_Status: 6,
      SHPH_ShipmentCode: 'SBU2WH_6',
      ORDM_OrderNumber: 'ORD_SO_SB-U2_8',
      SCPM_ID: 1,
      SCPM_Code: 'BFFO-U2',
      SCPM_Name: 'BHAGWATI FLOUR and FOODS OUTLET',
      SCPM_Caption: 'BHAGWATI OUTLET',
      LGCM_Name: 'SpeedExpress',
      LGCVM_VehicleNumber: 'GJ38TA8566',
      SHPD_ProductName: 'NEXP25',
      SHPD_ProductCode: '252',
      PL_ProductId: 7,
      PM_PackSize: null,
      PM_GrossWeight: null,
      PM_MinOffset: null,
      PM_MaxOffset: null,
      SHPD_ShipQty: 2,
      BatchId: '58',
      Count: '2',
      LCM_LocationName: 'BHAGWATI FLOUR and FOODS OUTLET',
      Address: 'Sarkhej- Bavla Highway,, Moraiya (Changodar), Ahmedabad, Gujarat, India, 382 213',
      userId: '2',
      userName: 'WH'
    },
    {
      SHPD_ShipmentMID: 13,
      SHPH_ShipmentID: 8,
      SHPH_ShipmentType: 'New Order',
      SHPH_Status: 6,
      SHPH_ShipmentCode: 'SBU2WH_6',
      ORDM_OrderNumber: 'ORD_SO_SB-U2_7',
      SCPM_ID: 2,
      SCPM_Code: 'OM-U2',
      SCPM_Name: 'OM MARKETING',
      SCPM_Caption: 'OM',
      LGCM_Name: 'SpeedExpress',
      LGCVM_VehicleNumber: 'GJ38TA8566',
      SHPD_ProductName: 'NEXP25',
      SHPD_ProductCode: '252',
      PL_ProductId: 7,
      PM_PackSize: null,
      PM_GrossWeight: null,
      PM_MinOffset: null,
      PM_MaxOffset: null,
      SHPD_ShipQty: 2,
      BatchId: '58',
      Count: '2',
      LCM_LocationName: 'OM MARKETING',
      Address: 'Deepkala Avenue,, opposite Government Tubewell,, Ahmedabad, Gujarat, India, 380058',
      userId: '2',
      userName: 'WH'
    }
  ],
  userId: '2',
  FromSCPId: '3',
  CompanyID: '1'
}
{ shipmentId: '8', newStatus: '10', userId: '2' }
Shipment Status :  [
  ResultSetHeader {
    fieldCount: 0,
    affectedRows: 1,
    insertId: 0,
    info: 'Rows matched: 1  Changed: 1  Warnings: 0',
    serverStatus: 2,
    warningStatus: 0,
    changedRows: 1
  },
  undefined
]
{ shipmentId: '8', newStatus: '6', userId: '2' }
Shipment Status :  [
  ResultSetHeader {
    fieldCount: 0,
    affectedRows: 1,
    insertId: 0,
    info: 'Rows matched: 1  Changed: 1  Warnings: 0',
    serverStatus: 2,
    warningStatus: 0,
    changedRows: 1
  },
  undefined
]
Stop :  {
  shipmentId: '8',
  shipmentCode: 'SBU2WH_6',
  shipmentData: [
    {
      SHPD_ShipmentMID: 14,
      SHPH_ShipmentID: 8,
      SHPH_ShipmentType: 'New Order',
      SHPH_Status: 6,
      SHPH_ShipmentCode: 'SBU2WH_6',
      ORDM_OrderNumber: 'ORD_SO_SB-U2_8',
      SCPM_ID: 1,
      SCPM_Code: 'BFFO-U2',
      SCPM_Name: 'BHAGWATI FLOUR and FOODS OUTLET',
      SCPM_Caption: 'BHAGWATI OUTLET',
      LGCM_Name: 'SpeedExpress',
      LGCVM_VehicleNumber: 'GJ38TA8566',
      SHPD_ProductName: 'NEXP25',
      SHPD_ProductCode: '252',
      PL_ProductId: 7,
      PM_PackSize: null,
      PM_GrossWeight: null,
      PM_MinOffset: null,
      PM_MaxOffset: null,
      SHPD_ShipQty: 2,
      BatchId: '58',
      Count: '2',
      LCM_LocationName: 'BHAGWATI FLOUR and FOODS OUTLET',
      Address: 'Sarkhej- Bavla Highway,, Moraiya (Changodar), Ahmedabad, Gujarat, India, 382 213',
      userId: '2',
      userName: 'WH'
    },
    {
      SHPD_ShipmentMID: 13,
      SHPH_ShipmentID: 8,
      SHPH_ShipmentType: 'New Order',
      SHPH_Status: 6,
      SHPH_ShipmentCode: 'SBU2WH_6',
      ORDM_OrderNumber: 'ORD_SO_SB-U2_7',
      SCPM_ID: 2,
      SCPM_Code: 'OM-U2',
      SCPM_Name: 'OM MARKETING',
      SCPM_Caption: 'OM',
      LGCM_Name: 'SpeedExpress',
      LGCVM_VehicleNumber: 'GJ38TA8566',
      SHPD_ProductName: 'NEXP25',
      SHPD_ProductCode: '252',
      PL_ProductId: 7,
      PM_PackSize: null,
      PM_GrossWeight: null,
      PM_MinOffset: null,
      PM_MaxOffset: null,
      SHPD_ShipQty: 2,
      BatchId: '58',
      Count: '2',
      LCM_LocationName: 'OM MARKETING',
      Address: 'Deepkala Avenue,, opposite Government Tubewell,, Ahmedabad, Gujarat, India, 380058',
      userId: '2',
      userName: 'WH'
    }
  ],
  userId: '2',
  FromSCPId: '3',
  CompanyID: '1'
}
{ shipmentId: '8', newStatus: '10', userId: '2' }
Shipment Status :  [
  ResultSetHeader {
    fieldCount: 0,
    affectedRows: 1,
    insertId: 0,
    info: 'Rows matched: 1  Changed: 1  Warnings: 0',
    serverStatus: 2,
    warningStatus: 0,
    changedRows: 1
  },
  undefined
]
{ shipmentId: '8', newStatus: '6', userId: '2' }
Shipment Status :  [
  ResultSetHeader {
    fieldCount: 0,
    affectedRows: 1,
    insertId: 0,
    info: 'Rows matched: 1  Changed: 1  Warnings: 0',
    serverStatus: 2,
    warningStatus: 0,
    changedRows: 1
  },
  undefined
]
Stop :  {
  shipmentId: '8',
  shipmentCode: 'SBU2WH_6',
  shipmentData: [
    {
      SHPD_ShipmentMID: 14,
      SHPH_ShipmentID: 8,
      SHPH_ShipmentType: 'New Order',
      SHPH_Status: 6,
      SHPH_ShipmentCode: 'SBU2WH_6',
      ORDM_OrderNumber: 'ORD_SO_SB-U2_8',
      SCPM_ID: 1,
      SCPM_Code: 'BFFO-U2',
      SCPM_Name: 'BHAGWATI FLOUR and FOODS OUTLET',
      SCPM_Caption: 'BHAGWATI OUTLET',
      LGCM_Name: 'SpeedExpress',
      LGCVM_VehicleNumber: 'GJ38TA8566',
      SHPD_ProductName: 'NEXP25',
      SHPD_ProductCode: '252',
      PL_ProductId: 7,
      PM_PackSize: null,
      PM_GrossWeight: null,
      PM_MinOffset: null,
      PM_MaxOffset: null,
      SHPD_ShipQty: 2,
      BatchId: '58',
      Count: '2',
      LCM_LocationName: 'BHAGWATI FLOUR and FOODS OUTLET',
      Address: 'Sarkhej- Bavla Highway,, Moraiya (Changodar), Ahmedabad, Gujarat, India, 382 213',
      userId: '2',
      userName: 'WH'
    },
    {
      SHPD_ShipmentMID: 13,
      SHPH_ShipmentID: 8,
      SHPH_ShipmentType: 'New Order',
      SHPH_Status: 6,
      SHPH_ShipmentCode: 'SBU2WH_6',
      ORDM_OrderNumber: 'ORD_SO_SB-U2_7',
      SCPM_ID: 2,
      SCPM_Code: 'OM-U2',
      SCPM_Name: 'OM MARKETING',
      SCPM_Caption: 'OM',
      LGCM_Name: 'SpeedExpress',
      LGCVM_VehicleNumber: 'GJ38TA8566',
      SHPD_ProductName: 'NEXP25',
      SHPD_ProductCode: '252',
      PL_ProductId: 7,
      PM_PackSize: null,
      PM_GrossWeight: null,
      PM_MinOffset: null,
      PM_MaxOffset: null,
      SHPD_ShipQty: 2,
      BatchId: '58',
      Count: '2',
      LCM_LocationName: 'OM MARKETING',
      Address: 'Deepkala Avenue,, opposite Government Tubewell,, Ahmedabad, Gujarat, India, 380058',
      userId: '2',
      userName: 'WH'
    }
  ],
  userId: '2',
  FromSCPId: '3',
  CompanyID: '1'
}
{ shipmentId: '8', newStatus: '10', userId: '2' }
Shipment Status :  [
  ResultSetHeader {
    fieldCount: 0,
    affectedRows: 1,
    insertId: 0,
    info: 'Rows matched: 1  Changed: 1  Warnings: 0',
    serverStatus: 2,
    warningStatus: 0,
    changedRows: 1
  },
  undefined
]
{ shipmentId: '8', newStatus: '6', userId: '2' }
Shipment Status :  [
  ResultSetHeader {
    fieldCount: 0,
    affectedRows: 1,
    insertId: 0,
    info: 'Rows matched: 1  Changed: 1  Warnings: 0',
    serverStatus: 2,
    warningStatus: 0,
    changedRows: 1
  },
  undefined
]
Stop :  {
  shipmentId: '8',
  shipmentCode: 'SBU2WH_6',
  shipmentData: [
    {
      SHPD_ShipmentMID: 14,
      SHPH_ShipmentID: 8,
      SHPH_ShipmentType: 'New Order',
      SHPH_Status: 6,
      SHPH_ShipmentCode: 'SBU2WH_6',
      ORDM_OrderNumber: 'ORD_SO_SB-U2_8',
      SCPM_ID: 1,
      SCPM_Code: 'BFFO-U2',
      SCPM_Name: 'BHAGWATI FLOUR and FOODS OUTLET',
      SCPM_Caption: 'BHAGWATI OUTLET',
      LGCM_Name: 'SpeedExpress',
      LGCVM_VehicleNumber: 'GJ38TA8566',
      SHPD_ProductName: 'NEXP25',
      SHPD_ProductCode: '252',
      PL_ProductId: 7,
      PM_PackSize: null,
      PM_GrossWeight: null,
      PM_MinOffset: null,
      PM_MaxOffset: null,
      SHPD_ShipQty: 2,
      BatchId: '58',
      Count: '2',
      LCM_LocationName: 'BHAGWATI FLOUR and FOODS OUTLET',
      Address: 'Sarkhej- Bavla Highway,, Moraiya (Changodar), Ahmedabad, Gujarat, India, 382 213',
      userId: '2',
      userName: 'WH'
    },
    {
      SHPD_ShipmentMID: 13,
      SHPH_ShipmentID: 8,
      SHPH_ShipmentType: 'New Order',
      SHPH_Status: 6,
      SHPH_ShipmentCode: 'SBU2WH_6',
      ORDM_OrderNumber: 'ORD_SO_SB-U2_7',
      SCPM_ID: 2,
      SCPM_Code: 'OM-U2',
      SCPM_Name: 'OM MARKETING',
      SCPM_Caption: 'OM',
      LGCM_Name: 'SpeedExpress',
      LGCVM_VehicleNumber: 'GJ38TA8566',
      SHPD_ProductName: 'NEXP25',
      SHPD_ProductCode: '252',
      PL_ProductId: 7,
      PM_PackSize: null,
      PM_GrossWeight: null,
      PM_MinOffset: null,
      PM_MaxOffset: null,
      SHPD_ShipQty: 2,
      BatchId: '58',
      Count: '2',
      LCM_LocationName: 'OM MARKETING',
      Address: 'Deepkala Avenue,, opposite Government Tubewell,, Ahmedabad, Gujarat, India, 380058',
      userId: '2',
      userName: 'WH'
    }
  ],
  userId: '2',
  FromSCPId: '3',
  CompanyID: '1'
}
{ shipmentId: '8', newStatus: '10', userId: '2' }
Shipment Status :  [
  ResultSetHeader {
    fieldCount: 0,
    affectedRows: 1,
    insertId: 0,
    info: 'Rows matched: 1  Changed: 1  Warnings: 0',
    serverStatus: 2,
    warningStatus: 0,
    changedRows: 1
  },
  undefined
]
Daily MySQL backup scheduled at 10:30
✅ CryptoUtils loaded (COMPATIBLE VERSION)
Server running on port 9010
connected to the Local database
Backup created at: /home/smart/Dispatch/Backup/DailyBackup/backup-2026-02-26_05-00-00-496.sql
INPUT PASSWORD    : Admin@123
DECRYPTED PASSWORD: Admin@123
Found folders: [ 'SBU2WH_5', 'SBU2WH_6' ]
Checking folder: SBU2WH_5, isDash1: false
Derived shipmentCode: SBU2WH_5
Shipment query result for code SBU2WH_5: [ { SHPH_ShipmentID: 7, SHPH_Status: 10 } ]
Checking folder: SBU2WH_6, isDash1: false
Derived shipmentCode: SBU2WH_6
Shipment query result for code SBU2WH_6: [ { SHPH_ShipmentID: 8, SHPH_Status: 10 } ]
{ shipmentId: '8', newStatus: '6', userId: '2' }
Shipment Status :  [
  ResultSetHeader {
    fieldCount: 0,
    affectedRows: 1,
    insertId: 0,
    info: 'Rows matched: 1  Changed: 1  Warnings: 0',
    serverStatus: 2,
    warningStatus: 0,
    changedRows: 1
  },
  undefined
]
Stop :  {
  shipmentId: '8',
  shipmentCode: 'SBU2WH_6',
  shipmentData: [
    {
      SHPD_ShipmentMID: 14,
      SHPH_ShipmentID: 8,
      SHPH_ShipmentType: 'New Order',
      SHPH_Status: 10,
      SHPH_ShipmentCode: 'SBU2WH_6',
      ORDM_OrderNumber: 'ORD_SO_SB-U2_8',
      SCPM_ID: 1,
      SCPM_Code: 'BFFO-U2',
      SCPM_Name: 'BHAGWATI FLOUR and FOODS OUTLET',
      SCPM_Caption: 'BHAGWATI OUTLET',
      LGCM_Name: 'SpeedExpress',
      LGCVM_VehicleNumber: 'GJ38TA8566',
      SHPD_ProductName: 'NEXP25',
      SHPD_ProductCode: '252',
      PL_ProductId: 7,
      PM_PackSize: null,
      PM_GrossWeight: null,
      PM_MinOffset: null,
      PM_MaxOffset: null,
      SHPD_ShipQty: 2,
      BatchId: '58',
      Count: '2',
      LCM_LocationName: 'BHAGWATI FLOUR and FOODS OUTLET',
      Address: 'Sarkhej- Bavla Highway,, Moraiya (Changodar), Ahmedabad, Gujarat, India, 382 213',
      userId: '2',
      userName: 'WH'
    },
    {
      SHPD_ShipmentMID: 13,
      SHPH_ShipmentID: 8,
      SHPH_ShipmentType: 'New Order',
      SHPH_Status: 10,
      SHPH_ShipmentCode: 'SBU2WH_6',
      ORDM_OrderNumber: 'ORD_SO_SB-U2_7',
      SCPM_ID: 2,
      SCPM_Code: 'OM-U2',
      SCPM_Name: 'OM MARKETING',
      SCPM_Caption: 'OM',
      LGCM_Name: 'SpeedExpress',
      LGCVM_VehicleNumber: 'GJ38TA8566',
      SHPD_ProductName: 'NEXP25',
      SHPD_ProductCode: '252',
      PL_ProductId: 7,
      PM_PackSize: null,
      PM_GrossWeight: null,
      PM_MinOffset: null,
      PM_MaxOffset: null,
      SHPD_ShipQty: 2,
      BatchId: '58',
      Count: '2',
      LCM_LocationName: 'OM MARKETING',
      Address: 'Deepkala Avenue,, opposite Government Tubewell,, Ahmedabad, Gujarat, India, 380058',
      userId: '2',
      userName: 'WH'
    }
  ],
  userId: '2',
  FromSCPId: '3',
  CompanyID: '1'
}
{ shipmentId: '8', newStatus: '10', userId: '2' }
Shipment Status :  [
  ResultSetHeader {
    fieldCount: 0,
    affectedRows: 1,
    insertId: 0,
    info: 'Rows matched: 1  Changed: 1  Warnings: 0',
    serverStatus: 2,
    warningStatus: 0,
    changedRows: 1
  },
  undefined
]
{ shipmentId: '8', newStatus: '6', userId: '2' }
Shipment Status :  [
  ResultSetHeader {
    fieldCount: 0,
    affectedRows: 1,
    insertId: 0,
    info: 'Rows matched: 1  Changed: 1  Warnings: 0',
    serverStatus: 2,
    warningStatus: 0,
    changedRows: 1
  },
  undefined
]
Stop :  {
  shipmentId: '8',
  shipmentCode: 'SBU2WH_6',
  shipmentData: [
    {
      SHPD_ShipmentMID: 14,
      SHPH_ShipmentID: 8,
      SHPH_ShipmentType: 'New Order',
      SHPH_Status: 10,
      SHPH_ShipmentCode: 'SBU2WH_6',
      ORDM_OrderNumber: 'ORD_SO_SB-U2_8',
      SCPM_ID: 1,
      SCPM_Code: 'BFFO-U2',
      SCPM_Name: 'BHAGWATI FLOUR and FOODS OUTLET',
      SCPM_Caption: 'BHAGWATI OUTLET',
      LGCM_Name: 'SpeedExpress',
      LGCVM_VehicleNumber: 'GJ38TA8566',
      SHPD_ProductName: 'NEXP25',
      SHPD_ProductCode: '252',
      PL_ProductId: 7,
      PM_PackSize: null,
      PM_GrossWeight: null,
      PM_MinOffset: null,
      PM_MaxOffset: null,
      SHPD_ShipQty: 2,
      BatchId: '58',
      Count: '2',
      LCM_LocationName: 'BHAGWATI FLOUR and FOODS OUTLET',
      Address: 'Sarkhej- Bavla Highway,, Moraiya (Changodar), Ahmedabad, Gujarat, India, 382 213',
      userId: '2',
      userName: 'WH'
    },
    {
      SHPD_ShipmentMID: 13,
      SHPH_ShipmentID: 8,
      SHPH_ShipmentType: 'New Order',
      SHPH_Status: 10,
      SHPH_ShipmentCode: 'SBU2WH_6',
      ORDM_OrderNumber: 'ORD_SO_SB-U2_7',
      SCPM_ID: 2,
      SCPM_Code: 'OM-U2',
      SCPM_Name: 'OM MARKETING',
      SCPM_Caption: 'OM',
      LGCM_Name: 'SpeedExpress',
      LGCVM_VehicleNumber: 'GJ38TA8566',
      SHPD_ProductName: 'NEXP25',
      SHPD_ProductCode: '252',
      PL_ProductId: 7,
      PM_PackSize: null,
      PM_GrossWeight: null,
      PM_MinOffset: null,
      PM_MaxOffset: null,
      SHPD_ShipQty: 2,
      BatchId: '58',
      Count: '2',
      LCM_LocationName: 'OM MARKETING',
      Address: 'Deepkala Avenue,, opposite Government Tubewell,, Ahmedabad, Gujarat, India, 380058',
      userId: '2',
      userName: 'WH'
    }
  ],
  userId: '2',
  FromSCPId: '3',
  CompanyID: '1'
}
{ shipmentId: '8', newStatus: '10', userId: '2' }
Shipment Status :  [
  ResultSetHeader {
    fieldCount: 0,
    affectedRows: 1,
    insertId: 0,
    info: 'Rows matched: 1  Changed: 1  Warnings: 0',
    serverStatus: 2,
    warningStatus: 0,
    changedRows: 1
  },
  undefined
]
{ shipmentId: '8', newStatus: '6', userId: '2' }
Shipment Status :  [
  ResultSetHeader {
    fieldCount: 0,
    affectedRows: 1,
    insertId: 0,
    info: 'Rows matched: 1  Changed: 1  Warnings: 0',
    serverStatus: 2,
    warningStatus: 0,
    changedRows: 1
  },
  undefined
]
Stop :  {
  shipmentId: '8',
  shipmentCode: 'SBU2WH_6',
  shipmentData: [
    {
      SHPD_ShipmentMID: 14,
      SHPH_ShipmentID: 8,
      SHPH_ShipmentType: 'New Order',
      SHPH_Status: 10,
      SHPH_ShipmentCode: 'SBU2WH_6',
      ORDM_OrderNumber: 'ORD_SO_SB-U2_8',
      SCPM_ID: 1,
      SCPM_Code: 'BFFO-U2',
      SCPM_Name: 'BHAGWATI FLOUR and FOODS OUTLET',
      SCPM_Caption: 'BHAGWATI OUTLET',
      LGCM_Name: 'SpeedExpress',
      LGCVM_VehicleNumber: 'GJ38TA8566',
      SHPD_ProductName: 'NEXP25',
      SHPD_ProductCode: '252',
      PL_ProductId: 7,
      PM_PackSize: null,
      PM_GrossWeight: null,
      PM_MinOffset: null,
      PM_MaxOffset: null,
      SHPD_ShipQty: 2,
      BatchId: '58',
      Count: '2',
      LCM_LocationName: 'BHAGWATI FLOUR and FOODS OUTLET',
      Address: 'Sarkhej- Bavla Highway,, Moraiya (Changodar), Ahmedabad, Gujarat, India, 382 213',
      userId: '2',
      userName: 'WH'
    },
    {
      SHPD_ShipmentMID: 13,
      SHPH_ShipmentID: 8,
      SHPH_ShipmentType: 'New Order',
      SHPH_Status: 10,
      SHPH_ShipmentCode: 'SBU2WH_6',
      ORDM_OrderNumber: 'ORD_SO_SB-U2_7',
      SCPM_ID: 2,
      SCPM_Code: 'OM-U2',
      SCPM_Name: 'OM MARKETING',
      SCPM_Caption: 'OM',
      LGCM_Name: 'SpeedExpress',
      LGCVM_VehicleNumber: 'GJ38TA8566',
      SHPD_ProductName: 'NEXP25',
      SHPD_ProductCode: '252',
      PL_ProductId: 7,
      PM_PackSize: null,
      PM_GrossWeight: null,
      PM_MinOffset: null,
      PM_MaxOffset: null,
      SHPD_ShipQty: 2,
      BatchId: '58',
      Count: '2',
      LCM_LocationName: 'OM MARKETING',
      Address: 'Deepkala Avenue,, opposite Government Tubewell,, Ahmedabad, Gujarat, India, 380058',
      userId: '2',
      userName: 'WH'
    }
  ],
  userId: '2',
  FromSCPId: '3',
  CompanyID: '1'
}
{ shipmentId: '8', newStatus: '10', userId: '2' }
Shipment Status :  [
  ResultSetHeader {
    fieldCount: 0,
    affectedRows: 1,
    insertId: 0,
    info: 'Rows matched: 1  Changed: 1  Warnings: 0',
    serverStatus: 2,
    warningStatus: 0,
    changedRows: 1
  },
  undefined
]
{ shipmentId: '8', newStatus: '6', userId: '2' }
Shipment Status :  [
  ResultSetHeader {
    fieldCount: 0,
    affectedRows: 1,
    insertId: 0,
    info: 'Rows matched: 1  Changed: 1  Warnings: 0',
    serverStatus: 2,
    warningStatus: 0,
    changedRows: 1
  },
  undefined
]
Stop :  {
  shipmentId: '8',
  shipmentCode: 'SBU2WH_6',
  shipmentData: [
    {
      SHPD_ShipmentMID: 14,
      SHPH_ShipmentID: 8,
      SHPH_ShipmentType: 'New Order',
      SHPH_Status: 10,
      SHPH_ShipmentCode: 'SBU2WH_6',
      ORDM_OrderNumber: 'ORD_SO_SB-U2_8',
      SCPM_ID: 1,
      SCPM_Code: 'BFFO-U2',
      SCPM_Name: 'BHAGWATI FLOUR and FOODS OUTLET',
      SCPM_Caption: 'BHAGWATI OUTLET',
      LGCM_Name: 'SpeedExpress',
      LGCVM_VehicleNumber: 'GJ38TA8566',
      SHPD_ProductName: 'NEXP25',
      SHPD_ProductCode: '252',
      PL_ProductId: 7,
      PM_PackSize: null,
      PM_GrossWeight: null,
      PM_MinOffset: null,
      PM_MaxOffset: null,
      SHPD_ShipQty: 2,
      BatchId: '58',
      Count: '2',
      LCM_LocationName: 'BHAGWATI FLOUR and FOODS OUTLET',
      Address: 'Sarkhej- Bavla Highway,, Moraiya (Changodar), Ahmedabad, Gujarat, India, 382 213',
      userId: '2',
      userName: 'WH'
    },
    {
      SHPD_ShipmentMID: 13,
      SHPH_ShipmentID: 8,
      SHPH_ShipmentType: 'New Order',
      SHPH_Status: 10,
      SHPH_ShipmentCode: 'SBU2WH_6',
      ORDM_OrderNumber: 'ORD_SO_SB-U2_7',
      SCPM_ID: 2,
      SCPM_Code: 'OM-U2',
      SCPM_Name: 'OM MARKETING',
      SCPM_Caption: 'OM',
      LGCM_Name: 'SpeedExpress',
      LGCVM_VehicleNumber: 'GJ38TA8566',
      SHPD_ProductName: 'NEXP25',
      SHPD_ProductCode: '252',
      PL_ProductId: 7,
      PM_PackSize: null,
      PM_GrossWeight: null,
      PM_MinOffset: null,
      PM_MaxOffset: null,
      SHPD_ShipQty: 2,
      BatchId: '58',
      Count: '2',
      LCM_LocationName: 'OM MARKETING',
      Address: 'Deepkala Avenue,, opposite Government Tubewell,, Ahmedabad, Gujarat, India, 380058',
      userId: '2',
      userName: 'WH'
    }
  ],
  userId: '2',
  FromSCPId: '3',
  CompanyID: '1'
}
{ shipmentId: '8', newStatus: '10', userId: '2' }
Shipment Status :  [
  ResultSetHeader {
    fieldCount: 0,
    affectedRows: 1,
    insertId: 0,
    info: 'Rows matched: 1  Changed: 1  Warnings: 0',
    serverStatus: 2,
    warningStatus: 0,
    changedRows: 1
  },
  undefined
]
{ shipmentId: '8', newStatus: '6', userId: '2' }
Shipment Status :  [
  ResultSetHeader {
    fieldCount: 0,
    affectedRows: 1,
    insertId: 0,
    info: 'Rows matched: 1  Changed: 1  Warnings: 0',
    serverStatus: 2,
    warningStatus: 0,
    changedRows: 1
  },
  undefined
]
Stop :  {
  shipmentId: '8',
  shipmentCode: 'SBU2WH_6',
  shipmentData: [
    {
      SHPD_ShipmentMID: 14,
      SHPH_ShipmentID: 8,
      SHPH_ShipmentType: 'New Order',
      SHPH_Status: 10,
      SHPH_ShipmentCode: 'SBU2WH_6',
      ORDM_OrderNumber: 'ORD_SO_SB-U2_8',
      SCPM_ID: 1,
      SCPM_Code: 'BFFO-U2',
      SCPM_Name: 'BHAGWATI FLOUR and FOODS OUTLET',
      SCPM_Caption: 'BHAGWATI OUTLET',
      LGCM_Name: 'SpeedExpress',
      LGCVM_VehicleNumber: 'GJ38TA8566',
      SHPD_ProductName: 'NEXP25',
      SHPD_ProductCode: '252',
      PL_ProductId: 7,
      PM_PackSize: null,
      PM_GrossWeight: null,
      PM_MinOffset: null,
      PM_MaxOffset: null,
      SHPD_ShipQty: 2,
      BatchId: '58',
      Count: '2',
      LCM_LocationName: 'BHAGWATI FLOUR and FOODS OUTLET',
      Address: 'Sarkhej- Bavla Highway,, Moraiya (Changodar), Ahmedabad, Gujarat, India, 382 213',
      userId: '2',
      userName: 'WH'
    },
    {
      SHPD_ShipmentMID: 13,
      SHPH_ShipmentID: 8,
      SHPH_ShipmentType: 'New Order',
      SHPH_Status: 10,
      SHPH_ShipmentCode: 'SBU2WH_6',
      ORDM_OrderNumber: 'ORD_SO_SB-U2_7',
      SCPM_ID: 2,
      SCPM_Code: 'OM-U2',
      SCPM_Name: 'OM MARKETING',
      SCPM_Caption: 'OM',
      LGCM_Name: 'SpeedExpress',
      LGCVM_VehicleNumber: 'GJ38TA8566',
      SHPD_ProductName: 'NEXP25',
      SHPD_ProductCode: '252',
      PL_ProductId: 7,
      PM_PackSize: null,
      PM_GrossWeight: null,
      PM_MinOffset: null,
      PM_MaxOffset: null,
      SHPD_ShipQty: 2,
      BatchId: '58',
      Count: '2',
      LCM_LocationName: 'OM MARKETING',
      Address: 'Deepkala Avenue,, opposite Government Tubewell,, Ahmedabad, Gujarat, India, 380058',
      userId: '2',
      userName: 'WH'
    }
  ],
  userId: '2',
  FromSCPId: '3',
  CompanyID: '1'
}
{ shipmentId: '8', newStatus: '10', userId: '2' }
Shipment Status :  [
  ResultSetHeader {
    fieldCount: 0,
    affectedRows: 1,
    insertId: 0,
    info: 'Rows matched: 1  Changed: 1  Warnings: 0',
    serverStatus: 2,
    warningStatus: 0,
    changedRows: 1
  },
  undefined
]
{ shipmentId: '8', newStatus: '6', userId: '2' }
Shipment Status :  [
  ResultSetHeader {
    fieldCount: 0,
    affectedRows: 1,
    insertId: 0,
    info: 'Rows matched: 1  Changed: 1  Warnings: 0',
    serverStatus: 2,
    warningStatus: 0,
    changedRows: 1
  },
  undefined
]
Stop :  {
  shipmentId: '8',
  shipmentCode: 'SBU2WH_6',
  shipmentData: [
    {
      SHPD_ShipmentMID: 14,
      SHPH_ShipmentID: 8,
      SHPH_ShipmentType: 'New Order',
      SHPH_Status: 10,
      SHPH_ShipmentCode: 'SBU2WH_6',
      ORDM_OrderNumber: 'ORD_SO_SB-U2_8',
      SCPM_ID: 1,
      SCPM_Code: 'BFFO-U2',
      SCPM_Name: 'BHAGWATI FLOUR and FOODS OUTLET',
      SCPM_Caption: 'BHAGWATI OUTLET',
      LGCM_Name: 'SpeedExpress',
      LGCVM_VehicleNumber: 'GJ38TA8566',
      SHPD_ProductName: 'NEXP25',
      SHPD_ProductCode: '252',
      PL_ProductId: 7,
      PM_PackSize: null,
      PM_GrossWeight: null,
      PM_MinOffset: null,
      PM_MaxOffset: null,
      SHPD_ShipQty: 2,
      BatchId: '58',
      Count: '2',
      LCM_LocationName: 'BHAGWATI FLOUR and FOODS OUTLET',
      Address: 'Sarkhej- Bavla Highway,, Moraiya (Changodar), Ahmedabad, Gujarat, India, 382 213',
      userId: '2',
      userName: 'WH'
    },
    {
      SHPD_ShipmentMID: 13,
      SHPH_ShipmentID: 8,
      SHPH_ShipmentType: 'New Order',
      SHPH_Status: 10,
      SHPH_ShipmentCode: 'SBU2WH_6',
      ORDM_OrderNumber: 'ORD_SO_SB-U2_7',
      SCPM_ID: 2,
      SCPM_Code: 'OM-U2',
      SCPM_Name: 'OM MARKETING',
      SCPM_Caption: 'OM',
      LGCM_Name: 'SpeedExpress',
      LGCVM_VehicleNumber: 'GJ38TA8566',
      SHPD_ProductName: 'NEXP25',
      SHPD_ProductCode: '252',
      PL_ProductId: 7,
      PM_PackSize: null,
      PM_GrossWeight: null,
      PM_MinOffset: null,
      PM_MaxOffset: null,
      SHPD_ShipQty: 2,
      BatchId: '58',
      Count: '2',
      LCM_LocationName: 'OM MARKETING',
      Address: 'Deepkala Avenue,, opposite Government Tubewell,, Ahmedabad, Gujarat, India, 380058',
      userId: '2',
      userName: 'WH'
    }
  ],
  userId: '2',
  FromSCPId: '3',
  CompanyID: '1'
}
{ shipmentId: '8', newStatus: '10', userId: '2' }
Shipment Status :  [
  ResultSetHeader {
    fieldCount: 0,
    affectedRows: 1,
    insertId: 0,
    info: 'Rows matched: 1  Changed: 1  Warnings: 0',
    serverStatus: 2,
    warningStatus: 0,
    changedRows: 1
  },
  undefined
]
{ shipmentId: '8', newStatus: '6', userId: '2' }
Shipment Status :  [
  ResultSetHeader {
    fieldCount: 0,
    affectedRows: 1,
    insertId: 0,
    info: 'Rows matched: 1  Changed: 1  Warnings: 0',
    serverStatus: 2,
    warningStatus: 0,
    changedRows: 1
  },
  undefined
]
Stop :  {
  shipmentId: '8',
  shipmentCode: 'SBU2WH_6',
  shipmentData: [
    {
      SHPD_ShipmentMID: 14,
      SHPH_ShipmentID: 8,
      SHPH_ShipmentType: 'New Order',
      SHPH_Status: 10,
      SHPH_ShipmentCode: 'SBU2WH_6',
      ORDM_OrderNumber: 'ORD_SO_SB-U2_8',
      SCPM_ID: 1,
      SCPM_Code: 'BFFO-U2',
      SCPM_Name: 'BHAGWATI FLOUR and FOODS OUTLET',
      SCPM_Caption: 'BHAGWATI OUTLET',
      LGCM_Name: 'SpeedExpress',
      LGCVM_VehicleNumber: 'GJ38TA8566',
      SHPD_ProductName: 'NEXP25',
      SHPD_ProductCode: '252',
      PL_ProductId: 7,
      PM_PackSize: null,
      PM_GrossWeight: null,
      PM_MinOffset: null,
      PM_MaxOffset: null,
      SHPD_ShipQty: 2,
      BatchId: '58',
      Count: '2',
      LCM_LocationName: 'BHAGWATI FLOUR and FOODS OUTLET',
      Address: 'Sarkhej- Bavla Highway,, Moraiya (Changodar), Ahmedabad, Gujarat, India, 382 213',
      userId: '2',
      userName: 'WH'
    },
    {
      SHPD_ShipmentMID: 13,
      SHPH_ShipmentID: 8,
      SHPH_ShipmentType: 'New Order',
      SHPH_Status: 10,
      SHPH_ShipmentCode: 'SBU2WH_6',
      ORDM_OrderNumber: 'ORD_SO_SB-U2_7',
      SCPM_ID: 2,
      SCPM_Code: 'OM-U2',
      SCPM_Name: 'OM MARKETING',
      SCPM_Caption: 'OM',
      LGCM_Name: 'SpeedExpress',
      LGCVM_VehicleNumber: 'GJ38TA8566',
      SHPD_ProductName: 'NEXP25',
      SHPD_ProductCode: '252',
      PL_ProductId: 7,
      PM_PackSize: null,
      PM_GrossWeight: null,
      PM_MinOffset: null,
      PM_MaxOffset: null,
      SHPD_ShipQty: 2,
      BatchId: '58',
      Count: '2',
      LCM_LocationName: 'OM MARKETING',
      Address: 'Deepkala Avenue,, opposite Government Tubewell,, Ahmedabad, Gujarat, India, 380058',
      userId: '2',
      userName: 'WH'
    }
  ],
  userId: '2',
  FromSCPId: '3',
  CompanyID: '1'
}
{ shipmentId: '8', newStatus: '10', userId: '2' }
Shipment Status :  [
  ResultSetHeader {
    fieldCount: 0,
    affectedRows: 1,
    insertId: 0,
    info: 'Rows matched: 1  Changed: 1  Warnings: 0',
    serverStatus: 2,
    warningStatus: 0,
    changedRows: 1
  },
  undefined
]
{ shipmentId: '8', newStatus: '6', userId: '2' }
Shipment Status :  [
  ResultSetHeader {
    fieldCount: 0,
    affectedRows: 1,
    insertId: 0,
    info: 'Rows matched: 1  Changed: 1  Warnings: 0',
    serverStatus: 2,
    warningStatus: 0,
    changedRows: 1
  },
  undefined
]
Stop :  {
  shipmentId: '8',
  shipmentCode: 'SBU2WH_6',
  shipmentData: [
    {
      SHPD_ShipmentMID: 14,
      SHPH_ShipmentID: 8,
      SHPH_ShipmentType: 'New Order',
      SHPH_Status: 10,
      SHPH_ShipmentCode: 'SBU2WH_6',
      ORDM_OrderNumber: 'ORD_SO_SB-U2_8',
      SCPM_ID: 1,
      SCPM_Code: 'BFFO-U2',
      SCPM_Name: 'BHAGWATI FLOUR and FOODS OUTLET',
      SCPM_Caption: 'BHAGWATI OUTLET',
      LGCM_Name: 'SpeedExpress',
      LGCVM_VehicleNumber: 'GJ38TA8566',
      SHPD_ProductName: 'NEXP25',
      SHPD_ProductCode: '252',
      PL_ProductId: 7,
      PM_PackSize: null,
      PM_GrossWeight: null,
      PM_MinOffset: null,
      PM_MaxOffset: null,
      SHPD_ShipQty: 2,
      BatchId: '58',
      Count: '2',
      LCM_LocationName: 'BHAGWATI FLOUR and FOODS OUTLET',
      Address: 'Sarkhej- Bavla Highway,, Moraiya (Changodar), Ahmedabad, Gujarat, India, 382 213',
      userId: '2',
      userName: 'WH'
    },
    {
      SHPD_ShipmentMID: 13,
      SHPH_ShipmentID: 8,
      SHPH_ShipmentType: 'New Order',
      SHPH_Status: 10,
      SHPH_ShipmentCode: 'SBU2WH_6',
      ORDM_OrderNumber: 'ORD_SO_SB-U2_7',
      SCPM_ID: 2,
      SCPM_Code: 'OM-U2',
      SCPM_Name: 'OM MARKETING',
      SCPM_Caption: 'OM',
      LGCM_Name: 'SpeedExpress',
      LGCVM_VehicleNumber: 'GJ38TA8566',
      SHPD_ProductName: 'NEXP25',
      SHPD_ProductCode: '252',
      PL_ProductId: 7,
      PM_PackSize: null,
      PM_GrossWeight: null,
      PM_MinOffset: null,
      PM_MaxOffset: null,
      SHPD_ShipQty: 2,
      BatchId: '58',
      Count: '2',
      LCM_LocationName: 'OM MARKETING',
      Address: 'Deepkala Avenue,, opposite Government Tubewell,, Ahmedabad, Gujarat, India, 380058',
      userId: '2',
      userName: 'WH'
    }
  ],
  userId: '2',
  FromSCPId: '3',
  CompanyID: '1'
}
{ shipmentId: '8', newStatus: '10', userId: '2' }
Shipment Status :  [
  ResultSetHeader {
    fieldCount: 0,
    affectedRows: 1,
    insertId: 0,
    info: 'Rows matched: 1  Changed: 1  Warnings: 0',
    serverStatus: 2,
    warningStatus: 0,
    changedRows: 1
  },
  undefined
]
{ shipmentId: '8', newStatus: '6', userId: '2' }
Shipment Status :  [
  ResultSetHeader {
    fieldCount: 0,
    affectedRows: 1,
    insertId: 0,
    info: 'Rows matched: 1  Changed: 1  Warnings: 0',
    serverStatus: 2,
    warningStatus: 0,
    changedRows: 1
  },
  undefined
]
Stop :  {
  shipmentId: '8',
  shipmentCode: 'SBU2WH_6',
  shipmentData: [
    {
      SHPD_ShipmentMID: 14,
      SHPH_ShipmentID: 8,
      SHPH_ShipmentType: 'New Order',
      SHPH_Status: 10,
      SHPH_ShipmentCode: 'SBU2WH_6',
      ORDM_OrderNumber: 'ORD_SO_SB-U2_8',
      SCPM_ID: 1,
      SCPM_Code: 'BFFO-U2',
      SCPM_Name: 'BHAGWATI FLOUR and FOODS OUTLET',
      SCPM_Caption: 'BHAGWATI OUTLET',
      LGCM_Name: 'SpeedExpress',
      LGCVM_VehicleNumber: 'GJ38TA8566',
      SHPD_ProductName: 'NEXP25',
      SHPD_ProductCode: '252',
      PL_ProductId: 7,
      PM_PackSize: null,
      PM_GrossWeight: null,
      PM_MinOffset: null,
      PM_MaxOffset: null,
      SHPD_ShipQty: 2,
      BatchId: '58',
      Count: '2',
      LCM_LocationName: 'BHAGWATI FLOUR and FOODS OUTLET',
      Address: 'Sarkhej- Bavla Highway,, Moraiya (Changodar), Ahmedabad, Gujarat, India, 382 213',
      userId: '2',
      userName: 'WH'
    },
    {
      SHPD_ShipmentMID: 13,
      SHPH_ShipmentID: 8,
      SHPH_ShipmentType: 'New Order',
      SHPH_Status: 10,
      SHPH_ShipmentCode: 'SBU2WH_6',
      ORDM_OrderNumber: 'ORD_SO_SB-U2_7',
      SCPM_ID: 2,
      SCPM_Code: 'OM-U2',
      SCPM_Name: 'OM MARKETING',
      SCPM_Caption: 'OM',
      LGCM_Name: 'SpeedExpress',
      LGCVM_VehicleNumber: 'GJ38TA8566',
      SHPD_ProductName: 'NEXP25',
      SHPD_ProductCode: '252',
      PL_ProductId: 7,
      PM_PackSize: null,
      PM_GrossWeight: null,
      PM_MinOffset: null,
      PM_MaxOffset: null,
      SHPD_ShipQty: 2,
      BatchId: '58',
      Count: '2',
      LCM_LocationName: 'OM MARKETING',
      Address: 'Deepkala Avenue,, opposite Government Tubewell,, Ahmedabad, Gujarat, India, 380058',
      userId: '2',
      userName: 'WH'
    }
  ],
  userId: '2',
  FromSCPId: '3',
  CompanyID: '1'
}
{ shipmentId: '8', newStatus: '10', userId: '2' }
Shipment Status :  [
  ResultSetHeader {
    fieldCount: 0,
    affectedRows: 1,
    insertId: 0,
    info: 'Rows matched: 1  Changed: 1  Warnings: 0',
    serverStatus: 2,
    warningStatus: 0,
    changedRows: 1
  },
  undefined
]
{ shipmentId: '8', newStatus: '6', userId: '2' }
Shipment Status :  [
  ResultSetHeader {
    fieldCount: 0,
    affectedRows: 1,
    insertId: 0,
    info: 'Rows matched: 1  Changed: 1  Warnings: 0',
    serverStatus: 2,
    warningStatus: 0,
    changedRows: 1
  },
  undefined
]
Stop :  {
  shipmentId: '8',
  shipmentCode: 'SBU2WH_6',
  shipmentData: [
    {
      SHPD_ShipmentMID: 14,
      SHPH_ShipmentID: 8,
      SHPH_ShipmentType: 'New Order',
      SHPH_Status: 10,
      SHPH_ShipmentCode: 'SBU2WH_6',
      ORDM_OrderNumber: 'ORD_SO_SB-U2_8',
      SCPM_ID: 1,
      SCPM_Code: 'BFFO-U2',
      SCPM_Name: 'BHAGWATI FLOUR and FOODS OUTLET',
      SCPM_Caption: 'BHAGWATI OUTLET',
      LGCM_Name: 'SpeedExpress',
      LGCVM_VehicleNumber: 'GJ38TA8566',
      SHPD_ProductName: 'NEXP25',
      SHPD_ProductCode: '252',
      PL_ProductId: 7,
      PM_PackSize: null,
      PM_GrossWeight: null,
      PM_MinOffset: null,
      PM_MaxOffset: null,
      SHPD_ShipQty: 2,
      BatchId: '58',
      Count: '2',
      LCM_LocationName: 'BHAGWATI FLOUR and FOODS OUTLET',
      Address: 'Sarkhej- Bavla Highway,, Moraiya (Changodar), Ahmedabad, Gujarat, India, 382 213',
      userId: '2',
      userName: 'WH'
    },
    {
      SHPD_ShipmentMID: 13,
      SHPH_ShipmentID: 8,
      SHPH_ShipmentType: 'New Order',
      SHPH_Status: 10,
      SHPH_ShipmentCode: 'SBU2WH_6',
      ORDM_OrderNumber: 'ORD_SO_SB-U2_7',
      SCPM_ID: 2,
      SCPM_Code: 'OM-U2',
      SCPM_Name: 'OM MARKETING',
      SCPM_Caption: 'OM',
      LGCM_Name: 'SpeedExpress',
      LGCVM_VehicleNumber: 'GJ38TA8566',
      SHPD_ProductName: 'NEXP25',
      SHPD_ProductCode: '252',
      PL_ProductId: 7,
      PM_PackSize: null,
      PM_GrossWeight: null,
      PM_MinOffset: null,
      PM_MaxOffset: null,
      SHPD_ShipQty: 2,
      BatchId: '58',
      Count: '2',
      LCM_LocationName: 'OM MARKETING',
      Address: 'Deepkala Avenue,, opposite Government Tubewell,, Ahmedabad, Gujarat, India, 380058',
      userId: '2',
      userName: 'WH'
    }
  ],
  userId: '2',
  FromSCPId: '3',
  CompanyID: '1'
}
{ shipmentId: '8', newStatus: '10', userId: '2' }
Shipment Status :  [
  ResultSetHeader {
    fieldCount: 0,
    affectedRows: 1,
    insertId: 0,
    info: 'Rows matched: 1  Changed: 1  Warnings: 0',
    serverStatus: 2,
    warningStatus: 0,
    changedRows: 1
  },
  undefined
]
{ shipmentId: '8', newStatus: '6', userId: '2' }
Shipment Status :  [
  ResultSetHeader {
    fieldCount: 0,
    affectedRows: 1,
    insertId: 0,
    info: 'Rows matched: 1  Changed: 1  Warnings: 0',
    serverStatus: 2,
    warningStatus: 0,
    changedRows: 1
  },
  undefined
]
Stop :  {
  shipmentId: '8',
  shipmentCode: 'SBU2WH_6',
  shipmentData: [
    {
      SHPD_ShipmentMID: 14,
      SHPH_ShipmentID: 8,
      SHPH_ShipmentType: 'New Order',
      SHPH_Status: 10,
      SHPH_ShipmentCode: 'SBU2WH_6',
      ORDM_OrderNumber: 'ORD_SO_SB-U2_8',
      SCPM_ID: 1,
      SCPM_Code: 'BFFO-U2',
      SCPM_Name: 'BHAGWATI FLOUR and FOODS OUTLET',
      SCPM_Caption: 'BHAGWATI OUTLET',
      LGCM_Name: 'SpeedExpress',
      LGCVM_VehicleNumber: 'GJ38TA8566',
      SHPD_ProductName: 'NEXP25',
      SHPD_ProductCode: '252',
      PL_ProductId: 7,
      PM_PackSize: null,
      PM_GrossWeight: null,
      PM_MinOffset: null,
      PM_MaxOffset: null,
      SHPD_ShipQty: 2,
      BatchId: '58',
      Count: '2',
      LCM_LocationName: 'BHAGWATI FLOUR and FOODS OUTLET',
      Address: 'Sarkhej- Bavla Highway,, Moraiya (Changodar), Ahmedabad, Gujarat, India, 382 213',
      userId: '2',
      userName: 'WH'
    },
    {
      SHPD_ShipmentMID: 13,
      SHPH_ShipmentID: 8,
      SHPH_ShipmentType: 'New Order',
      SHPH_Status: 10,
      SHPH_ShipmentCode: 'SBU2WH_6',
      ORDM_OrderNumber: 'ORD_SO_SB-U2_7',
      SCPM_ID: 2,
      SCPM_Code: 'OM-U2',
      SCPM_Name: 'OM MARKETING',
      SCPM_Caption: 'OM',
      LGCM_Name: 'SpeedExpress',
      LGCVM_VehicleNumber: 'GJ38TA8566',
      SHPD_ProductName: 'NEXP25',
      SHPD_ProductCode: '252',
      PL_ProductId: 7,
      PM_PackSize: null,
      PM_GrossWeight: null,
      PM_MinOffset: null,
      PM_MaxOffset: null,
      SHPD_ShipQty: 2,
      BatchId: '58',
      Count: '2',
      LCM_LocationName: 'OM MARKETING',
      Address: 'Deepkala Avenue,, opposite Government Tubewell,, Ahmedabad, Gujarat, India, 380058',
      userId: '2',
      userName: 'WH'
    }
  ],
  userId: '2',
  FromSCPId: '3',
  CompanyID: '1'
}
{ shipmentId: '8', newStatus: '10', userId: '2' }
Shipment Status :  [
  ResultSetHeader {
    fieldCount: 0,
    affectedRows: 1,
    insertId: 0,
    info: 'Rows matched: 1  Changed: 1  Warnings: 0',
    serverStatus: 2,
    warningStatus: 0,
    changedRows: 1
  },
  undefined
]
{ shipmentId: '8', newStatus: '6', userId: '2' }
Shipment Status :  [
  ResultSetHeader {
    fieldCount: 0,
    affectedRows: 1,
    insertId: 0,
    info: 'Rows matched: 1  Changed: 1  Warnings: 0',
    serverStatus: 2,
    warningStatus: 0,
    changedRows: 1
  },
  undefined
]
Stop :  {
  shipmentId: '8',
  shipmentCode: 'SBU2WH_6',
  shipmentData: [
    {
      SHPD_ShipmentMID: 14,
      SHPH_ShipmentID: 8,
      SHPH_ShipmentType: 'New Order',
      SHPH_Status: 10,
      SHPH_ShipmentCode: 'SBU2WH_6',
      ORDM_OrderNumber: 'ORD_SO_SB-U2_8',
      SCPM_ID: 1,
      SCPM_Code: 'BFFO-U2',
      SCPM_Name: 'BHAGWATI FLOUR and FOODS OUTLET',
      SCPM_Caption: 'BHAGWATI OUTLET',
      LGCM_Name: 'SpeedExpress',
      LGCVM_VehicleNumber: 'GJ38TA8566',
      SHPD_ProductName: 'NEXP25',
      SHPD_ProductCode: '252',
      PL_ProductId: 7,
      PM_PackSize: null,
      PM_GrossWeight: null,
      PM_MinOffset: null,
      PM_MaxOffset: null,
      SHPD_ShipQty: 2,
      BatchId: '58',
      Count: '2',
      LCM_LocationName: 'BHAGWATI FLOUR and FOODS OUTLET',
      Address: 'Sarkhej- Bavla Highway,, Moraiya (Changodar), Ahmedabad, Gujarat, India, 382 213',
      userId: '2',
      userName: 'WH'
    },
    {
      SHPD_ShipmentMID: 13,
      SHPH_ShipmentID: 8,
      SHPH_ShipmentType: 'New Order',
      SHPH_Status: 10,
      SHPH_ShipmentCode: 'SBU2WH_6',
      ORDM_OrderNumber: 'ORD_SO_SB-U2_7',
      SCPM_ID: 2,
      SCPM_Code: 'OM-U2',
      SCPM_Name: 'OM MARKETING',
      SCPM_Caption: 'OM',
      LGCM_Name: 'SpeedExpress',
      LGCVM_VehicleNumber: 'GJ38TA8566',
      SHPD_ProductName: 'NEXP25',
      SHPD_ProductCode: '252',
      PL_ProductId: 7,
      PM_PackSize: null,
      PM_GrossWeight: null,
      PM_MinOffset: null,
      PM_MaxOffset: null,
      SHPD_ShipQty: 2,
      BatchId: '58',
      Count: '2',
      LCM_LocationName: 'OM MARKETING',
      Address: 'Deepkala Avenue,, opposite Government Tubewell,, Ahmedabad, Gujarat, India, 380058',
      userId: '2',
      userName: 'WH'
    }
  ],
  userId: '2',
  FromSCPId: '3',
  CompanyID: '1'
}
{ shipmentId: '8', newStatus: '10', userId: '2' }
Shipment Status :  [
  ResultSetHeader {
    fieldCount: 0,
    affectedRows: 1,
    insertId: 0,
    info: 'Rows matched: 1  Changed: 1  Warnings: 0',
    serverStatus: 2,
    warningStatus: 0,
    changedRows: 1
  },
  undefined
]
{ shipmentId: '8', newStatus: '6', userId: '2' }
Shipment Status :  [
  ResultSetHeader {
    fieldCount: 0,
    affectedRows: 1,
    insertId: 0,
    info: 'Rows matched: 1  Changed: 1  Warnings: 0',
    serverStatus: 2,
    warningStatus: 0,
    changedRows: 1
  },
  undefined
]
Stop :  {
  shipmentId: '8',
  shipmentCode: 'SBU2WH_6',
  shipmentData: [
    {
      SHPD_ShipmentMID: 14,
      SHPH_ShipmentID: 8,
      SHPH_ShipmentType: 'New Order',
      SHPH_Status: 10,
      SHPH_ShipmentCode: 'SBU2WH_6',
      ORDM_OrderNumber: 'ORD_SO_SB-U2_8',
      SCPM_ID: 1,
      SCPM_Code: 'BFFO-U2',
      SCPM_Name: 'BHAGWATI FLOUR and FOODS OUTLET',
      SCPM_Caption: 'BHAGWATI OUTLET',
      LGCM_Name: 'SpeedExpress',
      LGCVM_VehicleNumber: 'GJ38TA8566',
      SHPD_ProductName: 'NEXP25',
      SHPD_ProductCode: '252',
      PL_ProductId: 7,
      PM_PackSize: null,
      PM_GrossWeight: null,
      PM_MinOffset: null,
      PM_MaxOffset: null,
      SHPD_ShipQty: 2,
      BatchId: '58',
      Count: '2',
      LCM_LocationName: 'BHAGWATI FLOUR and FOODS OUTLET',
      Address: 'Sarkhej- Bavla Highway,, Moraiya (Changodar), Ahmedabad, Gujarat, India, 382 213',
      userId: '2',
      userName: 'WH'
    },
    {
      SHPD_ShipmentMID: 13,
      SHPH_ShipmentID: 8,
      SHPH_ShipmentType: 'New Order',
      SHPH_Status: 10,
      SHPH_ShipmentCode: 'SBU2WH_6',
      ORDM_OrderNumber: 'ORD_SO_SB-U2_7',
      SCPM_ID: 2,
      SCPM_Code: 'OM-U2',
      SCPM_Name: 'OM MARKETING',
      SCPM_Caption: 'OM',
      LGCM_Name: 'SpeedExpress',
      LGCVM_VehicleNumber: 'GJ38TA8566',
      SHPD_ProductName: 'NEXP25',
      SHPD_ProductCode: '252',
      PL_ProductId: 7,
      PM_PackSize: null,
      PM_GrossWeight: null,
      PM_MinOffset: null,
      PM_MaxOffset: null,
      SHPD_ShipQty: 2,
      BatchId: '58',
      Count: '2',
      LCM_LocationName: 'OM MARKETING',
      Address: 'Deepkala Avenue,, opposite Government Tubewell,, Ahmedabad, Gujarat, India, 380058',
      userId: '2',
      userName: 'WH'
    }
  ],
  userId: '2',
  FromSCPId: '3',
  CompanyID: '1'
}
{ shipmentId: '8', newStatus: '10', userId: '2' }
Shipment Status :  [
  ResultSetHeader {
    fieldCount: 0,
    affectedRows: 1,
    insertId: 0,
    info: 'Rows matched: 1  Changed: 1  Warnings: 0',
    serverStatus: 2,
    warningStatus: 0,
    changedRows: 1
  },
  undefined
]
{ shipmentId: '8', newStatus: '6', userId: '2' }
Shipment Status :  [
  ResultSetHeader {
    fieldCount: 0,
    affectedRows: 1,
    insertId: 0,
    info: 'Rows matched: 1  Changed: 1  Warnings: 0',
    serverStatus: 2,
    warningStatus: 0,
    changedRows: 1
  },
  undefined
]
Stop :  {
  shipmentId: '8',
  shipmentCode: 'SBU2WH_6',
  shipmentData: [
    {
      SHPD_ShipmentMID: 14,
      SHPH_ShipmentID: 8,
      SHPH_ShipmentType: 'New Order',
      SHPH_Status: 10,
      SHPH_ShipmentCode: 'SBU2WH_6',
      ORDM_OrderNumber: 'ORD_SO_SB-U2_8',
      SCPM_ID: 1,
      SCPM_Code: 'BFFO-U2',
      SCPM_Name: 'BHAGWATI FLOUR and FOODS OUTLET',
      SCPM_Caption: 'BHAGWATI OUTLET',
      LGCM_Name: 'SpeedExpress',
      LGCVM_VehicleNumber: 'GJ38TA8566',
      SHPD_ProductName: 'NEXP25',
      SHPD_ProductCode: '252',
      PL_ProductId: 7,
      PM_PackSize: null,
      PM_GrossWeight: null,
      PM_MinOffset: null,
      PM_MaxOffset: null,
      SHPD_ShipQty: 2,
      BatchId: '58',
      Count: '2',
      LCM_LocationName: 'BHAGWATI FLOUR and FOODS OUTLET',
      Address: 'Sarkhej- Bavla Highway,, Moraiya (Changodar), Ahmedabad, Gujarat, India, 382 213',
      userId: '2',
      userName: 'WH'
    },
    {
      SHPD_ShipmentMID: 13,
      SHPH_ShipmentID: 8,
      SHPH_ShipmentType: 'New Order',
      SHPH_Status: 10,
      SHPH_ShipmentCode: 'SBU2WH_6',
      ORDM_OrderNumber: 'ORD_SO_SB-U2_7',
      SCPM_ID: 2,
      SCPM_Code: 'OM-U2',
      SCPM_Name: 'OM MARKETING',
      SCPM_Caption: 'OM',
      LGCM_Name: 'SpeedExpress',
      LGCVM_VehicleNumber: 'GJ38TA8566',
      SHPD_ProductName: 'NEXP25',
      SHPD_ProductCode: '252',
      PL_ProductId: 7,
      PM_PackSize: null,
      PM_GrossWeight: null,
      PM_MinOffset: null,
      PM_MaxOffset: null,
      SHPD_ShipQty: 2,
      BatchId: '58',
      Count: '2',
      LCM_LocationName: 'OM MARKETING',
      Address: 'Deepkala Avenue,, opposite Government Tubewell,, Ahmedabad, Gujarat, India, 380058',
      userId: '2',
      userName: 'WH'
    }
  ],
  userId: '2',
  FromSCPId: '3',
  CompanyID: '1'
}
{ shipmentId: '8', newStatus: '10', userId: '2' }
Shipment Status :  [
  ResultSetHeader {
    fieldCount: 0,
    affectedRows: 1,
    insertId: 0,
    info: 'Rows matched: 1  Changed: 1  Warnings: 0',
    serverStatus: 2,
    warningStatus: 0,
    changedRows: 1
  },
  undefined
]
{ shipmentId: '8', newStatus: '6', userId: '2' }
Shipment Status :  [
  ResultSetHeader {
    fieldCount: 0,
    affectedRows: 1,
    insertId: 0,
    info: 'Rows matched: 1  Changed: 1  Warnings: 0',
    serverStatus: 2,
    warningStatus: 0,
    changedRows: 1
  },
  undefined
]
Stop :  {
  shipmentId: '8',
  shipmentCode: 'SBU2WH_6',
  shipmentData: [
    {
      SHPD_ShipmentMID: 14,
      SHPH_ShipmentID: 8,
      SHPH_ShipmentType: 'New Order',
      SHPH_Status: 10,
      SHPH_ShipmentCode: 'SBU2WH_6',
      ORDM_OrderNumber: 'ORD_SO_SB-U2_8',
      SCPM_ID: 1,
      SCPM_Code: 'BFFO-U2',
      SCPM_Name: 'BHAGWATI FLOUR and FOODS OUTLET',
      SCPM_Caption: 'BHAGWATI OUTLET',
      LGCM_Name: 'SpeedExpress',
      LGCVM_VehicleNumber: 'GJ38TA8566',
      SHPD_ProductName: 'NEXP25',
      SHPD_ProductCode: '252',
      PL_ProductId: 7,
      PM_PackSize: null,
      PM_GrossWeight: null,
      PM_MinOffset: null,
      PM_MaxOffset: null,
      SHPD_ShipQty: 2,
      BatchId: '58',
      Count: '2',
      LCM_LocationName: 'BHAGWATI FLOUR and FOODS OUTLET',
      Address: 'Sarkhej- Bavla Highway,, Moraiya (Changodar), Ahmedabad, Gujarat, India, 382 213',
      userId: '2',
      userName: 'WH'
    },
    {
      SHPD_ShipmentMID: 13,
      SHPH_ShipmentID: 8,
      SHPH_ShipmentType: 'New Order',
      SHPH_Status: 10,
      SHPH_ShipmentCode: 'SBU2WH_6',
      ORDM_OrderNumber: 'ORD_SO_SB-U2_7',
      SCPM_ID: 2,
      SCPM_Code: 'OM-U2',
      SCPM_Name: 'OM MARKETING',
      SCPM_Caption: 'OM',
      LGCM_Name: 'SpeedExpress',
      LGCVM_VehicleNumber: 'GJ38TA8566',
      SHPD_ProductName: 'NEXP25',
      SHPD_ProductCode: '252',
      PL_ProductId: 7,
      PM_PackSize: null,
      PM_GrossWeight: null,
      PM_MinOffset: null,
      PM_MaxOffset: null,
      SHPD_ShipQty: 2,
      BatchId: '58',
      Count: '2',
      LCM_LocationName: 'OM MARKETING',
      Address: 'Deepkala Avenue,, opposite Government Tubewell,, Ahmedabad, Gujarat, India, 380058',
      userId: '2',
      userName: 'WH'
    }
  ],
  userId: '2',
  FromSCPId: '3',
  CompanyID: '1'
}
{ shipmentId: '8', newStatus: '10', userId: '2' }
Shipment Status :  [
  ResultSetHeader {
    fieldCount: 0,
    affectedRows: 1,
    insertId: 0,
    info: 'Rows matched: 1  Changed: 1  Warnings: 0',
    serverStatus: 2,
    warningStatus: 0,
    changedRows: 1
  },
  undefined
]
{ shipmentId: '8', newStatus: '6', userId: '2' }
Shipment Status :  [
  ResultSetHeader {
    fieldCount: 0,
    affectedRows: 1,
    insertId: 0,
    info: 'Rows matched: 1  Changed: 1  Warnings: 0',
    serverStatus: 2,
    warningStatus: 0,
    changedRows: 1
  },
  undefined
]
Stop :  {
  shipmentId: '8',
  shipmentCode: 'SBU2WH_6',
  shipmentData: [
    {
      SHPD_ShipmentMID: 14,
      SHPH_ShipmentID: 8,
      SHPH_ShipmentType: 'New Order',
      SHPH_Status: 10,
      SHPH_ShipmentCode: 'SBU2WH_6',
      ORDM_OrderNumber: 'ORD_SO_SB-U2_8',
      SCPM_ID: 1,
      SCPM_Code: 'BFFO-U2',
      SCPM_Name: 'BHAGWATI FLOUR and FOODS OUTLET',
      SCPM_Caption: 'BHAGWATI OUTLET',
      LGCM_Name: 'SpeedExpress',
      LGCVM_VehicleNumber: 'GJ38TA8566',
      SHPD_ProductName: 'NEXP25',
      SHPD_ProductCode: '252',
      PL_ProductId: 7,
      PM_PackSize: null,
      PM_GrossWeight: null,
      PM_MinOffset: null,
      PM_MaxOffset: null,
      SHPD_ShipQty: 2,
      BatchId: '58',
      Count: '2',
      LCM_LocationName: 'BHAGWATI FLOUR and FOODS OUTLET',
      Address: 'Sarkhej- Bavla Highway,, Moraiya (Changodar), Ahmedabad, Gujarat, India, 382 213',
      userId: '2',
      userName: 'WH'
    },
    {
      SHPD_ShipmentMID: 13,
      SHPH_ShipmentID: 8,
      SHPH_ShipmentType: 'New Order',
      SHPH_Status: 10,
      SHPH_ShipmentCode: 'SBU2WH_6',
      ORDM_OrderNumber: 'ORD_SO_SB-U2_7',
      SCPM_ID: 2,
      SCPM_Code: 'OM-U2',
      SCPM_Name: 'OM MARKETING',
      SCPM_Caption: 'OM',
      LGCM_Name: 'SpeedExpress',
      LGCVM_VehicleNumber: 'GJ38TA8566',
      SHPD_ProductName: 'NEXP25',
      SHPD_ProductCode: '252',
      PL_ProductId: 7,
      PM_PackSize: null,
      PM_GrossWeight: null,
      PM_MinOffset: null,
      PM_MaxOffset: null,
      SHPD_ShipQty: 2,
      BatchId: '58',
      Count: '2',
      LCM_LocationName: 'OM MARKETING',
      Address: 'Deepkala Avenue,, opposite Government Tubewell,, Ahmedabad, Gujarat, India, 380058',
      userId: '2',
      userName: 'WH'
    }
  ],
  userId: '2',
  FromSCPId: '3',
  CompanyID: '1'
}
{ shipmentId: '8', newStatus: '10', userId: '2' }
Shipment Status :  [
  ResultSetHeader {
    fieldCount: 0,
    affectedRows: 1,
    insertId: 0,
    info: 'Rows matched: 1  Changed: 1  Warnings: 0',
    serverStatus: 2,
    warningStatus: 0,
    changedRows: 1
  },
  undefined
]
{ shipmentId: '8', newStatus: '6', userId: '2' }
Shipment Status :  [
  ResultSetHeader {
    fieldCount: 0,
    affectedRows: 1,
    insertId: 0,
    info: 'Rows matched: 1  Changed: 1  Warnings: 0',
    serverStatus: 2,
    warningStatus: 0,
    changedRows: 1
  },
  undefined
]
Stop :  {
  shipmentId: '8',
  shipmentCode: 'SBU2WH_6',
  shipmentData: [
    {
      SHPD_ShipmentMID: 14,
      SHPH_ShipmentID: 8,
      SHPH_ShipmentType: 'New Order',
      SHPH_Status: 10,
      SHPH_ShipmentCode: 'SBU2WH_6',
      ORDM_OrderNumber: 'ORD_SO_SB-U2_8',
      SCPM_ID: 1,
      SCPM_Code: 'BFFO-U2',
      SCPM_Name: 'BHAGWATI FLOUR and FOODS OUTLET',
      SCPM_Caption: 'BHAGWATI OUTLET',
      LGCM_Name: 'SpeedExpress',
      LGCVM_VehicleNumber: 'GJ38TA8566',
      SHPD_ProductName: 'NEXP25',
      SHPD_ProductCode: '252',
      PL_ProductId: 7,
      PM_PackSize: null,
      PM_GrossWeight: null,
      PM_MinOffset: null,
      PM_MaxOffset: null,
      SHPD_ShipQty: 2,
      BatchId: '58',
      Count: '2',
      LCM_LocationName: 'BHAGWATI FLOUR and FOODS OUTLET',
      Address: 'Sarkhej- Bavla Highway,, Moraiya (Changodar), Ahmedabad, Gujarat, India, 382 213',
      userId: '2',
      userName: 'WH'
    },
    {
      SHPD_ShipmentMID: 13,
      SHPH_ShipmentID: 8,
      SHPH_ShipmentType: 'New Order',
      SHPH_Status: 10,
      SHPH_ShipmentCode: 'SBU2WH_6',
      ORDM_OrderNumber: 'ORD_SO_SB-U2_7',
      SCPM_ID: 2,
      SCPM_Code: 'OM-U2',
      SCPM_Name: 'OM MARKETING',
      SCPM_Caption: 'OM',
      LGCM_Name: 'SpeedExpress',
      LGCVM_VehicleNumber: 'GJ38TA8566',
      SHPD_ProductName: 'NEXP25',
      SHPD_ProductCode: '252',
      PL_ProductId: 7,
      PM_PackSize: null,
      PM_GrossWeight: null,
      PM_MinOffset: null,
      PM_MaxOffset: null,
      SHPD_ShipQty: 2,
      BatchId: '58',
      Count: '2',
      LCM_LocationName: 'OM MARKETING',
      Address: 'Deepkala Avenue,, opposite Government Tubewell,, Ahmedabad, Gujarat, India, 380058',
      userId: '2',
      userName: 'WH'
    }
  ],
  userId: '2',
  FromSCPId: '3',
  CompanyID: '1'
}
{ shipmentId: '8', newStatus: '10', userId: '2' }
Shipment Status :  [
  ResultSetHeader {
    fieldCount: 0,
    affectedRows: 1,
    insertId: 0,
    info: 'Rows matched: 1  Changed: 1  Warnings: 0',
    serverStatus: 2,
    warningStatus: 0,
    changedRows: 1
  },
  undefined
]
{ shipmentId: '8', newStatus: '6', userId: '2' }
Shipment Status :  [
  ResultSetHeader {
    fieldCount: 0,
    affectedRows: 1,
    insertId: 0,
    info: 'Rows matched: 1  Changed: 1  Warnings: 0',
    serverStatus: 2,
    warningStatus: 0,
    changedRows: 1
  },
  undefined
]
Stop :  {
  shipmentId: '8',
  shipmentCode: 'SBU2WH_6',
  shipmentData: [
    {
      SHPD_ShipmentMID: 14,
      SHPH_ShipmentID: 8,
      SHPH_ShipmentType: 'New Order',
      SHPH_Status: 10,
      SHPH_ShipmentCode: 'SBU2WH_6',
      ORDM_OrderNumber: 'ORD_SO_SB-U2_8',
      SCPM_ID: 1,
      SCPM_Code: 'BFFO-U2',
      SCPM_Name: 'BHAGWATI FLOUR and FOODS OUTLET',
      SCPM_Caption: 'BHAGWATI OUTLET',
      LGCM_Name: 'SpeedExpress',
      LGCVM_VehicleNumber: 'GJ38TA8566',
      SHPD_ProductName: 'NEXP25',
      SHPD_ProductCode: '252',
      PL_ProductId: 7,
      PM_PackSize: null,
      PM_GrossWeight: null,
      PM_MinOffset: null,
      PM_MaxOffset: null,
      SHPD_ShipQty: 2,
      BatchId: '58',
      Count: '2',
      LCM_LocationName: 'BHAGWATI FLOUR and FOODS OUTLET',
      Address: 'Sarkhej- Bavla Highway,, Moraiya (Changodar), Ahmedabad, Gujarat, India, 382 213',
      userId: '2',
      userName: 'WH'
    },
    {
      SHPD_ShipmentMID: 13,
      SHPH_ShipmentID: 8,
      SHPH_ShipmentType: 'New Order',
      SHPH_Status: 10,
      SHPH_ShipmentCode: 'SBU2WH_6',
      ORDM_OrderNumber: 'ORD_SO_SB-U2_7',
      SCPM_ID: 2,
      SCPM_Code: 'OM-U2',
      SCPM_Name: 'OM MARKETING',
      SCPM_Caption: 'OM',
      LGCM_Name: 'SpeedExpress',
      LGCVM_VehicleNumber: 'GJ38TA8566',
      SHPD_ProductName: 'NEXP25',
      SHPD_ProductCode: '252',
      PL_ProductId: 7,
      PM_PackSize: null,
      PM_GrossWeight: null,
      PM_MinOffset: null,
      PM_MaxOffset: null,
      SHPD_ShipQty: 2,
      BatchId: '58',
      Count: '2',
      LCM_LocationName: 'OM MARKETING',
      Address: 'Deepkala Avenue,, opposite Government Tubewell,, Ahmedabad, Gujarat, India, 380058',
      userId: '2',
      userName: 'WH'
    }
  ],
  userId: '2',
  FromSCPId: '3',
  CompanyID: '1'
}
{ shipmentId: '8', newStatus: '10', userId: '2' }
Shipment Status :  [
  ResultSetHeader {
    fieldCount: 0,
    affectedRows: 1,
    insertId: 0,
    info: 'Rows matched: 1  Changed: 1  Warnings: 0',
    serverStatus: 2,
    warningStatus: 0,
    changedRows: 1
  },
  undefined
]
{ shipmentId: '8', newStatus: '6', userId: '2' }
Shipment Status :  [
  ResultSetHeader {
    fieldCount: 0,
    affectedRows: 1,
    insertId: 0,
    info: 'Rows matched: 1  Changed: 1  Warnings: 0',
    serverStatus: 2,
    warningStatus: 0,
    changedRows: 1
  },
  undefined
]
Stop :  {
  shipmentId: '8',
  shipmentCode: 'SBU2WH_6',
  shipmentData: [
    {
      SHPD_ShipmentMID: 14,
      SHPH_ShipmentID: 8,
      SHPH_ShipmentType: 'New Order',
      SHPH_Status: 10,
      SHPH_ShipmentCode: 'SBU2WH_6',
      ORDM_OrderNumber: 'ORD_SO_SB-U2_8',
      SCPM_ID: 1,
      SCPM_Code: 'BFFO-U2',
      SCPM_Name: 'BHAGWATI FLOUR and FOODS OUTLET',
      SCPM_Caption: 'BHAGWATI OUTLET',
      LGCM_Name: 'SpeedExpress',
      LGCVM_VehicleNumber: 'GJ38TA8566',
      SHPD_ProductName: 'NEXP25',
      SHPD_ProductCode: '252',
      PL_ProductId: 7,
      PM_PackSize: null,
      PM_GrossWeight: null,
      PM_MinOffset: null,
      PM_MaxOffset: null,
      SHPD_ShipQty: 2,
      BatchId: '58',
      Count: '2',
      LCM_LocationName: 'BHAGWATI FLOUR and FOODS OUTLET',
      Address: 'Sarkhej- Bavla Highway,, Moraiya (Changodar), Ahmedabad, Gujarat, India, 382 213',
      userId: '2',
      userName: 'WH'
    },
    {
      SHPD_ShipmentMID: 13,
      SHPH_ShipmentID: 8,
      SHPH_ShipmentType: 'New Order',
      SHPH_Status: 10,
      SHPH_ShipmentCode: 'SBU2WH_6',
      ORDM_OrderNumber: 'ORD_SO_SB-U2_7',
      SCPM_ID: 2,
      SCPM_Code: 'OM-U2',
      SCPM_Name: 'OM MARKETING',
      SCPM_Caption: 'OM',
      LGCM_Name: 'SpeedExpress',
      LGCVM_VehicleNumber: 'GJ38TA8566',
      SHPD_ProductName: 'NEXP25',
      SHPD_ProductCode: '252',
      PL_ProductId: 7,
      PM_PackSize: null,
      PM_GrossWeight: null,
      PM_MinOffset: null,
      PM_MaxOffset: null,
      SHPD_ShipQty: 2,
      BatchId: '58',
      Count: '2',
      LCM_LocationName: 'OM MARKETING',
      Address: 'Deepkala Avenue,, opposite Government Tubewell,, Ahmedabad, Gujarat, India, 380058',
      userId: '2',
      userName: 'WH'
    }
  ],
  userId: '2',
  FromSCPId: '3',
  CompanyID: '1'
}
{ shipmentId: '8', newStatus: '10', userId: '2' }
Shipment Status :  [
  ResultSetHeader {
    fieldCount: 0,
    affectedRows: 1,
    insertId: 0,
    info: 'Rows matched: 1  Changed: 1  Warnings: 0',
    serverStatus: 2,
    warningStatus: 0,
    changedRows: 1
  },
  undefined
]
{ shipmentId: '8', newStatus: '6', userId: '2' }
Shipment Status :  [
  ResultSetHeader {
    fieldCount: 0,
    affectedRows: 1,
    insertId: 0,
    info: 'Rows matched: 1  Changed: 1  Warnings: 0',
    serverStatus: 2,
    warningStatus: 0,
    changedRows: 1
  },
  undefined
]
Stop :  {
  shipmentId: '8',
  shipmentCode: 'SBU2WH_6',
  shipmentData: [
    {
      SHPD_ShipmentMID: 14,
      SHPH_ShipmentID: 8,
      SHPH_ShipmentType: 'New Order',
      SHPH_Status: 10,
      SHPH_ShipmentCode: 'SBU2WH_6',
      ORDM_OrderNumber: 'ORD_SO_SB-U2_8',
      SCPM_ID: 1,
      SCPM_Code: 'BFFO-U2',
      SCPM_Name: 'BHAGWATI FLOUR and FOODS OUTLET',
      SCPM_Caption: 'BHAGWATI OUTLET',
      LGCM_Name: 'SpeedExpress',
      LGCVM_VehicleNumber: 'GJ38TA8566',
      SHPD_ProductName: 'NEXP25',
      SHPD_ProductCode: '252',
      PL_ProductId: 7,
      PM_PackSize: null,
      PM_GrossWeight: null,
      PM_MinOffset: null,
      PM_MaxOffset: null,
      SHPD_ShipQty: 2,
      BatchId: '58',
      Count: '2',
      LCM_LocationName: 'BHAGWATI FLOUR and FOODS OUTLET',
      Address: 'Sarkhej- Bavla Highway,, Moraiya (Changodar), Ahmedabad, Gujarat, India, 382 213',
      userId: '2',
      userName: 'WH'
    },
    {
      SHPD_ShipmentMID: 13,
      SHPH_ShipmentID: 8,
      SHPH_ShipmentType: 'New Order',
      SHPH_Status: 10,
      SHPH_ShipmentCode: 'SBU2WH_6',
      ORDM_OrderNumber: 'ORD_SO_SB-U2_7',
      SCPM_ID: 2,
      SCPM_Code: 'OM-U2',
      SCPM_Name: 'OM MARKETING',
      SCPM_Caption: 'OM',
      LGCM_Name: 'SpeedExpress',
      LGCVM_VehicleNumber: 'GJ38TA8566',
      SHPD_ProductName: 'NEXP25',
      SHPD_ProductCode: '252',
      PL_ProductId: 7,
      PM_PackSize: null,
      PM_GrossWeight: null,
      PM_MinOffset: null,
      PM_MaxOffset: null,
      SHPD_ShipQty: 2,
      BatchId: '58',
      Count: '2',
      LCM_LocationName: 'OM MARKETING',
      Address: 'Deepkala Avenue,, opposite Government Tubewell,, Ahmedabad, Gujarat, India, 380058',
      userId: '2',
      userName: 'WH'
    }
  ],
  userId: '2',
  FromSCPId: '3',
  CompanyID: '1'
}
{ shipmentId: '8', newStatus: '10', userId: '2' }
Shipment Status :  [
  ResultSetHeader {
    fieldCount: 0,
    affectedRows: 1,
    insertId: 0,
    info: 'Rows matched: 1  Changed: 1  Warnings: 0',
    serverStatus: 2,
    warningStatus: 0,
    changedRows: 1
  },
  undefined
]
Daily MySQL backup scheduled at 10:30
✅ CryptoUtils loaded (COMPATIBLE VERSION)
Server running on port 9010
connected to the Local database
INPUT PASSWORD    : Admin@123
DECRYPTED PASSWORD: Admin@123
Found folders: [ 'SBU2WH_5', 'SBU2WH_6' ]
Checking folder: SBU2WH_5, isDash1: false
Derived shipmentCode: SBU2WH_5
Shipment query result for code SBU2WH_5: [ { SHPH_ShipmentID: 7, SHPH_Status: 10 } ]
Checking folder: SBU2WH_6, isDash1: false
Derived shipmentCode: SBU2WH_6
Shipment query result for code SBU2WH_6: [ { SHPH_ShipmentID: 8, SHPH_Status: 10 } ]
{ shipmentId: '8', newStatus: '6', userId: '2' }
Shipment Status :  [
  ResultSetHeader {
    fieldCount: 0,
    affectedRows: 1,
    insertId: 0,
    info: 'Rows matched: 1  Changed: 1  Warnings: 0',
    serverStatus: 2,
    warningStatus: 0,
    changedRows: 1
  },
  undefined
]
Stop :  {
  shipmentId: '8',
  shipmentCode: 'SBU2WH_6',
  shipmentData: [
    {
      SHPD_ShipmentMID: 14,
      SHPH_ShipmentID: 8,
      SHPH_ShipmentType: 'New Order',
      SHPH_Status: 10,
      SHPH_ShipmentCode: 'SBU2WH_6',
      ORDM_OrderNumber: 'ORD_SO_SB-U2_8',
      SCPM_ID: 1,
      SCPM_Code: 'BFFO-U2',
      SCPM_Name: 'BHAGWATI FLOUR and FOODS OUTLET',
      SCPM_Caption: 'BHAGWATI OUTLET',
      LGCM_Name: 'SpeedExpress',
      LGCVM_VehicleNumber: 'GJ38TA8566',
      SHPD_ProductName: 'NEXP25',
      SHPD_ProductCode: '252',
      PL_ProductId: 7,
      PM_PackSize: null,
      PM_GrossWeight: null,
      PM_MinOffset: null,
      PM_MaxOffset: null,
      SHPD_ShipQty: 2,
      BatchId: '58',
      Count: '2',
      LCM_LocationName: 'BHAGWATI FLOUR and FOODS OUTLET',
      Address: 'Sarkhej- Bavla Highway,, Moraiya (Changodar), Ahmedabad, Gujarat, India, 382 213',
      userId: '2',
      userName: 'WH'
    },
    {
      SHPD_ShipmentMID: 13,
      SHPH_ShipmentID: 8,
      SHPH_ShipmentType: 'New Order',
      SHPH_Status: 10,
      SHPH_ShipmentCode: 'SBU2WH_6',
      ORDM_OrderNumber: 'ORD_SO_SB-U2_7',
      SCPM_ID: 2,
      SCPM_Code: 'OM-U2',
      SCPM_Name: 'OM MARKETING',
      SCPM_Caption: 'OM',
      LGCM_Name: 'SpeedExpress',
      LGCVM_VehicleNumber: 'GJ38TA8566',
      SHPD_ProductName: 'NEXP25',
      SHPD_ProductCode: '252',
      PL_ProductId: 7,
      PM_PackSize: null,
      PM_GrossWeight: null,
      PM_MinOffset: null,
      PM_MaxOffset: null,
      SHPD_ShipQty: 2,
      BatchId: '58',
      Count: '2',
      LCM_LocationName: 'OM MARKETING',
      Address: 'Deepkala Avenue,, opposite Government Tubewell,, Ahmedabad, Gujarat, India, 380058',
      userId: '2',
      userName: 'WH'
    }
  ],
  userId: '2',
  FromSCPId: '3',
  CompanyID: '1'
}
{ shipmentId: '8', newStatus: '10', userId: '2' }
Shipment Status :  [
  ResultSetHeader {
    fieldCount: 0,
    affectedRows: 1,
    insertId: 0,
    info: 'Rows matched: 1  Changed: 1  Warnings: 0',
    serverStatus: 2,
    warningStatus: 0,
    changedRows: 1
  },
  undefined
]
{ shipmentId: '8', newStatus: '6', userId: '2' }
Shipment Status :  [
  ResultSetHeader {
    fieldCount: 0,
    affectedRows: 1,
    insertId: 0,
    info: 'Rows matched: 1  Changed: 1  Warnings: 0',
    serverStatus: 2,
    warningStatus: 0,
    changedRows: 1
  },
  undefined
]
Stop :  {
  shipmentId: '8',
  shipmentCode: 'SBU2WH_6',
  shipmentData: [
    {
      SHPD_ShipmentMID: 14,
      SHPH_ShipmentID: 8,
      SHPH_ShipmentType: 'New Order',
      SHPH_Status: 10,
      SHPH_ShipmentCode: 'SBU2WH_6',
      ORDM_OrderNumber: 'ORD_SO_SB-U2_8',
      SCPM_ID: 1,
      SCPM_Code: 'BFFO-U2',
      SCPM_Name: 'BHAGWATI FLOUR and FOODS OUTLET',
      SCPM_Caption: 'BHAGWATI OUTLET',
      LGCM_Name: 'SpeedExpress',
      LGCVM_VehicleNumber: 'GJ38TA8566',
      SHPD_ProductName: 'NEXP25',
      SHPD_ProductCode: '252',
      PL_ProductId: 7,
      PM_PackSize: null,
      PM_GrossWeight: null,
      PM_MinOffset: null,
      PM_MaxOffset: null,
      SHPD_ShipQty: 2,
      BatchId: '58',
      Count: '2',
      LCM_LocationName: 'BHAGWATI FLOUR and FOODS OUTLET',
      Address: 'Sarkhej- Bavla Highway,, Moraiya (Changodar), Ahmedabad, Gujarat, India, 382 213',
      userId: '2',
      userName: 'WH'
    },
    {
      SHPD_ShipmentMID: 13,
      SHPH_ShipmentID: 8,
      SHPH_ShipmentType: 'New Order',
      SHPH_Status: 10,
      SHPH_ShipmentCode: 'SBU2WH_6',
      ORDM_OrderNumber: 'ORD_SO_SB-U2_7',
      SCPM_ID: 2,
      SCPM_Code: 'OM-U2',
      SCPM_Name: 'OM MARKETING',
      SCPM_Caption: 'OM',
      LGCM_Name: 'SpeedExpress',
      LGCVM_VehicleNumber: 'GJ38TA8566',
      SHPD_ProductName: 'NEXP25',
      SHPD_ProductCode: '252',
      PL_ProductId: 7,
      PM_PackSize: null,
      PM_GrossWeight: null,
      PM_MinOffset: null,
      PM_MaxOffset: null,
      SHPD_ShipQty: 2,
      BatchId: '58',
      Count: '2',
      LCM_LocationName: 'OM MARKETING',
      Address: 'Deepkala Avenue,, opposite Government Tubewell,, Ahmedabad, Gujarat, India, 380058',
      userId: '2',
      userName: 'WH'
    }
  ],
  userId: '2',
  FromSCPId: '3',
  CompanyID: '1'
}
{ shipmentId: '8', newStatus: '10', userId: '2' }
Shipment Status :  [
  ResultSetHeader {
    fieldCount: 0,
    affectedRows: 1,
    insertId: 0,
    info: 'Rows matched: 1  Changed: 1  Warnings: 0',
    serverStatus: 2,
    warningStatus: 0,
    changedRows: 1
  },
  undefined
]
{ shipmentId: '8', newStatus: '6', userId: '2' }
Shipment Status :  [
  ResultSetHeader {
    fieldCount: 0,
    affectedRows: 1,
    insertId: 0,
    info: 'Rows matched: 1  Changed: 1  Warnings: 0',
    serverStatus: 2,
    warningStatus: 0,
    changedRows: 1
  },
  undefined
]
Stop :  {
  shipmentId: '8',
  shipmentCode: 'SBU2WH_6',
  shipmentData: [
    {
      SHPD_ShipmentMID: 14,
      SHPH_ShipmentID: 8,
      SHPH_ShipmentType: 'New Order',
      SHPH_Status: 10,
      SHPH_ShipmentCode: 'SBU2WH_6',
      ORDM_OrderNumber: 'ORD_SO_SB-U2_8',
      SCPM_ID: 1,
      SCPM_Code: 'BFFO-U2',
      SCPM_Name: 'BHAGWATI FLOUR and FOODS OUTLET',
      SCPM_Caption: 'BHAGWATI OUTLET',
      LGCM_Name: 'SpeedExpress',
      LGCVM_VehicleNumber: 'GJ38TA8566',
      SHPD_ProductName: 'NEXP25',
      SHPD_ProductCode: '252',
      PL_ProductId: 7,
      PM_PackSize: null,
      PM_GrossWeight: null,
      PM_MinOffset: null,
      PM_MaxOffset: null,
      SHPD_ShipQty: 2,
      BatchId: '58',
      Count: '2',
      LCM_LocationName: 'BHAGWATI FLOUR and FOODS OUTLET',
      Address: 'Sarkhej- Bavla Highway,, Moraiya (Changodar), Ahmedabad, Gujarat, India, 382 213',
      userId: '2',
      userName: 'WH'
    },
    {
      SHPD_ShipmentMID: 13,
      SHPH_ShipmentID: 8,
      SHPH_ShipmentType: 'New Order',
      SHPH_Status: 10,
      SHPH_ShipmentCode: 'SBU2WH_6',
      ORDM_OrderNumber: 'ORD_SO_SB-U2_7',
      SCPM_ID: 2,
      SCPM_Code: 'OM-U2',
      SCPM_Name: 'OM MARKETING',
      SCPM_Caption: 'OM',
      LGCM_Name: 'SpeedExpress',
      LGCVM_VehicleNumber: 'GJ38TA8566',
      SHPD_ProductName: 'NEXP25',
      SHPD_ProductCode: '252',
      PL_ProductId: 7,
      PM_PackSize: null,
      PM_GrossWeight: null,
      PM_MinOffset: null,
      PM_MaxOffset: null,
      SHPD_ShipQty: 2,
      BatchId: '58',
      Count: '2',
      LCM_LocationName: 'OM MARKETING',
      Address: 'Deepkala Avenue,, opposite Government Tubewell,, Ahmedabad, Gujarat, India, 380058',
      userId: '2',
      userName: 'WH'
    }
  ],
  userId: '2',
  FromSCPId: '3',
  CompanyID: '1'
}
{ shipmentId: '8', newStatus: '10', userId: '2' }
Shipment Status :  [
  ResultSetHeader {
    fieldCount: 0,
    affectedRows: 1,
    insertId: 0,
    info: 'Rows matched: 1  Changed: 1  Warnings: 0',
    serverStatus: 2,
    warningStatus: 0,
    changedRows: 1
  },
  undefined
]
{ shipmentId: '8', newStatus: '6', userId: '2' }
Shipment Status :  [
  ResultSetHeader {
    fieldCount: 0,
    affectedRows: 1,
    insertId: 0,
    info: 'Rows matched: 1  Changed: 1  Warnings: 0',
    serverStatus: 2,
    warningStatus: 0,
    changedRows: 1
  },
  undefined
]
Stop :  {
  shipmentId: '8',
  shipmentCode: 'SBU2WH_6',
  shipmentData: [
    {
      SHPD_ShipmentMID: 14,
      SHPH_ShipmentID: 8,
      SHPH_ShipmentType: 'New Order',
      SHPH_Status: 10,
      SHPH_ShipmentCode: 'SBU2WH_6',
      ORDM_OrderNumber: 'ORD_SO_SB-U2_8',
      SCPM_ID: 1,
      SCPM_Code: 'BFFO-U2',
      SCPM_Name: 'BHAGWATI FLOUR and FOODS OUTLET',
      SCPM_Caption: 'BHAGWATI OUTLET',
      LGCM_Name: 'SpeedExpress',
      LGCVM_VehicleNumber: 'GJ38TA8566',
      SHPD_ProductName: 'NEXP25',
      SHPD_ProductCode: '252',
      PL_ProductId: 7,
      PM_PackSize: null,
      PM_GrossWeight: null,
      PM_MinOffset: null,
      PM_MaxOffset: null,
      SHPD_ShipQty: 2,
      BatchId: '58',
      Count: '2',
      LCM_LocationName: 'BHAGWATI FLOUR and FOODS OUTLET',
      Address: 'Sarkhej- Bavla Highway,, Moraiya (Changodar), Ahmedabad, Gujarat, India, 382 213',
      userId: '2',
      userName: 'WH'
    },
    {
      SHPD_ShipmentMID: 13,
      SHPH_ShipmentID: 8,
      SHPH_ShipmentType: 'New Order',
      SHPH_Status: 10,
      SHPH_ShipmentCode: 'SBU2WH_6',
      ORDM_OrderNumber: 'ORD_SO_SB-U2_7',
      SCPM_ID: 2,
      SCPM_Code: 'OM-U2',
      SCPM_Name: 'OM MARKETING',
      SCPM_Caption: 'OM',
      LGCM_Name: 'SpeedExpress',
      LGCVM_VehicleNumber: 'GJ38TA8566',
      SHPD_ProductName: 'NEXP25',
      SHPD_ProductCode: '252',
      PL_ProductId: 7,
      PM_PackSize: null,
      PM_GrossWeight: null,
      PM_MinOffset: null,
      PM_MaxOffset: null,
      SHPD_ShipQty: 2,
      BatchId: '58',
      Count: '2',
      LCM_LocationName: 'OM MARKETING',
      Address: 'Deepkala Avenue,, opposite Government Tubewell,, Ahmedabad, Gujarat, India, 380058',
      userId: '2',
      userName: 'WH'
    }
  ],
  userId: '2',
  FromSCPId: '3',
  CompanyID: '1'
}
{ shipmentId: '8', newStatus: '10', userId: '2' }
Shipment Status :  [
  ResultSetHeader {
    fieldCount: 0,
    affectedRows: 1,
    insertId: 0,
    info: 'Rows matched: 1  Changed: 1  Warnings: 0',
    serverStatus: 2,
    warningStatus: 0,
    changedRows: 1
  },
  undefined
]
{ shipmentId: '8', newStatus: '6', userId: '2' }
Shipment Status :  [
  ResultSetHeader {
    fieldCount: 0,
    affectedRows: 1,
    insertId: 0,
    info: 'Rows matched: 1  Changed: 1  Warnings: 0',
    serverStatus: 2,
    warningStatus: 0,
    changedRows: 1
  },
  undefined
]
Stop :  {
  shipmentId: '8',
  shipmentCode: 'SBU2WH_6',
  shipmentData: [
    {
      SHPD_ShipmentMID: 14,
      SHPH_ShipmentID: 8,
      SHPH_ShipmentType: 'New Order',
      SHPH_Status: 10,
      SHPH_ShipmentCode: 'SBU2WH_6',
      ORDM_OrderNumber: 'ORD_SO_SB-U2_8',
      SCPM_ID: 1,
      SCPM_Code: 'BFFO-U2',
      SCPM_Name: 'BHAGWATI FLOUR and FOODS OUTLET',
      SCPM_Caption: 'BHAGWATI OUTLET',
      LGCM_Name: 'SpeedExpress',
      LGCVM_VehicleNumber: 'GJ38TA8566',
      SHPD_ProductName: 'NEXP25',
      SHPD_ProductCode: '252',
      PL_ProductId: 7,
      PM_PackSize: null,
      PM_GrossWeight: null,
      PM_MinOffset: null,
      PM_MaxOffset: null,
      SHPD_ShipQty: 2,
      BatchId: '58',
      Count: '2',
      LCM_LocationName: 'BHAGWATI FLOUR and FOODS OUTLET',
      Address: 'Sarkhej- Bavla Highway,, Moraiya (Changodar), Ahmedabad, Gujarat, India, 382 213',
      userId: '2',
      userName: 'WH'
    },
    {
      SHPD_ShipmentMID: 13,
      SHPH_ShipmentID: 8,
      SHPH_ShipmentType: 'New Order',
      SHPH_Status: 10,
      SHPH_ShipmentCode: 'SBU2WH_6',
      ORDM_OrderNumber: 'ORD_SO_SB-U2_7',
      SCPM_ID: 2,
      SCPM_Code: 'OM-U2',
      SCPM_Name: 'OM MARKETING',
      SCPM_Caption: 'OM',
      LGCM_Name: 'SpeedExpress',
      LGCVM_VehicleNumber: 'GJ38TA8566',
      SHPD_ProductName: 'NEXP25',
      SHPD_ProductCode: '252',
      PL_ProductId: 7,
      PM_PackSize: null,
      PM_GrossWeight: null,
      PM_MinOffset: null,
      PM_MaxOffset: null,
      SHPD_ShipQty: 2,
      BatchId: '58',
      Count: '2',
      LCM_LocationName: 'OM MARKETING',
      Address: 'Deepkala Avenue,, opposite Government Tubewell,, Ahmedabad, Gujarat, India, 380058',
      userId: '2',
      userName: 'WH'
    }
  ],
  userId: '2',
  FromSCPId: '3',
  CompanyID: '1'
}
{ shipmentId: '8', newStatus: '10', userId: '2' }
Shipment Status :  [
  ResultSetHeader {
    fieldCount: 0,
    affectedRows: 1,
    insertId: 0,
    info: 'Rows matched: 1  Changed: 1  Warnings: 0',
    serverStatus: 2,
    warningStatus: 0,
    changedRows: 1
  },
  undefined
]
{ shipmentId: '8', newStatus: '6', userId: '2' }
Shipment Status :  [
  ResultSetHeader {
    fieldCount: 0,
    affectedRows: 1,
    insertId: 0,
    info: 'Rows matched: 1  Changed: 1  Warnings: 0',
    serverStatus: 2,
    warningStatus: 0,
    changedRows: 1
  },
  undefined
]
Stop :  {
  shipmentId: '8',
  shipmentCode: 'SBU2WH_6',
  shipmentData: [
    {
      SHPD_ShipmentMID: 14,
      SHPH_ShipmentID: 8,
      SHPH_ShipmentType: 'New Order',
      SHPH_Status: 10,
      SHPH_ShipmentCode: 'SBU2WH_6',
      ORDM_OrderNumber: 'ORD_SO_SB-U2_8',
      SCPM_ID: 1,
      SCPM_Code: 'BFFO-U2',
      SCPM_Name: 'BHAGWATI FLOUR and FOODS OUTLET',
      SCPM_Caption: 'BHAGWATI OUTLET',
      LGCM_Name: 'SpeedExpress',
      LGCVM_VehicleNumber: 'GJ38TA8566',
      SHPD_ProductName: 'NEXP25',
      SHPD_ProductCode: '252',
      PL_ProductId: 7,
      PM_PackSize: null,
      PM_GrossWeight: null,
      PM_MinOffset: null,
      PM_MaxOffset: null,
      SHPD_ShipQty: 2,
      BatchId: '58',
      Count: '2',
      LCM_LocationName: 'BHAGWATI FLOUR and FOODS OUTLET',
      Address: 'Sarkhej- Bavla Highway,, Moraiya (Changodar), Ahmedabad, Gujarat, India, 382 213',
      userId: '2',
      userName: 'WH'
    },
    {
      SHPD_ShipmentMID: 13,
      SHPH_ShipmentID: 8,
      SHPH_ShipmentType: 'New Order',
      SHPH_Status: 10,
      SHPH_ShipmentCode: 'SBU2WH_6',
      ORDM_OrderNumber: 'ORD_SO_SB-U2_7',
      SCPM_ID: 2,
      SCPM_Code: 'OM-U2',
      SCPM_Name: 'OM MARKETING',
      SCPM_Caption: 'OM',
      LGCM_Name: 'SpeedExpress',
      LGCVM_VehicleNumber: 'GJ38TA8566',
      SHPD_ProductName: 'NEXP25',
      SHPD_ProductCode: '252',
      PL_ProductId: 7,
      PM_PackSize: null,
      PM_GrossWeight: null,
      PM_MinOffset: null,
      PM_MaxOffset: null,
      SHPD_ShipQty: 2,
      BatchId: '58',
      Count: '2',
      LCM_LocationName: 'OM MARKETING',
      Address: 'Deepkala Avenue,, opposite Government Tubewell,, Ahmedabad, Gujarat, India, 380058',
      userId: '2',
      userName: 'WH'
    }
  ],
  userId: '2',
  FromSCPId: '3',
  CompanyID: '1'
}
{ shipmentId: '8', newStatus: '10', userId: '2' }
Shipment Status :  [
  ResultSetHeader {
    fieldCount: 0,
    affectedRows: 1,
    insertId: 0,
    info: 'Rows matched: 1  Changed: 1  Warnings: 0',
    serverStatus: 2,
    warningStatus: 0,
    changedRows: 1
  },
  undefined
]
{ shipmentId: '8', newStatus: '6', userId: '2' }
Shipment Status :  [
  ResultSetHeader {
    fieldCount: 0,
    affectedRows: 1,
    insertId: 0,
    info: 'Rows matched: 1  Changed: 1  Warnings: 0',
    serverStatus: 2,
    warningStatus: 0,
    changedRows: 1
  },
  undefined
]
Stop :  {
  shipmentId: '8',
  shipmentCode: 'SBU2WH_6',
  shipmentData: [
    {
      SHPD_ShipmentMID: 14,
      SHPH_ShipmentID: 8,
      SHPH_ShipmentType: 'New Order',
      SHPH_Status: 10,
      SHPH_ShipmentCode: 'SBU2WH_6',
      ORDM_OrderNumber: 'ORD_SO_SB-U2_8',
      SCPM_ID: 1,
      SCPM_Code: 'BFFO-U2',
      SCPM_Name: 'BHAGWATI FLOUR and FOODS OUTLET',
      SCPM_Caption: 'BHAGWATI OUTLET',
      LGCM_Name: 'SpeedExpress',
      LGCVM_VehicleNumber: 'GJ38TA8566',
      SHPD_ProductName: 'NEXP25',
      SHPD_ProductCode: '252',
      PL_ProductId: 7,
      PM_PackSize: null,
      PM_GrossWeight: null,
      PM_MinOffset: null,
      PM_MaxOffset: null,
      SHPD_ShipQty: 2,
      BatchId: '58',
      Count: '2',
      LCM_LocationName: 'BHAGWATI FLOUR and FOODS OUTLET',
      Address: 'Sarkhej- Bavla Highway,, Moraiya (Changodar), Ahmedabad, Gujarat, India, 382 213',
      userId: '2',
      userName: 'WH'
    },
    {
      SHPD_ShipmentMID: 13,
      SHPH_ShipmentID: 8,
      SHPH_ShipmentType: 'New Order',
      SHPH_Status: 10,
      SHPH_ShipmentCode: 'SBU2WH_6',
      ORDM_OrderNumber: 'ORD_SO_SB-U2_7',
      SCPM_ID: 2,
      SCPM_Code: 'OM-U2',
      SCPM_Name: 'OM MARKETING',
      SCPM_Caption: 'OM',
      LGCM_Name: 'SpeedExpress',
      LGCVM_VehicleNumber: 'GJ38TA8566',
      SHPD_ProductName: 'NEXP25',
      SHPD_ProductCode: '252',
      PL_ProductId: 7,
      PM_PackSize: null,
      PM_GrossWeight: null,
      PM_MinOffset: null,
      PM_MaxOffset: null,
      SHPD_ShipQty: 2,
      BatchId: '58',
      Count: '2',
      LCM_LocationName: 'OM MARKETING',
      Address: 'Deepkala Avenue,, opposite Government Tubewell,, Ahmedabad, Gujarat, India, 380058',
      userId: '2',
      userName: 'WH'
    }
  ],
  userId: '2',
  FromSCPId: '3',
  CompanyID: '1'
}
{ shipmentId: '8', newStatus: '10', userId: '2' }
Shipment Status :  [
  ResultSetHeader {
    fieldCount: 0,
    affectedRows: 1,
    insertId: 0,
    info: 'Rows matched: 1  Changed: 1  Warnings: 0',
    serverStatus: 2,
    warningStatus: 0,
    changedRows: 1
  },
  undefined
]
{ shipmentId: '8', newStatus: '6', userId: '2' }
Shipment Status :  [
  ResultSetHeader {
    fieldCount: 0,
    affectedRows: 1,
    insertId: 0,
    info: 'Rows matched: 1  Changed: 1  Warnings: 0',
    serverStatus: 2,
    warningStatus: 0,
    changedRows: 1
  },
  undefined
]
Stop :  {
  shipmentId: '8',
  shipmentCode: 'SBU2WH_6',
  shipmentData: [
    {
      SHPD_ShipmentMID: 14,
      SHPH_ShipmentID: 8,
      SHPH_ShipmentType: 'New Order',
      SHPH_Status: 10,
      SHPH_ShipmentCode: 'SBU2WH_6',
      ORDM_OrderNumber: 'ORD_SO_SB-U2_8',
      SCPM_ID: 1,
      SCPM_Code: 'BFFO-U2',
      SCPM_Name: 'BHAGWATI FLOUR and FOODS OUTLET',
      SCPM_Caption: 'BHAGWATI OUTLET',
      LGCM_Name: 'SpeedExpress',
      LGCVM_VehicleNumber: 'GJ38TA8566',
      SHPD_ProductName: 'NEXP25',
      SHPD_ProductCode: '252',
      PL_ProductId: 7,
      PM_PackSize: null,
      PM_GrossWeight: null,
      PM_MinOffset: null,
      PM_MaxOffset: null,
      SHPD_ShipQty: 2,
      BatchId: '58',
      Count: '2',
      LCM_LocationName: 'BHAGWATI FLOUR and FOODS OUTLET',
      Address: 'Sarkhej- Bavla Highway,, Moraiya (Changodar), Ahmedabad, Gujarat, India, 382 213',
      userId: '2',
      userName: 'WH'
    },
    {
      SHPD_ShipmentMID: 13,
      SHPH_ShipmentID: 8,
      SHPH_ShipmentType: 'New Order',
      SHPH_Status: 10,
      SHPH_ShipmentCode: 'SBU2WH_6',
      ORDM_OrderNumber: 'ORD_SO_SB-U2_7',
      SCPM_ID: 2,
      SCPM_Code: 'OM-U2',
      SCPM_Name: 'OM MARKETING',
      SCPM_Caption: 'OM',
      LGCM_Name: 'SpeedExpress',
      LGCVM_VehicleNumber: 'GJ38TA8566',
      SHPD_ProductName: 'NEXP25',
      SHPD_ProductCode: '252',
      PL_ProductId: 7,
      PM_PackSize: null,
      PM_GrossWeight: null,
      PM_MinOffset: null,
      PM_MaxOffset: null,
      SHPD_ShipQty: 2,
      BatchId: '58',
      Count: '2',
      LCM_LocationName: 'OM MARKETING',
      Address: 'Deepkala Avenue,, opposite Government Tubewell,, Ahmedabad, Gujarat, India, 380058',
      userId: '2',
      userName: 'WH'
    }
  ],
  userId: '2',
  FromSCPId: '3',
  CompanyID: '1'
}
{ shipmentId: '8', newStatus: '10', userId: '2' }
Shipment Status :  [
  ResultSetHeader {
    fieldCount: 0,
    affectedRows: 1,
    insertId: 0,
    info: 'Rows matched: 1  Changed: 1  Warnings: 0',
    serverStatus: 2,
    warningStatus: 0,
    changedRows: 1
  },
  undefined
]
{ shipmentId: '8', newStatus: '6', userId: '2' }
Shipment Status :  [
  ResultSetHeader {
    fieldCount: 0,
    affectedRows: 1,
    insertId: 0,
    info: 'Rows matched: 1  Changed: 1  Warnings: 0',
    serverStatus: 2,
    warningStatus: 0,
    changedRows: 1
  },
  undefined
]
Stop :  {
  shipmentId: '8',
  shipmentCode: 'SBU2WH_6',
  shipmentData: [
    {
      SHPD_ShipmentMID: 14,
      SHPH_ShipmentID: 8,
      SHPH_ShipmentType: 'New Order',
      SHPH_Status: 10,
      SHPH_ShipmentCode: 'SBU2WH_6',
      ORDM_OrderNumber: 'ORD_SO_SB-U2_8',
      SCPM_ID: 1,
      SCPM_Code: 'BFFO-U2',
      SCPM_Name: 'BHAGWATI FLOUR and FOODS OUTLET',
      SCPM_Caption: 'BHAGWATI OUTLET',
      LGCM_Name: 'SpeedExpress',
      LGCVM_VehicleNumber: 'GJ38TA8566',
      SHPD_ProductName: 'NEXP25',
      SHPD_ProductCode: '252',
      PL_ProductId: 7,
      PM_PackSize: null,
      PM_GrossWeight: null,
      PM_MinOffset: null,
      PM_MaxOffset: null,
      SHPD_ShipQty: 2,
      BatchId: '58',
      Count: '2',
      LCM_LocationName: 'BHAGWATI FLOUR and FOODS OUTLET',
      Address: 'Sarkhej- Bavla Highway,, Moraiya (Changodar), Ahmedabad, Gujarat, India, 382 213',
      userId: '2',
      userName: 'WH'
    },
    {
      SHPD_ShipmentMID: 13,
      SHPH_ShipmentID: 8,
      SHPH_ShipmentType: 'New Order',
      SHPH_Status: 10,
      SHPH_ShipmentCode: 'SBU2WH_6',
      ORDM_OrderNumber: 'ORD_SO_SB-U2_7',
      SCPM_ID: 2,
      SCPM_Code: 'OM-U2',
      SCPM_Name: 'OM MARKETING',
      SCPM_Caption: 'OM',
      LGCM_Name: 'SpeedExpress',
      LGCVM_VehicleNumber: 'GJ38TA8566',
      SHPD_ProductName: 'NEXP25',
      SHPD_ProductCode: '252',
      PL_ProductId: 7,
      PM_PackSize: null,
      PM_GrossWeight: null,
      PM_MinOffset: null,
      PM_MaxOffset: null,
      SHPD_ShipQty: 2,
      BatchId: '58',
      Count: '2',
      LCM_LocationName: 'OM MARKETING',
      Address: 'Deepkala Avenue,, opposite Government Tubewell,, Ahmedabad, Gujarat, India, 380058',
      userId: '2',
      userName: 'WH'
    }
  ],
  userId: '2',
  FromSCPId: '3',
  CompanyID: '1'
}
{ shipmentId: '8', newStatus: '10', userId: '2' }
Shipment Status :  [
  ResultSetHeader {
    fieldCount: 0,
    affectedRows: 1,
    insertId: 0,
    info: 'Rows matched: 1  Changed: 1  Warnings: 0',
    serverStatus: 2,
    warningStatus: 0,
    changedRows: 1
  },
  undefined
]
{ shipmentId: '8', newStatus: '6', userId: '2' }
Shipment Status :  [
  ResultSetHeader {
    fieldCount: 0,
    affectedRows: 1,
    insertId: 0,
    info: 'Rows matched: 1  Changed: 1  Warnings: 0',
    serverStatus: 2,
    warningStatus: 0,
    changedRows: 1
  },
  undefined
]
Stop :  {
  shipmentId: '8',
  shipmentCode: 'SBU2WH_6',
  shipmentData: [
    {
      SHPD_ShipmentMID: 14,
      SHPH_ShipmentID: 8,
      SHPH_ShipmentType: 'New Order',
      SHPH_Status: 10,
      SHPH_ShipmentCode: 'SBU2WH_6',
      ORDM_OrderNumber: 'ORD_SO_SB-U2_8',
      SCPM_ID: 1,
      SCPM_Code: 'BFFO-U2',
      SCPM_Name: 'BHAGWATI FLOUR and FOODS OUTLET',
      SCPM_Caption: 'BHAGWATI OUTLET',
      LGCM_Name: 'SpeedExpress',
      LGCVM_VehicleNumber: 'GJ38TA8566',
      SHPD_ProductName: 'NEXP25',
      SHPD_ProductCode: '252',
      PL_ProductId: 7,
      PM_PackSize: null,
      PM_GrossWeight: null,
      PM_MinOffset: null,
      PM_MaxOffset: null,
      SHPD_ShipQty: 2,
      BatchId: '58',
      Count: '2',
      LCM_LocationName: 'BHAGWATI FLOUR and FOODS OUTLET',
      Address: 'Sarkhej- Bavla Highway,, Moraiya (Changodar), Ahmedabad, Gujarat, India, 382 213',
      userId: '2',
      userName: 'WH'
    },
    {
      SHPD_ShipmentMID: 13,
      SHPH_ShipmentID: 8,
      SHPH_ShipmentType: 'New Order',
      SHPH_Status: 10,
      SHPH_ShipmentCode: 'SBU2WH_6',
      ORDM_OrderNumber: 'ORD_SO_SB-U2_7',
      SCPM_ID: 2,
      SCPM_Code: 'OM-U2',
      SCPM_Name: 'OM MARKETING',
      SCPM_Caption: 'OM',
      LGCM_Name: 'SpeedExpress',
      LGCVM_VehicleNumber: 'GJ38TA8566',
      SHPD_ProductName: 'NEXP25',
      SHPD_ProductCode: '252',
      PL_ProductId: 7,
      PM_PackSize: null,
      PM_GrossWeight: null,
      PM_MinOffset: null,
      PM_MaxOffset: null,
      SHPD_ShipQty: 2,
      BatchId: '58',
      Count: '2',
      LCM_LocationName: 'OM MARKETING',
      Address: 'Deepkala Avenue,, opposite Government Tubewell,, Ahmedabad, Gujarat, India, 380058',
      userId: '2',
      userName: 'WH'
    }
  ],
  userId: '2',
  FromSCPId: '3',
  CompanyID: '1'
}
{ shipmentId: '8', newStatus: '10', userId: '2' }
Shipment Status :  [
  ResultSetHeader {
    fieldCount: 0,
    affectedRows: 1,
    insertId: 0,
    info: 'Rows matched: 1  Changed: 1  Warnings: 0',
    serverStatus: 2,
    warningStatus: 0,
    changedRows: 1
  },
  undefined
]
{ shipmentId: '8', newStatus: '6', userId: '2' }
Shipment Status :  [
  ResultSetHeader {
    fieldCount: 0,
    affectedRows: 1,
    insertId: 0,
    info: 'Rows matched: 1  Changed: 1  Warnings: 0',
    serverStatus: 2,
    warningStatus: 0,
    changedRows: 1
  },
  undefined
]
Stop :  {
  shipmentId: '8',
  shipmentCode: 'SBU2WH_6',
  shipmentData: [
    {
      SHPD_ShipmentMID: 14,
      SHPH_ShipmentID: 8,
      SHPH_ShipmentType: 'New Order',
      SHPH_Status: 10,
      SHPH_ShipmentCode: 'SBU2WH_6',
      ORDM_OrderNumber: 'ORD_SO_SB-U2_8',
      SCPM_ID: 1,
      SCPM_Code: 'BFFO-U2',
      SCPM_Name: 'BHAGWATI FLOUR and FOODS OUTLET',
      SCPM_Caption: 'BHAGWATI OUTLET',
      LGCM_Name: 'SpeedExpress',
      LGCVM_VehicleNumber: 'GJ38TA8566',
      SHPD_ProductName: 'NEXP25',
      SHPD_ProductCode: '252',
      PL_ProductId: 7,
      PM_PackSize: null,
      PM_GrossWeight: null,
      PM_MinOffset: null,
      PM_MaxOffset: null,
      SHPD_ShipQty: 2,
      BatchId: '58',
      Count: '2',
      LCM_LocationName: 'BHAGWATI FLOUR and FOODS OUTLET',
      Address: 'Sarkhej- Bavla Highway,, Moraiya (Changodar), Ahmedabad, Gujarat, India, 382 213',
      userId: '2',
      userName: 'WH'
    },
    {
      SHPD_ShipmentMID: 13,
      SHPH_ShipmentID: 8,
      SHPH_ShipmentType: 'New Order',
      SHPH_Status: 10,
      SHPH_ShipmentCode: 'SBU2WH_6',
      ORDM_OrderNumber: 'ORD_SO_SB-U2_7',
      SCPM_ID: 2,
      SCPM_Code: 'OM-U2',
      SCPM_Name: 'OM MARKETING',
      SCPM_Caption: 'OM',
      LGCM_Name: 'SpeedExpress',
      LGCVM_VehicleNumber: 'GJ38TA8566',
      SHPD_ProductName: 'NEXP25',
      SHPD_ProductCode: '252',
      PL_ProductId: 7,
      PM_PackSize: null,
      PM_GrossWeight: null,
      PM_MinOffset: null,
      PM_MaxOffset: null,
      SHPD_ShipQty: 2,
      BatchId: '58',
      Count: '2',
      LCM_LocationName: 'OM MARKETING',
      Address: 'Deepkala Avenue,, opposite Government Tubewell,, Ahmedabad, Gujarat, India, 380058',
      userId: '2',
      userName: 'WH'
    }
  ],
  userId: '2',
  FromSCPId: '3',
  CompanyID: '1'
}
{ shipmentId: '8', newStatus: '10', userId: '2' }
Shipment Status :  [
  ResultSetHeader {
    fieldCount: 0,
    affectedRows: 1,
    insertId: 0,
    info: 'Rows matched: 1  Changed: 1  Warnings: 0',
    serverStatus: 2,
    warningStatus: 0,
    changedRows: 1
  },
  undefined
]
{ shipmentId: '8', newStatus: '6', userId: '2' }
Shipment Status :  [
  ResultSetHeader {
    fieldCount: 0,
    affectedRows: 1,
    insertId: 0,
    info: 'Rows matched: 1  Changed: 1  Warnings: 0',
    serverStatus: 2,
    warningStatus: 0,
    changedRows: 1
  },
  undefined
]
Stop :  {
  shipmentId: '8',
  shipmentCode: 'SBU2WH_6',
  shipmentData: [
    {
      SHPD_ShipmentMID: 14,
      SHPH_ShipmentID: 8,
      SHPH_ShipmentType: 'New Order',
      SHPH_Status: 10,
      SHPH_ShipmentCode: 'SBU2WH_6',
      ORDM_OrderNumber: 'ORD_SO_SB-U2_8',
      SCPM_ID: 1,
      SCPM_Code: 'BFFO-U2',
      SCPM_Name: 'BHAGWATI FLOUR and FOODS OUTLET',
      SCPM_Caption: 'BHAGWATI OUTLET',
      LGCM_Name: 'SpeedExpress',
      LGCVM_VehicleNumber: 'GJ38TA8566',
      SHPD_ProductName: 'NEXP25',
      SHPD_ProductCode: '252',
      PL_ProductId: 7,
      PM_PackSize: null,
      PM_GrossWeight: null,
      PM_MinOffset: null,
      PM_MaxOffset: null,
      SHPD_ShipQty: 2,
      BatchId: '58',
      Count: '2',
      LCM_LocationName: 'BHAGWATI FLOUR and FOODS OUTLET',
      Address: 'Sarkhej- Bavla Highway,, Moraiya (Changodar), Ahmedabad, Gujarat, India, 382 213',
      userId: '2',
      userName: 'WH'
    },
    {
      SHPD_ShipmentMID: 13,
      SHPH_ShipmentID: 8,
      SHPH_ShipmentType: 'New Order',
      SHPH_Status: 10,
      SHPH_ShipmentCode: 'SBU2WH_6',
      ORDM_OrderNumber: 'ORD_SO_SB-U2_7',
      SCPM_ID: 2,
      SCPM_Code: 'OM-U2',
      SCPM_Name: 'OM MARKETING',
      SCPM_Caption: 'OM',
      LGCM_Name: 'SpeedExpress',
      LGCVM_VehicleNumber: 'GJ38TA8566',
      SHPD_ProductName: 'NEXP25',
      SHPD_ProductCode: '252',
      PL_ProductId: 7,
      PM_PackSize: null,
      PM_GrossWeight: null,
      PM_MinOffset: null,
      PM_MaxOffset: null,
      SHPD_ShipQty: 2,
      BatchId: '58',
      Count: '2',
      LCM_LocationName: 'OM MARKETING',
      Address: 'Deepkala Avenue,, opposite Government Tubewell,, Ahmedabad, Gujarat, India, 380058',
      userId: '2',
      userName: 'WH'
    }
  ],
  userId: '2',
  FromSCPId: '3',
  CompanyID: '1'
}
{ shipmentId: '8', newStatus: '10', userId: '2' }
Shipment Status :  [
  ResultSetHeader {
    fieldCount: 0,
    affectedRows: 1,
    insertId: 0,
    info: 'Rows matched: 1  Changed: 1  Warnings: 0',
    serverStatus: 2,
    warningStatus: 0,
    changedRows: 1
  },
  undefined
]
{ shipmentId: '8', newStatus: '6', userId: '2' }
Shipment Status :  [
  ResultSetHeader {
    fieldCount: 0,
    affectedRows: 1,
    insertId: 0,
    info: 'Rows matched: 1  Changed: 1  Warnings: 0',
    serverStatus: 2,
    warningStatus: 0,
    changedRows: 1
  },
  undefined
]
Stop :  {
  shipmentId: '8',
  shipmentCode: 'SBU2WH_6',
  shipmentData: [
    {
      SHPD_ShipmentMID: 14,
      SHPH_ShipmentID: 8,
      SHPH_ShipmentType: 'New Order',
      SHPH_Status: 10,
      SHPH_ShipmentCode: 'SBU2WH_6',
      ORDM_OrderNumber: 'ORD_SO_SB-U2_8',
      SCPM_ID: 1,
      SCPM_Code: 'BFFO-U2',
      SCPM_Name: 'BHAGWATI FLOUR and FOODS OUTLET',
      SCPM_Caption: 'BHAGWATI OUTLET',
      LGCM_Name: 'SpeedExpress',
      LGCVM_VehicleNumber: 'GJ38TA8566',
      SHPD_ProductName: 'NEXP25',
      SHPD_ProductCode: '252',
      PL_ProductId: 7,
      PM_PackSize: null,
      PM_GrossWeight: null,
      PM_MinOffset: null,
      PM_MaxOffset: null,
      SHPD_ShipQty: 2,
      BatchId: '58',
      Count: '2',
      LCM_LocationName: 'BHAGWATI FLOUR and FOODS OUTLET',
      Address: 'Sarkhej- Bavla Highway,, Moraiya (Changodar), Ahmedabad, Gujarat, India, 382 213',
      userId: '2',
      userName: 'WH'
    },
    {
      SHPD_ShipmentMID: 13,
      SHPH_ShipmentID: 8,
      SHPH_ShipmentType: 'New Order',
      SHPH_Status: 10,
      SHPH_ShipmentCode: 'SBU2WH_6',
      ORDM_OrderNumber: 'ORD_SO_SB-U2_7',
      SCPM_ID: 2,
      SCPM_Code: 'OM-U2',
      SCPM_Name: 'OM MARKETING',
      SCPM_Caption: 'OM',
      LGCM_Name: 'SpeedExpress',
      LGCVM_VehicleNumber: 'GJ38TA8566',
      SHPD_ProductName: 'NEXP25',
      SHPD_ProductCode: '252',
      PL_ProductId: 7,
      PM_PackSize: null,
      PM_GrossWeight: null,
      PM_MinOffset: null,
      PM_MaxOffset: null,
      SHPD_ShipQty: 2,
      BatchId: '58',
      Count: '2',
      LCM_LocationName: 'OM MARKETING',
      Address: 'Deepkala Avenue,, opposite Government Tubewell,, Ahmedabad, Gujarat, India, 380058',
      userId: '2',
      userName: 'WH'
    }
  ],
  userId: '2',
  FromSCPId: '3',
  CompanyID: '1'
}
{ shipmentId: '8', newStatus: '10', userId: '2' }
Shipment Status :  [
  ResultSetHeader {
    fieldCount: 0,
    affectedRows: 1,
    insertId: 0,
    info: 'Rows matched: 1  Changed: 1  Warnings: 0',
    serverStatus: 2,
    warningStatus: 0,
    changedRows: 1
  },
  undefined
]
{ shipmentId: '8', newStatus: '6', userId: '2' }
Shipment Status :  [
  ResultSetHeader {
    fieldCount: 0,
    affectedRows: 1,
    insertId: 0,
    info: 'Rows matched: 1  Changed: 1  Warnings: 0',
    serverStatus: 2,
    warningStatus: 0,
    changedRows: 1
  },
  undefined
]
Stop :  {
  shipmentId: '8',
  shipmentCode: 'SBU2WH_6',
  shipmentData: [
    {
      SHPD_ShipmentMID: 14,
      SHPH_ShipmentID: 8,
      SHPH_ShipmentType: 'New Order',
      SHPH_Status: 10,
      SHPH_ShipmentCode: 'SBU2WH_6',
      ORDM_OrderNumber: 'ORD_SO_SB-U2_8',
      SCPM_ID: 1,
      SCPM_Code: 'BFFO-U2',
      SCPM_Name: 'BHAGWATI FLOUR and FOODS OUTLET',
      SCPM_Caption: 'BHAGWATI OUTLET',
      LGCM_Name: 'SpeedExpress',
      LGCVM_VehicleNumber: 'GJ38TA8566',
      SHPD_ProductName: 'NEXP25',
      SHPD_ProductCode: '252',
      PL_ProductId: 7,
      PM_PackSize: null,
      PM_GrossWeight: null,
      PM_MinOffset: null,
      PM_MaxOffset: null,
      SHPD_ShipQty: 2,
      BatchId: '58',
      Count: '2',
      LCM_LocationName: 'BHAGWATI FLOUR and FOODS OUTLET',
      Address: 'Sarkhej- Bavla Highway,, Moraiya (Changodar), Ahmedabad, Gujarat, India, 382 213',
      userId: '2',
      userName: 'WH'
    },
    {
      SHPD_ShipmentMID: 13,
      SHPH_ShipmentID: 8,
      SHPH_ShipmentType: 'New Order',
      SHPH_Status: 10,
      SHPH_ShipmentCode: 'SBU2WH_6',
      ORDM_OrderNumber: 'ORD_SO_SB-U2_7',
      SCPM_ID: 2,
      SCPM_Code: 'OM-U2',
      SCPM_Name: 'OM MARKETING',
      SCPM_Caption: 'OM',
      LGCM_Name: 'SpeedExpress',
      LGCVM_VehicleNumber: 'GJ38TA8566',
      SHPD_ProductName: 'NEXP25',
      SHPD_ProductCode: '252',
      PL_ProductId: 7,
      PM_PackSize: null,
      PM_GrossWeight: null,
      PM_MinOffset: null,
      PM_MaxOffset: null,
      SHPD_ShipQty: 2,
      BatchId: '58',
      Count: '2',
      LCM_LocationName: 'OM MARKETING',
      Address: 'Deepkala Avenue,, opposite Government Tubewell,, Ahmedabad, Gujarat, India, 380058',
      userId: '2',
      userName: 'WH'
    }
  ],
  userId: '2',
  FromSCPId: '3',
  CompanyID: '1'
}
{ shipmentId: '8', newStatus: '10', userId: '2' }
Shipment Status :  [
  ResultSetHeader {
    fieldCount: 0,
    affectedRows: 1,
    insertId: 0,
    info: 'Rows matched: 1  Changed: 1  Warnings: 0',
    serverStatus: 2,
    warningStatus: 0,
    changedRows: 1
  },
  undefined
]
{ shipmentId: '8', newStatus: '6', userId: '2' }
Shipment Status :  [
  ResultSetHeader {
    fieldCount: 0,
    affectedRows: 1,
    insertId: 0,
    info: 'Rows matched: 1  Changed: 1  Warnings: 0',
    serverStatus: 2,
    warningStatus: 0,
    changedRows: 1
  },
  undefined
]
Stop :  {
  shipmentId: '8',
  shipmentCode: 'SBU2WH_6',
  shipmentData: [
    {
      SHPD_ShipmentMID: 13,
      SHPH_ShipmentID: 8,
      SHPH_ShipmentType: 'New Order',
      SHPH_Status: 10,
      SHPH_ShipmentCode: 'SBU2WH_6',
      ORDM_OrderNumber: 'ORD_SO_SB-U2_7',
      SCPM_ID: 2,
      SCPM_Code: 'OM-U2',
      SCPM_Name: 'OM MARKETING',
      SCPM_Caption: 'OM',
      LGCM_Name: 'SpeedExpress',
      LGCVM_VehicleNumber: 'GJ38TA8566',
      SHPD_ProductName: 'NEXP25',
      SHPD_ProductCode: '252',
      PL_ProductId: 7,
      PM_PackSize: null,
      PM_GrossWeight: null,
      PM_MinOffset: null,
      PM_MaxOffset: null,
      SHPD_ShipQty: 2,
      BatchId: '58',
      Count: '2',
      LCM_LocationName: 'OM MARKETING',
      Address: 'Deepkala Avenue,, opposite Government Tubewell,, Ahmedabad, Gujarat, India, 380058',
      userId: '2',
      userName: 'WH'
    },
    {
      SHPD_ShipmentMID: 14,
      SHPH_ShipmentID: 8,
      SHPH_ShipmentType: 'New Order',
      SHPH_Status: 10,
      SHPH_ShipmentCode: 'SBU2WH_6',
      ORDM_OrderNumber: 'ORD_SO_SB-U2_8',
      SCPM_ID: 1,
      SCPM_Code: 'BFFO-U2',
      SCPM_Name: 'BHAGWATI FLOUR and FOODS OUTLET',
      SCPM_Caption: 'BHAGWATI OUTLET',
      LGCM_Name: 'SpeedExpress',
      LGCVM_VehicleNumber: 'GJ38TA8566',
      SHPD_ProductName: 'NEXP25',
      SHPD_ProductCode: '252',
      PL_ProductId: 7,
      PM_PackSize: null,
      PM_GrossWeight: null,
      PM_MinOffset: null,
      PM_MaxOffset: null,
      SHPD_ShipQty: 2,
      BatchId: '58',
      Count: '2',
      LCM_LocationName: 'BHAGWATI FLOUR and FOODS OUTLET',
      Address: 'Sarkhej- Bavla Highway,, Moraiya (Changodar), Ahmedabad, Gujarat, India, 382 213',
      userId: '2',
      userName: 'WH'
    }
  ],
  userId: '2',
  FromSCPId: '3',
  CompanyID: '1'
}
Stop existing :  []
Pass counts by MID: { '13': 1 }
Updating shipment master MID: 13 with count: 1
Before update - MID 13: ScanQty = null
Shipment master update result: ResultSetHeader {
  fieldCount: 0,
  affectedRows: 1,
  insertId: 0,
  info: 'Rows matched: 1  Changed: 1  Warnings: 0',
  serverStatus: 2,
  warningStatus: 0,
  changedRows: 1
}
After update - MID 13: ScanQty = 1
Updating inventory for product 7 with qty 1
Before inventory update - BlockQty: 3, Available: 3
Inventory update result: ResultSetHeader {
  fieldCount: 0,
  affectedRows: 1,
  insertId: 0,
  info: 'Rows matched: 1  Changed: 1  Warnings: 0',
  serverStatus: 2,
  warningStatus: 0,
  changedRows: 1
}
Checking importrsnshipment table structure...
importrsnshipment columns: [
  'IRS_ID',
  'IRS_ProductID',
  'IRS_ProductMID',
  'IRS_ShipmentID',
  'IRS_ShipmentType',
  'IRS_BatchID',
  'IRS_BatchMID',
  'IRS_RandomNo',
  'IRS_ParentRandomNo',
  'IRS_PackSize',
  'IRS_Status',
  'IRS_CreatedBy',
  'IRS_CreatedTimeStamp',
  'IRS_LastModifedBy',
  'IRS_LastModifiedTimeStamp',
  'IRS_PhysicalLocation',
  'IRS_LogicalLocation',
  'IRS_CompanyGrpID',
  'IRS_CompanyID',
  'IRS_ToSCP',
  'IRS_BatchWeight',
  'IRS_ShipmentWeight',
  'IRS_Remark',
  'IRS_SKU',
  'IRS_Boxno'
]
Updating importrsnshipment for IRS_ID: 86 with weight: 2.735
importrsnshipment update successful, affected rows: 1
Processing RSN history for IRS_ID: 86
Inserted RSN history ID: 12
{ shipmentId: '8', newStatus: '10', userId: '2' }
Shipment Status :  [
  ResultSetHeader {
    fieldCount: 0,
    affectedRows: 1,
    insertId: 0,
    info: 'Rows matched: 1  Changed: 1  Warnings: 0',
    serverStatus: 2,
    warningStatus: 0,
    changedRows: 1
  },
  undefined
]
{ shipmentId: '8', newStatus: '6', userId: '2' }
Shipment Status :  [
  ResultSetHeader {
    fieldCount: 0,
    affectedRows: 1,
    insertId: 0,
    info: 'Rows matched: 1  Changed: 1  Warnings: 0',
    serverStatus: 2,
    warningStatus: 0,
    changedRows: 1
  },
  undefined
]
Stop :  {
  shipmentId: '8',
  shipmentCode: 'SBU2WH_6',
  shipmentData: [
    {
      SHPD_ShipmentMID: 13,
      SHPH_ShipmentID: 8,
      SHPH_ShipmentType: 'New Order',
      SHPH_Status: 10,
      SHPH_ShipmentCode: 'SBU2WH_6',
      ORDM_OrderNumber: 'ORD_SO_SB-U2_7',
      SCPM_ID: 2,
      SCPM_Code: 'OM-U2',
      SCPM_Name: 'OM MARKETING',
      SCPM_Caption: 'OM',
      LGCM_Name: 'SpeedExpress',
      LGCVM_VehicleNumber: 'GJ38TA8566',
      SHPD_ProductName: 'NEXP25',
      SHPD_ProductCode: '252',
      PL_ProductId: 7,
      PM_PackSize: null,
      PM_GrossWeight: null,
      PM_MinOffset: null,
      PM_MaxOffset: null,
      SHPD_ShipQty: 2,
      BatchId: '58',
      Count: '2',
      LCM_LocationName: 'OM MARKETING',
      Address: 'Deepkala Avenue,, opposite Government Tubewell,, Ahmedabad, Gujarat, India, 380058',
      userId: '2',
      userName: 'WH'
    },
    {
      SHPD_ShipmentMID: 14,
      SHPH_ShipmentID: 8,
      SHPH_ShipmentType: 'New Order',
      SHPH_Status: 10,
      SHPH_ShipmentCode: 'SBU2WH_6',
      ORDM_OrderNumber: 'ORD_SO_SB-U2_8',
      SCPM_ID: 1,
      SCPM_Code: 'BFFO-U2',
      SCPM_Name: 'BHAGWATI FLOUR and FOODS OUTLET',
      SCPM_Caption: 'BHAGWATI OUTLET',
      LGCM_Name: 'SpeedExpress',
      LGCVM_VehicleNumber: 'GJ38TA8566',
      SHPD_ProductName: 'NEXP25',
      SHPD_ProductCode: '252',
      PL_ProductId: 7,
      PM_PackSize: null,
      PM_GrossWeight: null,
      PM_MinOffset: null,
      PM_MaxOffset: null,
      SHPD_ShipQty: 2,
      BatchId: '58',
      Count: '2',
      LCM_LocationName: 'BHAGWATI FLOUR and FOODS OUTLET',
      Address: 'Sarkhej- Bavla Highway,, Moraiya (Changodar), Ahmedabad, Gujarat, India, 382 213',
      userId: '2',
      userName: 'WH'
    }
  ],
  userId: '2',
  FromSCPId: '3',
  CompanyID: '1'
}
Stop existing :  [ { IRS_ID: 86 } ]
{ shipmentId: '8', newStatus: '10', userId: '2' }
Shipment Status :  [
  ResultSetHeader {
    fieldCount: 0,
    affectedRows: 1,
    insertId: 0,
    info: 'Rows matched: 1  Changed: 1  Warnings: 0',
    serverStatus: 2,
    warningStatus: 0,
    changedRows: 1
  },
  undefined
]
{ shipmentId: '8', newStatus: '6', userId: '2' }
Shipment Status :  [
  ResultSetHeader {
    fieldCount: 0,
    affectedRows: 1,
    insertId: 0,
    info: 'Rows matched: 1  Changed: 1  Warnings: 0',
    serverStatus: 2,
    warningStatus: 0,
    changedRows: 1
  },
  undefined
]
Stop :  {
  shipmentId: '8',
  shipmentCode: 'SBU2WH_6',
  shipmentData: [
    {
      SHPD_ShipmentMID: 13,
      SHPH_ShipmentID: 8,
      SHPH_ShipmentType: 'New Order',
      SHPH_Status: 10,
      SHPH_ShipmentCode: 'SBU2WH_6',
      ORDM_OrderNumber: 'ORD_SO_SB-U2_7',
      SCPM_ID: 2,
      SCPM_Code: 'OM-U2',
      SCPM_Name: 'OM MARKETING',
      SCPM_Caption: 'OM',
      LGCM_Name: 'SpeedExpress',
      LGCVM_VehicleNumber: 'GJ38TA8566',
      SHPD_ProductName: 'NEXP25',
      SHPD_ProductCode: '252',
      PL_ProductId: 7,
      PM_PackSize: null,
      PM_GrossWeight: null,
      PM_MinOffset: null,
      PM_MaxOffset: null,
      SHPD_ShipQty: 2,
      BatchId: '58',
      Count: '2',
      LCM_LocationName: 'OM MARKETING',
      Address: 'Deepkala Avenue,, opposite Government Tubewell,, Ahmedabad, Gujarat, India, 380058',
      userId: '2',
      userName: 'WH'
    },
    {
      SHPD_ShipmentMID: 14,
      SHPH_ShipmentID: 8,
      SHPH_ShipmentType: 'New Order',
      SHPH_Status: 10,
      SHPH_ShipmentCode: 'SBU2WH_6',
      ORDM_OrderNumber: 'ORD_SO_SB-U2_8',
      SCPM_ID: 1,
      SCPM_Code: 'BFFO-U2',
      SCPM_Name: 'BHAGWATI FLOUR and FOODS OUTLET',
      SCPM_Caption: 'BHAGWATI OUTLET',
      LGCM_Name: 'SpeedExpress',
      LGCVM_VehicleNumber: 'GJ38TA8566',
      SHPD_ProductName: 'NEXP25',
      SHPD_ProductCode: '252',
      PL_ProductId: 7,
      PM_PackSize: null,
      PM_GrossWeight: null,
      PM_MinOffset: null,
      PM_MaxOffset: null,
      SHPD_ShipQty: 2,
      BatchId: '58',
      Count: '2',
      LCM_LocationName: 'BHAGWATI FLOUR and FOODS OUTLET',
      Address: 'Sarkhej- Bavla Highway,, Moraiya (Changodar), Ahmedabad, Gujarat, India, 382 213',
      userId: '2',
      userName: 'WH'
    }
  ],
  userId: '2',
  FromSCPId: '3',
  CompanyID: '1'
}
Stop existing :  [ { IRS_ID: 86 } ]
{ shipmentId: '8', newStatus: '10', userId: '2' }
Shipment Status :  [
  ResultSetHeader {
    fieldCount: 0,
    affectedRows: 1,
    insertId: 0,
    info: 'Rows matched: 1  Changed: 1  Warnings: 0',
    serverStatus: 2,
    warningStatus: 0,
    changedRows: 1
  },
  undefined
]
{ shipmentId: '8', newStatus: '6', userId: '2' }
Shipment Status :  [
  ResultSetHeader {
    fieldCount: 0,
    affectedRows: 1,
    insertId: 0,
    info: 'Rows matched: 1  Changed: 1  Warnings: 0',
    serverStatus: 2,
    warningStatus: 0,
    changedRows: 1
  },
  undefined
]
Stop :  {
  shipmentId: '8',
  shipmentCode: 'SBU2WH_6',
  shipmentData: [
    {
      SHPD_ShipmentMID: 13,
      SHPH_ShipmentID: 8,
      SHPH_ShipmentType: 'New Order',
      SHPH_Status: 10,
      SHPH_ShipmentCode: 'SBU2WH_6',
      ORDM_OrderNumber: 'ORD_SO_SB-U2_7',
      SCPM_ID: 2,
      SCPM_Code: 'OM-U2',
      SCPM_Name: 'OM MARKETING',
      SCPM_Caption: 'OM',
      LGCM_Name: 'SpeedExpress',
      LGCVM_VehicleNumber: 'GJ38TA8566',
      SHPD_ProductName: 'NEXP25',
      SHPD_ProductCode: '252',
      PL_ProductId: 7,
      PM_PackSize: null,
      PM_GrossWeight: null,
      PM_MinOffset: null,
      PM_MaxOffset: null,
      SHPD_ShipQty: 2,
      BatchId: '58',
      Count: '2',
      LCM_LocationName: 'OM MARKETING',
      Address: 'Deepkala Avenue,, opposite Government Tubewell,, Ahmedabad, Gujarat, India, 380058',
      userId: '2',
      userName: 'WH'
    },
    {
      SHPD_ShipmentMID: 14,
      SHPH_ShipmentID: 8,
      SHPH_ShipmentType: 'New Order',
      SHPH_Status: 10,
      SHPH_ShipmentCode: 'SBU2WH_6',
      ORDM_OrderNumber: 'ORD_SO_SB-U2_8',
      SCPM_ID: 1,
      SCPM_Code: 'BFFO-U2',
      SCPM_Name: 'BHAGWATI FLOUR and FOODS OUTLET',
      SCPM_Caption: 'BHAGWATI OUTLET',
      LGCM_Name: 'SpeedExpress',
      LGCVM_VehicleNumber: 'GJ38TA8566',
      SHPD_ProductName: 'NEXP25',
      SHPD_ProductCode: '252',
      PL_ProductId: 7,
      PM_PackSize: null,
      PM_GrossWeight: null,
      PM_MinOffset: null,
      PM_MaxOffset: null,
      SHPD_ShipQty: 2,
      BatchId: '58',
      Count: '2',
      LCM_LocationName: 'BHAGWATI FLOUR and FOODS OUTLET',
      Address: 'Sarkhej- Bavla Highway,, Moraiya (Changodar), Ahmedabad, Gujarat, India, 382 213',
      userId: '2',
      userName: 'WH'
    }
  ],
  userId: '2',
  FromSCPId: '3',
  CompanyID: '1'
}
Stop existing :  [ { IRS_ID: 86 } ]
{ shipmentId: '8', newStatus: '10', userId: '2' }
Shipment Status :  [
  ResultSetHeader {
    fieldCount: 0,
    affectedRows: 1,
    insertId: 0,
    info: 'Rows matched: 1  Changed: 1  Warnings: 0',
    serverStatus: 2,
    warningStatus: 0,
    changedRows: 1
  },
  undefined
]
{ shipmentId: '8', newStatus: '6', userId: '2' }
Shipment Status :  [
  ResultSetHeader {
    fieldCount: 0,
    affectedRows: 1,
    insertId: 0,
    info: 'Rows matched: 1  Changed: 1  Warnings: 0',
    serverStatus: 2,
    warningStatus: 0,
    changedRows: 1
  },
  undefined
]
Stop :  {
  shipmentId: '8',
  shipmentCode: 'SBU2WH_6',
  shipmentData: [
    {
      SHPD_ShipmentMID: 13,
      SHPH_ShipmentID: 8,
      SHPH_ShipmentType: 'New Order',
      SHPH_Status: 10,
      SHPH_ShipmentCode: 'SBU2WH_6',
      ORDM_OrderNumber: 'ORD_SO_SB-U2_7',
      SCPM_ID: 2,
      SCPM_Code: 'OM-U2',
      SCPM_Name: 'OM MARKETING',
      SCPM_Caption: 'OM',
      LGCM_Name: 'SpeedExpress',
      LGCVM_VehicleNumber: 'GJ38TA8566',
      SHPD_ProductName: 'NEXP25',
      SHPD_ProductCode: '252',
      PL_ProductId: 7,
      PM_PackSize: null,
      PM_GrossWeight: null,
      PM_MinOffset: null,
      PM_MaxOffset: null,
      SHPD_ShipQty: 2,
      BatchId: '58',
      Count: '2',
      LCM_LocationName: 'OM MARKETING',
      Address: 'Deepkala Avenue,, opposite Government Tubewell,, Ahmedabad, Gujarat, India, 380058',
      userId: '2',
      userName: 'WH'
    },
    {
      SHPD_ShipmentMID: 14,
      SHPH_ShipmentID: 8,
      SHPH_ShipmentType: 'New Order',
      SHPH_Status: 10,
      SHPH_ShipmentCode: 'SBU2WH_6',
      ORDM_OrderNumber: 'ORD_SO_SB-U2_8',
      SCPM_ID: 1,
      SCPM_Code: 'BFFO-U2',
      SCPM_Name: 'BHAGWATI FLOUR and FOODS OUTLET',
      SCPM_Caption: 'BHAGWATI OUTLET',
      LGCM_Name: 'SpeedExpress',
      LGCVM_VehicleNumber: 'GJ38TA8566',
      SHPD_ProductName: 'NEXP25',
      SHPD_ProductCode: '252',
      PL_ProductId: 7,
      PM_PackSize: null,
      PM_GrossWeight: null,
      PM_MinOffset: null,
      PM_MaxOffset: null,
      SHPD_ShipQty: 2,
      BatchId: '58',
      Count: '2',
      LCM_LocationName: 'BHAGWATI FLOUR and FOODS OUTLET',
      Address: 'Sarkhej- Bavla Highway,, Moraiya (Changodar), Ahmedabad, Gujarat, India, 382 213',
      userId: '2',
      userName: 'WH'
    }
  ],
  userId: '2',
  FromSCPId: '3',
  CompanyID: '1'
}
Stop existing :  [ { IRS_ID: 86 } ]
{ shipmentId: '8', newStatus: '10', userId: '2' }
Shipment Status :  [
  ResultSetHeader {
    fieldCount: 0,
    affectedRows: 1,
    insertId: 0,
    info: 'Rows matched: 1  Changed: 1  Warnings: 0',
    serverStatus: 2,
    warningStatus: 0,
    changedRows: 1
  },
  undefined
]
{ shipmentId: '8', newStatus: '6', userId: '2' }
Shipment Status :  [
  ResultSetHeader {
    fieldCount: 0,
    affectedRows: 1,
    insertId: 0,
    info: 'Rows matched: 1  Changed: 1  Warnings: 0',
    serverStatus: 2,
    warningStatus: 0,
    changedRows: 1
  },
  undefined
]
Stop :  {
  shipmentId: '8',
  shipmentCode: 'SBU2WH_6',
  shipmentData: [
    {
      SHPD_ShipmentMID: 13,
      SHPH_ShipmentID: 8,
      SHPH_ShipmentType: 'New Order',
      SHPH_Status: 10,
      SHPH_ShipmentCode: 'SBU2WH_6',
      ORDM_OrderNumber: 'ORD_SO_SB-U2_7',
      SCPM_ID: 2,
      SCPM_Code: 'OM-U2',
      SCPM_Name: 'OM MARKETING',
      SCPM_Caption: 'OM',
      LGCM_Name: 'SpeedExpress',
      LGCVM_VehicleNumber: 'GJ38TA8566',
      SHPD_ProductName: 'NEXP25',
      SHPD_ProductCode: '252',
      PL_ProductId: 7,
      PM_PackSize: null,
      PM_GrossWeight: null,
      PM_MinOffset: null,
      PM_MaxOffset: null,
      SHPD_ShipQty: 2,
      BatchId: '58',
      Count: '2',
      LCM_LocationName: 'OM MARKETING',
      Address: 'Deepkala Avenue,, opposite Government Tubewell,, Ahmedabad, Gujarat, India, 380058',
      userId: '2',
      userName: 'WH'
    },
    {
      SHPD_ShipmentMID: 14,
      SHPH_ShipmentID: 8,
      SHPH_ShipmentType: 'New Order',
      SHPH_Status: 10,
      SHPH_ShipmentCode: 'SBU2WH_6',
      ORDM_OrderNumber: 'ORD_SO_SB-U2_8',
      SCPM_ID: 1,
      SCPM_Code: 'BFFO-U2',
      SCPM_Name: 'BHAGWATI FLOUR and FOODS OUTLET',
      SCPM_Caption: 'BHAGWATI OUTLET',
      LGCM_Name: 'SpeedExpress',
      LGCVM_VehicleNumber: 'GJ38TA8566',
      SHPD_ProductName: 'NEXP25',
      SHPD_ProductCode: '252',
      PL_ProductId: 7,
      PM_PackSize: null,
      PM_GrossWeight: null,
      PM_MinOffset: null,
      PM_MaxOffset: null,
      SHPD_ShipQty: 2,
      BatchId: '58',
      Count: '2',
      LCM_LocationName: 'BHAGWATI FLOUR and FOODS OUTLET',
      Address: 'Sarkhej- Bavla Highway,, Moraiya (Changodar), Ahmedabad, Gujarat, India, 382 213',
      userId: '2',
      userName: 'WH'
    }
  ],
  userId: '2',
  FromSCPId: '3',
  CompanyID: '1'
}
Stop existing :  [ { IRS_ID: 86 } ]
{ shipmentId: '8', newStatus: '10', userId: '2' }
Shipment Status :  [
  ResultSetHeader {
    fieldCount: 0,
    affectedRows: 1,
    insertId: 0,
    info: 'Rows matched: 1  Changed: 1  Warnings: 0',
    serverStatus: 2,
    warningStatus: 0,
    changedRows: 1
  },
  undefined
]
{ shipmentId: '8', newStatus: '6', userId: '2' }
Shipment Status :  [
  ResultSetHeader {
    fieldCount: 0,
    affectedRows: 1,
    insertId: 0,
    info: 'Rows matched: 1  Changed: 1  Warnings: 0',
    serverStatus: 2,
    warningStatus: 0,
    changedRows: 1
  },
  undefined
]
Stop :  {
  shipmentId: '8',
  shipmentCode: 'SBU2WH_6',
  shipmentData: [
    {
      SHPD_ShipmentMID: 13,
      SHPH_ShipmentID: 8,
      SHPH_ShipmentType: 'New Order',
      SHPH_Status: 10,
      SHPH_ShipmentCode: 'SBU2WH_6',
      ORDM_OrderNumber: 'ORD_SO_SB-U2_7',
      SCPM_ID: 2,
      SCPM_Code: 'OM-U2',
      SCPM_Name: 'OM MARKETING',
      SCPM_Caption: 'OM',
      LGCM_Name: 'SpeedExpress',
      LGCVM_VehicleNumber: 'GJ38TA8566',
      SHPD_ProductName: 'NEXP25',
      SHPD_ProductCode: '252',
      PL_ProductId: 7,
      PM_PackSize: null,
      PM_GrossWeight: null,
      PM_MinOffset: null,
      PM_MaxOffset: null,
      SHPD_ShipQty: 2,
      BatchId: '58',
      Count: '2',
      LCM_LocationName: 'OM MARKETING',
      Address: 'Deepkala Avenue,, opposite Government Tubewell,, Ahmedabad, Gujarat, India, 380058',
      userId: '2',
      userName: 'WH'
    },
    {
      SHPD_ShipmentMID: 14,
      SHPH_ShipmentID: 8,
      SHPH_ShipmentType: 'New Order',
      SHPH_Status: 10,
      SHPH_ShipmentCode: 'SBU2WH_6',
      ORDM_OrderNumber: 'ORD_SO_SB-U2_8',
      SCPM_ID: 1,
      SCPM_Code: 'BFFO-U2',
      SCPM_Name: 'BHAGWATI FLOUR and FOODS OUTLET',
      SCPM_Caption: 'BHAGWATI OUTLET',
      LGCM_Name: 'SpeedExpress',
      LGCVM_VehicleNumber: 'GJ38TA8566',
      SHPD_ProductName: 'NEXP25',
      SHPD_ProductCode: '252',
      PL_ProductId: 7,
      PM_PackSize: null,
      PM_GrossWeight: null,
      PM_MinOffset: null,
      PM_MaxOffset: null,
      SHPD_ShipQty: 2,
      BatchId: '58',
      Count: '2',
      LCM_LocationName: 'BHAGWATI FLOUR and FOODS OUTLET',
      Address: 'Sarkhej- Bavla Highway,, Moraiya (Changodar), Ahmedabad, Gujarat, India, 382 213',
      userId: '2',
      userName: 'WH'
    }
  ],
  userId: '2',
  FromSCPId: '3',
  CompanyID: '1'
}
Stop existing :  [ { IRS_ID: 86 } ]
{ shipmentId: '8', newStatus: '10', userId: '2' }
Shipment Status :  [
  ResultSetHeader {
    fieldCount: 0,
    affectedRows: 1,
    insertId: 0,
    info: 'Rows matched: 1  Changed: 1  Warnings: 0',
    serverStatus: 2,
    warningStatus: 0,
    changedRows: 1
  },
  undefined
]
{ shipmentId: '8', newStatus: '6', userId: '2' }
Shipment Status :  [
  ResultSetHeader {
    fieldCount: 0,
    affectedRows: 1,
    insertId: 0,
    info: 'Rows matched: 1  Changed: 1  Warnings: 0',
    serverStatus: 2,
    warningStatus: 0,
    changedRows: 1
  },
  undefined
]
Stop :  {
  shipmentId: '8',
  shipmentCode: 'SBU2WH_6',
  shipmentData: [
    {
      SHPD_ShipmentMID: 13,
      SHPH_ShipmentID: 8,
      SHPH_ShipmentType: 'New Order',
      SHPH_Status: 10,
      SHPH_ShipmentCode: 'SBU2WH_6',
      ORDM_OrderNumber: 'ORD_SO_SB-U2_7',
      SCPM_ID: 2,
      SCPM_Code: 'OM-U2',
      SCPM_Name: 'OM MARKETING',
      SCPM_Caption: 'OM',
      LGCM_Name: 'SpeedExpress',
      LGCVM_VehicleNumber: 'GJ38TA8566',
      SHPD_ProductName: 'NEXP25',
      SHPD_ProductCode: '252',
      PL_ProductId: 7,
      PM_PackSize: null,
      PM_GrossWeight: null,
      PM_MinOffset: null,
      PM_MaxOffset: null,
      SHPD_ShipQty: 2,
      BatchId: '58',
      Count: '2',
      LCM_LocationName: 'OM MARKETING',
      Address: 'Deepkala Avenue,, opposite Government Tubewell,, Ahmedabad, Gujarat, India, 380058',
      userId: '2',
      userName: 'WH'
    },
    {
      SHPD_ShipmentMID: 14,
      SHPH_ShipmentID: 8,
      SHPH_ShipmentType: 'New Order',
      SHPH_Status: 10,
      SHPH_ShipmentCode: 'SBU2WH_6',
      ORDM_OrderNumber: 'ORD_SO_SB-U2_8',
      SCPM_ID: 1,
      SCPM_Code: 'BFFO-U2',
      SCPM_Name: 'BHAGWATI FLOUR and FOODS OUTLET',
      SCPM_Caption: 'BHAGWATI OUTLET',
      LGCM_Name: 'SpeedExpress',
      LGCVM_VehicleNumber: 'GJ38TA8566',
      SHPD_ProductName: 'NEXP25',
      SHPD_ProductCode: '252',
      PL_ProductId: 7,
      PM_PackSize: null,
      PM_GrossWeight: null,
      PM_MinOffset: null,
      PM_MaxOffset: null,
      SHPD_ShipQty: 2,
      BatchId: '58',
      Count: '2',
      LCM_LocationName: 'BHAGWATI FLOUR and FOODS OUTLET',
      Address: 'Sarkhej- Bavla Highway,, Moraiya (Changodar), Ahmedabad, Gujarat, India, 382 213',
      userId: '2',
      userName: 'WH'
    }
  ],
  userId: '2',
  FromSCPId: '3',
  CompanyID: '1'
}
Stop existing :  [ { IRS_ID: 86 } ]
{ shipmentId: '8', newStatus: '10', userId: '2' }
Shipment Status :  [
  ResultSetHeader {
    fieldCount: 0,
    affectedRows: 1,
    insertId: 0,
    info: 'Rows matched: 1  Changed: 1  Warnings: 0',
    serverStatus: 2,
    warningStatus: 0,
    changedRows: 1
  },
  undefined
]
{ shipmentId: '8', newStatus: '6', userId: '2' }
Shipment Status :  [
  ResultSetHeader {
    fieldCount: 0,
    affectedRows: 1,
    insertId: 0,
    info: 'Rows matched: 1  Changed: 1  Warnings: 0',
    serverStatus: 2,
    warningStatus: 0,
    changedRows: 1
  },
  undefined
]
Daily MySQL backup scheduled at 10:30
✅ CryptoUtils loaded (COMPATIBLE VERSION)
Server running on port 9010
connected to the Local database
INPUT PASSWORD    : Admin@123
DECRYPTED PASSWORD: Admin@123
Found folders: [ 'SBU2WH_5', 'SBU2WH_6-1' ]
Checking folder: SBU2WH_5, isDash1: false
Derived shipmentCode: SBU2WH_5
Shipment query result for code SBU2WH_5: [ { SHPH_ShipmentID: 7, SHPH_Status: 10 } ]
Checking folder: SBU2WH_6-1, isDash1: true
Derived shipmentCode: SBU2WH_6
Shipment query result for code SBU2WH_6: [ { SHPH_ShipmentID: 8, SHPH_Status: 6 } ]
Resumable shipment found (dash-1): { SHPH_ShipmentID: 8, SHPH_Status: 6 }
Stop :  {
  shipmentId: '8',
  shipmentCode: 'SBU2WH_6',
  shipmentData: [
    {
      SHPD_ShipmentMID: 13,
      SHPH_ShipmentID: 8,
      SHPH_ShipmentType: 'New Order',
      SHPH_Status: 6,
      SHPH_ShipmentCode: 'SBU2WH_6',
      ORDM_OrderNumber: 'ORD_SO_SB-U2_7',
      SCPM_ID: 2,
      SCPM_Code: 'OM-U2',
      SCPM_Name: 'OM MARKETING',
      SCPM_Caption: 'OM',
      LGCM_Name: 'SpeedExpress',
      LGCVM_VehicleNumber: 'GJ38TA8566',
      SHPD_ProductName: 'NEXP25',
      SHPD_ProductCode: '252',
      PL_ProductId: 7,
      PM_PackSize: null,
      PM_GrossWeight: null,
      PM_MinOffset: null,
      PM_MaxOffset: null,
      SHPD_ShipQty: 2,
      BatchId: '58',
      Count: '2',
      LCM_LocationName: 'OM MARKETING',
      Address: 'Deepkala Avenue,, opposite Government Tubewell,, Ahmedabad, Gujarat, India, 380058',
      userId: '2',
      userName: 'WH'
    },
    {
      SHPD_ShipmentMID: 14,
      SHPH_ShipmentID: 8,
      SHPH_ShipmentType: 'New Order',
      SHPH_Status: 6,
      SHPH_ShipmentCode: 'SBU2WH_6',
      ORDM_OrderNumber: 'ORD_SO_SB-U2_8',
      SCPM_ID: 1,
      SCPM_Code: 'BFFO-U2',
      SCPM_Name: 'BHAGWATI FLOUR and FOODS OUTLET',
      SCPM_Caption: 'BHAGWATI OUTLET',
      LGCM_Name: 'SpeedExpress',
      LGCVM_VehicleNumber: 'GJ38TA8566',
      SHPD_ProductName: 'NEXP25',
      SHPD_ProductCode: '252',
      PL_ProductId: 7,
      PM_PackSize: null,
      PM_GrossWeight: null,
      PM_MinOffset: null,
      PM_MaxOffset: null,
      SHPD_ShipQty: 2,
      BatchId: '58',
      Count: '2',
      LCM_LocationName: 'BHAGWATI FLOUR and FOODS OUTLET',
      Address: 'Sarkhej- Bavla Highway,, Moraiya (Changodar), Ahmedabad, Gujarat, India, 382 213',
      userId: '2',
      userName: 'WH'
    }
  ],
  userId: '2',
  FromSCPId: '3',
  CompanyID: '1'
}
Stop existing :  [ { IRS_ID: 86 } ]
{ shipmentId: '8', newStatus: '10', userId: '2' }
Shipment Status :  [
  ResultSetHeader {
    fieldCount: 0,
    affectedRows: 1,
    insertId: 0,
    info: 'Rows matched: 1  Changed: 1  Warnings: 0',
    serverStatus: 2,
    warningStatus: 0,
    changedRows: 1
  },
  undefined
]
{ shipmentId: '8', newStatus: '6', userId: '2' }
Shipment Status :  [
  ResultSetHeader {
    fieldCount: 0,
    affectedRows: 1,
    insertId: 0,
    info: 'Rows matched: 1  Changed: 1  Warnings: 0',
    serverStatus: 2,
    warningStatus: 0,
    changedRows: 1
  },
  undefined
]
Stop :  {
  shipmentId: '8',
  shipmentCode: 'SBU2WH_6',
  shipmentData: [
    {
      SHPD_ShipmentMID: 13,
      SHPH_ShipmentID: 8,
      SHPH_ShipmentType: 'New Order',
      SHPH_Status: 6,
      SHPH_ShipmentCode: 'SBU2WH_6',
      ORDM_OrderNumber: 'ORD_SO_SB-U2_7',
      SCPM_ID: 2,
      SCPM_Code: 'OM-U2',
      SCPM_Name: 'OM MARKETING',
      SCPM_Caption: 'OM',
      LGCM_Name: 'SpeedExpress',
      LGCVM_VehicleNumber: 'GJ38TA8566',
      SHPD_ProductName: 'NEXP25',
      SHPD_ProductCode: '252',
      PL_ProductId: 7,
      PM_PackSize: null,
      PM_GrossWeight: null,
      PM_MinOffset: null,
      PM_MaxOffset: null,
      SHPD_ShipQty: 2,
      BatchId: '58',
      Count: '2',
      LCM_LocationName: 'OM MARKETING',
      Address: 'Deepkala Avenue,, opposite Government Tubewell,, Ahmedabad, Gujarat, India, 380058',
      userId: '2',
      userName: 'WH'
    },
    {
      SHPD_ShipmentMID: 14,
      SHPH_ShipmentID: 8,
      SHPH_ShipmentType: 'New Order',
      SHPH_Status: 6,
      SHPH_ShipmentCode: 'SBU2WH_6',
      ORDM_OrderNumber: 'ORD_SO_SB-U2_8',
      SCPM_ID: 1,
      SCPM_Code: 'BFFO-U2',
      SCPM_Name: 'BHAGWATI FLOUR and FOODS OUTLET',
      SCPM_Caption: 'BHAGWATI OUTLET',
      LGCM_Name: 'SpeedExpress',
      LGCVM_VehicleNumber: 'GJ38TA8566',
      SHPD_ProductName: 'NEXP25',
      SHPD_ProductCode: '252',
      PL_ProductId: 7,
      PM_PackSize: null,
      PM_GrossWeight: null,
      PM_MinOffset: null,
      PM_MaxOffset: null,
      SHPD_ShipQty: 2,
      BatchId: '58',
      Count: '2',
      LCM_LocationName: 'BHAGWATI FLOUR and FOODS OUTLET',
      Address: 'Sarkhej- Bavla Highway,, Moraiya (Changodar), Ahmedabad, Gujarat, India, 382 213',
      userId: '2',
      userName: 'WH'
    }
  ],
  userId: '2',
  FromSCPId: '3',
  CompanyID: '1'
}
Stop existing :  [ { IRS_ID: 86 } ]
{ shipmentId: '8', newStatus: '10', userId: '2' }
Shipment Status :  [
  ResultSetHeader {
    fieldCount: 0,
    affectedRows: 1,
    insertId: 0,
    info: 'Rows matched: 1  Changed: 1  Warnings: 0',
    serverStatus: 2,
    warningStatus: 0,
    changedRows: 1
  },
  undefined
]
{ shipmentId: '8', newStatus: '6', userId: '2' }
Shipment Status :  [
  ResultSetHeader {
    fieldCount: 0,
    affectedRows: 1,
    insertId: 0,
    info: 'Rows matched: 1  Changed: 1  Warnings: 0',
    serverStatus: 2,
    warningStatus: 0,
    changedRows: 1
  },
  undefined
]
Stop :  {
  shipmentId: '8',
  shipmentCode: 'SBU2WH_6',
  shipmentData: [
    {
      SHPD_ShipmentMID: 14,
      SHPH_ShipmentID: 8,
      SHPH_ShipmentType: 'New Order',
      SHPH_Status: 6,
      SHPH_ShipmentCode: 'SBU2WH_6',
      ORDM_OrderNumber: 'ORD_SO_SB-U2_8',
      SCPM_ID: 1,
      SCPM_Code: 'BFFO-U2',
      SCPM_Name: 'BHAGWATI FLOUR and FOODS OUTLET',
      SCPM_Caption: 'BHAGWATI OUTLET',
      LGCM_Name: 'SpeedExpress',
      LGCVM_VehicleNumber: 'GJ38TA8566',
      SHPD_ProductName: 'NEXP25',
      SHPD_ProductCode: '252',
      PL_ProductId: 7,
      PM_PackSize: null,
      PM_GrossWeight: null,
      PM_MinOffset: null,
      PM_MaxOffset: null,
      SHPD_ShipQty: 2,
      BatchId: '58',
      Count: '2',
      LCM_LocationName: 'BHAGWATI FLOUR and FOODS OUTLET',
      Address: 'Sarkhej- Bavla Highway,, Moraiya (Changodar), Ahmedabad, Gujarat, India, 382 213',
      userId: '2',
      userName: 'WH'
    },
    {
      SHPD_ShipmentMID: 13,
      SHPH_ShipmentID: 8,
      SHPH_ShipmentType: 'New Order',
      SHPH_Status: 6,
      SHPH_ShipmentCode: 'SBU2WH_6',
      ORDM_OrderNumber: 'ORD_SO_SB-U2_7',
      SCPM_ID: 2,
      SCPM_Code: 'OM-U2',
      SCPM_Name: 'OM MARKETING',
      SCPM_Caption: 'OM',
      LGCM_Name: 'SpeedExpress',
      LGCVM_VehicleNumber: 'GJ38TA8566',
      SHPD_ProductName: 'NEXP25',
      SHPD_ProductCode: '252',
      PL_ProductId: 7,
      PM_PackSize: null,
      PM_GrossWeight: null,
      PM_MinOffset: null,
      PM_MaxOffset: null,
      SHPD_ShipQty: 2,
      BatchId: '58',
      Count: '2',
      LCM_LocationName: 'OM MARKETING',
      Address: 'Deepkala Avenue,, opposite Government Tubewell,, Ahmedabad, Gujarat, India, 380058',
      userId: '2',
      userName: 'WH'
    }
  ],
  userId: '2',
  FromSCPId: '3',
  CompanyID: '1'
}
Stop existing :  [ { IRS_ID: 86 } ]
{ shipmentId: '8', newStatus: '10', userId: '2' }
Shipment Status :  [
  ResultSetHeader {
    fieldCount: 0,
    affectedRows: 1,
    insertId: 0,
    info: 'Rows matched: 1  Changed: 1  Warnings: 0',
    serverStatus: 2,
    warningStatus: 0,
    changedRows: 1
  },
  undefined
]
{ shipmentId: '8', newStatus: '6', userId: '2' }
Shipment Status :  [
  ResultSetHeader {
    fieldCount: 0,
    affectedRows: 1,
    insertId: 0,
    info: 'Rows matched: 1  Changed: 1  Warnings: 0',
    serverStatus: 2,
    warningStatus: 0,
    changedRows: 1
  },
  undefined
]
Stop :  {
  shipmentId: '8',
  shipmentCode: 'SBU2WH_6',
  shipmentData: [
    {
      SHPD_ShipmentMID: 14,
      SHPH_ShipmentID: 8,
      SHPH_ShipmentType: 'New Order',
      SHPH_Status: 6,
      SHPH_ShipmentCode: 'SBU2WH_6',
      ORDM_OrderNumber: 'ORD_SO_SB-U2_8',
      SCPM_ID: 1,
      SCPM_Code: 'BFFO-U2',
      SCPM_Name: 'BHAGWATI FLOUR and FOODS OUTLET',
      SCPM_Caption: 'BHAGWATI OUTLET',
      LGCM_Name: 'SpeedExpress',
      LGCVM_VehicleNumber: 'GJ38TA8566',
      SHPD_ProductName: 'NEXP25',
      SHPD_ProductCode: '252',
      PL_ProductId: 7,
      PM_PackSize: null,
      PM_GrossWeight: null,
      PM_MinOffset: null,
      PM_MaxOffset: null,
      SHPD_ShipQty: 2,
      BatchId: '58',
      Count: '2',
      LCM_LocationName: 'BHAGWATI FLOUR and FOODS OUTLET',
      Address: 'Sarkhej- Bavla Highway,, Moraiya (Changodar), Ahmedabad, Gujarat, India, 382 213',
      userId: '2',
      userName: 'WH'
    },
    {
      SHPD_ShipmentMID: 13,
      SHPH_ShipmentID: 8,
      SHPH_ShipmentType: 'New Order',
      SHPH_Status: 6,
      SHPH_ShipmentCode: 'SBU2WH_6',
      ORDM_OrderNumber: 'ORD_SO_SB-U2_7',
      SCPM_ID: 2,
      SCPM_Code: 'OM-U2',
      SCPM_Name: 'OM MARKETING',
      SCPM_Caption: 'OM',
      LGCM_Name: 'SpeedExpress',
      LGCVM_VehicleNumber: 'GJ38TA8566',
      SHPD_ProductName: 'NEXP25',
      SHPD_ProductCode: '252',
      PL_ProductId: 7,
      PM_PackSize: null,
      PM_GrossWeight: null,
      PM_MinOffset: null,
      PM_MaxOffset: null,
      SHPD_ShipQty: 2,
      BatchId: '58',
      Count: '2',
      LCM_LocationName: 'OM MARKETING',
      Address: 'Deepkala Avenue,, opposite Government Tubewell,, Ahmedabad, Gujarat, India, 380058',
      userId: '2',
      userName: 'WH'
    }
  ],
  userId: '2',
  FromSCPId: '3',
  CompanyID: '1'
}
Stop existing :  [ { IRS_ID: 86 } ]
{ shipmentId: '8', newStatus: '10', userId: '2' }
Shipment Status :  [
  ResultSetHeader {
    fieldCount: 0,
    affectedRows: 1,
    insertId: 0,
    info: 'Rows matched: 1  Changed: 1  Warnings: 0',
    serverStatus: 2,
    warningStatus: 0,
    changedRows: 1
  },
  undefined
]
{ shipmentId: '8', newStatus: '6', userId: '2' }
Shipment Status :  [
  ResultSetHeader {
    fieldCount: 0,
    affectedRows: 1,
    insertId: 0,
    info: 'Rows matched: 1  Changed: 1  Warnings: 0',
    serverStatus: 2,
    warningStatus: 0,
    changedRows: 1
  },
  undefined
]
Stop :  {
  shipmentId: '8',
  shipmentCode: 'SBU2WH_6',
  shipmentData: [
    {
      SHPD_ShipmentMID: 14,
      SHPH_ShipmentID: 8,
      SHPH_ShipmentType: 'New Order',
      SHPH_Status: 6,
      SHPH_ShipmentCode: 'SBU2WH_6',
      ORDM_OrderNumber: 'ORD_SO_SB-U2_8',
      SCPM_ID: 1,
      SCPM_Code: 'BFFO-U2',
      SCPM_Name: 'BHAGWATI FLOUR and FOODS OUTLET',
      SCPM_Caption: 'BHAGWATI OUTLET',
      LGCM_Name: 'SpeedExpress',
      LGCVM_VehicleNumber: 'GJ38TA8566',
      SHPD_ProductName: 'NEXP25',
      SHPD_ProductCode: '252',
      PL_ProductId: 7,
      PM_PackSize: null,
      PM_GrossWeight: null,
      PM_MinOffset: null,
      PM_MaxOffset: null,
      SHPD_ShipQty: 2,
      BatchId: '58',
      Count: '2',
      LCM_LocationName: 'BHAGWATI FLOUR and FOODS OUTLET',
      Address: 'Sarkhej- Bavla Highway,, Moraiya (Changodar), Ahmedabad, Gujarat, India, 382 213',
      userId: '2',
      userName: 'WH'
    },
    {
      SHPD_ShipmentMID: 13,
      SHPH_ShipmentID: 8,
      SHPH_ShipmentType: 'New Order',
      SHPH_Status: 6,
      SHPH_ShipmentCode: 'SBU2WH_6',
      ORDM_OrderNumber: 'ORD_SO_SB-U2_7',
      SCPM_ID: 2,
      SCPM_Code: 'OM-U2',
      SCPM_Name: 'OM MARKETING',
      SCPM_Caption: 'OM',
      LGCM_Name: 'SpeedExpress',
      LGCVM_VehicleNumber: 'GJ38TA8566',
      SHPD_ProductName: 'NEXP25',
      SHPD_ProductCode: '252',
      PL_ProductId: 7,
      PM_PackSize: null,
      PM_GrossWeight: null,
      PM_MinOffset: null,
      PM_MaxOffset: null,
      SHPD_ShipQty: 2,
      BatchId: '58',
      Count: '2',
      LCM_LocationName: 'OM MARKETING',
      Address: 'Deepkala Avenue,, opposite Government Tubewell,, Ahmedabad, Gujarat, India, 380058',
      userId: '2',
      userName: 'WH'
    }
  ],
  userId: '2',
  FromSCPId: '3',
  CompanyID: '1'
}
Stop existing :  [ { IRS_ID: 86 } ]
{ shipmentId: '8', newStatus: '10', userId: '2' }
Shipment Status :  [
  ResultSetHeader {
    fieldCount: 0,
    affectedRows: 1,
    insertId: 0,
    info: 'Rows matched: 1  Changed: 1  Warnings: 0',
    serverStatus: 2,
    warningStatus: 0,
    changedRows: 1
  },
  undefined
]
{ shipmentId: '8', newStatus: '6', userId: '2' }
Shipment Status :  [
  ResultSetHeader {
    fieldCount: 0,
    affectedRows: 1,
    insertId: 0,
    info: 'Rows matched: 1  Changed: 1  Warnings: 0',
    serverStatus: 2,
    warningStatus: 0,
    changedRows: 1
  },
  undefined
]
Stop :  {
  shipmentId: '8',
  shipmentCode: 'SBU2WH_6',
  shipmentData: [
    {
      SHPD_ShipmentMID: 14,
      SHPH_ShipmentID: 8,
      SHPH_ShipmentType: 'New Order',
      SHPH_Status: 6,
      SHPH_ShipmentCode: 'SBU2WH_6',
      ORDM_OrderNumber: 'ORD_SO_SB-U2_8',
      SCPM_ID: 1,
      SCPM_Code: 'BFFO-U2',
      SCPM_Name: 'BHAGWATI FLOUR and FOODS OUTLET',
      SCPM_Caption: 'BHAGWATI OUTLET',
      LGCM_Name: 'SpeedExpress',
      LGCVM_VehicleNumber: 'GJ38TA8566',
      SHPD_ProductName: 'NEXP25',
      SHPD_ProductCode: '252',
      PL_ProductId: 7,
      PM_PackSize: null,
      PM_GrossWeight: null,
      PM_MinOffset: null,
      PM_MaxOffset: null,
      SHPD_ShipQty: 2,
      BatchId: '58',
      Count: '2',
      LCM_LocationName: 'BHAGWATI FLOUR and FOODS OUTLET',
      Address: 'Sarkhej- Bavla Highway,, Moraiya (Changodar), Ahmedabad, Gujarat, India, 382 213',
      userId: '2',
      userName: 'WH'
    },
    {
      SHPD_ShipmentMID: 13,
      SHPH_ShipmentID: 8,
      SHPH_ShipmentType: 'New Order',
      SHPH_Status: 6,
      SHPH_ShipmentCode: 'SBU2WH_6',
      ORDM_OrderNumber: 'ORD_SO_SB-U2_7',
      SCPM_ID: 2,
      SCPM_Code: 'OM-U2',
      SCPM_Name: 'OM MARKETING',
      SCPM_Caption: 'OM',
      LGCM_Name: 'SpeedExpress',
      LGCVM_VehicleNumber: 'GJ38TA8566',
      SHPD_ProductName: 'NEXP25',
      SHPD_ProductCode: '252',
      PL_ProductId: 7,
      PM_PackSize: null,
      PM_GrossWeight: null,
      PM_MinOffset: null,
      PM_MaxOffset: null,
      SHPD_ShipQty: 2,
      BatchId: '58',
      Count: '2',
      LCM_LocationName: 'OM MARKETING',
      Address: 'Deepkala Avenue,, opposite Government Tubewell,, Ahmedabad, Gujarat, India, 380058',
      userId: '2',
      userName: 'WH'
    }
  ],
  userId: '2',
  FromSCPId: '3',
  CompanyID: '1'
}
Stop existing :  [ { IRS_ID: 86 } ]
{ shipmentId: '8', newStatus: '10', userId: '2' }
Shipment Status :  [
  ResultSetHeader {
    fieldCount: 0,
    affectedRows: 1,
    insertId: 0,
    info: 'Rows matched: 1  Changed: 1  Warnings: 0',
    serverStatus: 2,
    warningStatus: 0,
    changedRows: 1
  },
  undefined
]
{ shipmentId: '8', newStatus: '6', userId: '2' }
Shipment Status :  [
  ResultSetHeader {
    fieldCount: 0,
    affectedRows: 1,
    insertId: 0,
    info: 'Rows matched: 1  Changed: 1  Warnings: 0',
    serverStatus: 2,
    warningStatus: 0,
    changedRows: 1
  },
  undefined
]
Stop :  {
  shipmentId: '8',
  shipmentCode: 'SBU2WH_6',
  shipmentData: [
    {
      SHPD_ShipmentMID: 14,
      SHPH_ShipmentID: 8,
      SHPH_ShipmentType: 'New Order',
      SHPH_Status: 6,
      SHPH_ShipmentCode: 'SBU2WH_6',
      ORDM_OrderNumber: 'ORD_SO_SB-U2_8',
      SCPM_ID: 1,
      SCPM_Code: 'BFFO-U2',
      SCPM_Name: 'BHAGWATI FLOUR and FOODS OUTLET',
      SCPM_Caption: 'BHAGWATI OUTLET',
      LGCM_Name: 'SpeedExpress',
      LGCVM_VehicleNumber: 'GJ38TA8566',
      SHPD_ProductName: 'NEXP25',
      SHPD_ProductCode: '252',
      PL_ProductId: 7,
      PM_PackSize: null,
      PM_GrossWeight: null,
      PM_MinOffset: null,
      PM_MaxOffset: null,
      SHPD_ShipQty: 2,
      BatchId: '58',
      Count: '2',
      LCM_LocationName: 'BHAGWATI FLOUR and FOODS OUTLET',
      Address: 'Sarkhej- Bavla Highway,, Moraiya (Changodar), Ahmedabad, Gujarat, India, 382 213',
      userId: '2',
      userName: 'WH'
    },
    {
      SHPD_ShipmentMID: 13,
      SHPH_ShipmentID: 8,
      SHPH_ShipmentType: 'New Order',
      SHPH_Status: 6,
      SHPH_ShipmentCode: 'SBU2WH_6',
      ORDM_OrderNumber: 'ORD_SO_SB-U2_7',
      SCPM_ID: 2,
      SCPM_Code: 'OM-U2',
      SCPM_Name: 'OM MARKETING',
      SCPM_Caption: 'OM',
      LGCM_Name: 'SpeedExpress',
      LGCVM_VehicleNumber: 'GJ38TA8566',
      SHPD_ProductName: 'NEXP25',
      SHPD_ProductCode: '252',
      PL_ProductId: 7,
      PM_PackSize: null,
      PM_GrossWeight: null,
      PM_MinOffset: null,
      PM_MaxOffset: null,
      SHPD_ShipQty: 2,
      BatchId: '58',
      Count: '2',
      LCM_LocationName: 'OM MARKETING',
      Address: 'Deepkala Avenue,, opposite Government Tubewell,, Ahmedabad, Gujarat, India, 380058',
      userId: '2',
      userName: 'WH'
    }
  ],
  userId: '2',
  FromSCPId: '3',
  CompanyID: '1'
}
Stop existing :  [ { IRS_ID: 86 } ]
{ shipmentId: '8', newStatus: '10', userId: '2' }
Shipment Status :  [
  ResultSetHeader {
    fieldCount: 0,
    affectedRows: 1,
    insertId: 0,
    info: 'Rows matched: 1  Changed: 1  Warnings: 0',
    serverStatus: 2,
    warningStatus: 0,
    changedRows: 1
  },
  undefined
]
{ shipmentId: '8', newStatus: '6', userId: '2' }
Shipment Status :  [
  ResultSetHeader {
    fieldCount: 0,
    affectedRows: 1,
    insertId: 0,
    info: 'Rows matched: 1  Changed: 1  Warnings: 0',
    serverStatus: 2,
    warningStatus: 0,
    changedRows: 1
  },
  undefined
]
Stop :  {
  shipmentId: '8',
  shipmentCode: 'SBU2WH_6',
  shipmentData: [
    {
      SHPD_ShipmentMID: 14,
      SHPH_ShipmentID: 8,
      SHPH_ShipmentType: 'New Order',
      SHPH_Status: 6,
      SHPH_ShipmentCode: 'SBU2WH_6',
      ORDM_OrderNumber: 'ORD_SO_SB-U2_8',
      SCPM_ID: 1,
      SCPM_Code: 'BFFO-U2',
      SCPM_Name: 'BHAGWATI FLOUR and FOODS OUTLET',
      SCPM_Caption: 'BHAGWATI OUTLET',
      LGCM_Name: 'SpeedExpress',
      LGCVM_VehicleNumber: 'GJ38TA8566',
      SHPD_ProductName: 'NEXP25',
      SHPD_ProductCode: '252',
      PL_ProductId: 7,
      PM_PackSize: null,
      PM_GrossWeight: null,
      PM_MinOffset: null,
      PM_MaxOffset: null,
      SHPD_ShipQty: 2,
      BatchId: '58',
      Count: '2',
      LCM_LocationName: 'BHAGWATI FLOUR and FOODS OUTLET',
      Address: 'Sarkhej- Bavla Highway,, Moraiya (Changodar), Ahmedabad, Gujarat, India, 382 213',
      userId: '2',
      userName: 'WH'
    },
    {
      SHPD_ShipmentMID: 13,
      SHPH_ShipmentID: 8,
      SHPH_ShipmentType: 'New Order',
      SHPH_Status: 6,
      SHPH_ShipmentCode: 'SBU2WH_6',
      ORDM_OrderNumber: 'ORD_SO_SB-U2_7',
      SCPM_ID: 2,
      SCPM_Code: 'OM-U2',
      SCPM_Name: 'OM MARKETING',
      SCPM_Caption: 'OM',
      LGCM_Name: 'SpeedExpress',
      LGCVM_VehicleNumber: 'GJ38TA8566',
      SHPD_ProductName: 'NEXP25',
      SHPD_ProductCode: '252',
      PL_ProductId: 7,
      PM_PackSize: null,
      PM_GrossWeight: null,
      PM_MinOffset: null,
      PM_MaxOffset: null,
      SHPD_ShipQty: 2,
      BatchId: '58',
      Count: '2',
      LCM_LocationName: 'OM MARKETING',
      Address: 'Deepkala Avenue,, opposite Government Tubewell,, Ahmedabad, Gujarat, India, 380058',
      userId: '2',
      userName: 'WH'
    }
  ],
  userId: '2',
  FromSCPId: '3',
  CompanyID: '1'
}
Stop existing :  [ { IRS_ID: 86 } ]
{ shipmentId: '8', newStatus: '10', userId: '2' }
Shipment Status :  [
  ResultSetHeader {
    fieldCount: 0,
    affectedRows: 1,
    insertId: 0,
    info: 'Rows matched: 1  Changed: 1  Warnings: 0',
    serverStatus: 2,
    warningStatus: 0,
    changedRows: 1
  },
  undefined
]
{ shipmentId: '8', newStatus: '6', userId: '2' }
Shipment Status :  [
  ResultSetHeader {
    fieldCount: 0,
    affectedRows: 1,
    insertId: 0,
    info: 'Rows matched: 1  Changed: 1  Warnings: 0',
    serverStatus: 2,
    warningStatus: 0,
    changedRows: 1
  },
  undefined
]
Stop :  {
  shipmentId: '8',
  shipmentCode: 'SBU2WH_6',
  shipmentData: [
    {
      SHPD_ShipmentMID: 14,
      SHPH_ShipmentID: 8,
      SHPH_ShipmentType: 'New Order',
      SHPH_Status: 6,
      SHPH_ShipmentCode: 'SBU2WH_6',
      ORDM_OrderNumber: 'ORD_SO_SB-U2_8',
      SCPM_ID: 1,
      SCPM_Code: 'BFFO-U2',
      SCPM_Name: 'BHAGWATI FLOUR and FOODS OUTLET',
      SCPM_Caption: 'BHAGWATI OUTLET',
      LGCM_Name: 'SpeedExpress',
      LGCVM_VehicleNumber: 'GJ38TA8566',
      SHPD_ProductName: 'NEXP25',
      SHPD_ProductCode: '252',
      PL_ProductId: 7,
      PM_PackSize: null,
      PM_GrossWeight: null,
      PM_MinOffset: null,
      PM_MaxOffset: null,
      SHPD_ShipQty: 2,
      BatchId: '58',
      Count: '2',
      LCM_LocationName: 'BHAGWATI FLOUR and FOODS OUTLET',
      Address: 'Sarkhej- Bavla Highway,, Moraiya (Changodar), Ahmedabad, Gujarat, India, 382 213',
      userId: '2',
      userName: 'WH'
    },
    {
      SHPD_ShipmentMID: 13,
      SHPH_ShipmentID: 8,
      SHPH_ShipmentType: 'New Order',
      SHPH_Status: 6,
      SHPH_ShipmentCode: 'SBU2WH_6',
      ORDM_OrderNumber: 'ORD_SO_SB-U2_7',
      SCPM_ID: 2,
      SCPM_Code: 'OM-U2',
      SCPM_Name: 'OM MARKETING',
      SCPM_Caption: 'OM',
      LGCM_Name: 'SpeedExpress',
      LGCVM_VehicleNumber: 'GJ38TA8566',
      SHPD_ProductName: 'NEXP25',
      SHPD_ProductCode: '252',
      PL_ProductId: 7,
      PM_PackSize: null,
      PM_GrossWeight: null,
      PM_MinOffset: null,
      PM_MaxOffset: null,
      SHPD_ShipQty: 2,
      BatchId: '58',
      Count: '2',
      LCM_LocationName: 'OM MARKETING',
      Address: 'Deepkala Avenue,, opposite Government Tubewell,, Ahmedabad, Gujarat, India, 380058',
      userId: '2',
      userName: 'WH'
    }
  ],
  userId: '2',
  FromSCPId: '3',
  CompanyID: '1'
}
Stop existing :  [ { IRS_ID: 86 } ]
{ shipmentId: '8', newStatus: '10', userId: '2' }
Shipment Status :  [
  ResultSetHeader {
    fieldCount: 0,
    affectedRows: 1,
    insertId: 0,
    info: 'Rows matched: 1  Changed: 1  Warnings: 0',
    serverStatus: 2,
    warningStatus: 0,
    changedRows: 1
  },
  undefined
]
{ shipmentId: '8', newStatus: '6', userId: '2' }
Shipment Status :  [
  ResultSetHeader {
    fieldCount: 0,
    affectedRows: 1,
    insertId: 0,
    info: 'Rows matched: 1  Changed: 1  Warnings: 0',
    serverStatus: 2,
    warningStatus: 0,
    changedRows: 1
  },
  undefined
]
Stop :  {
  shipmentId: '8',
  shipmentCode: 'SBU2WH_6',
  shipmentData: [
    {
      SHPD_ShipmentMID: 14,
      SHPH_ShipmentID: 8,
      SHPH_ShipmentType: 'New Order',
      SHPH_Status: 6,
      SHPH_ShipmentCode: 'SBU2WH_6',
      ORDM_OrderNumber: 'ORD_SO_SB-U2_8',
      SCPM_ID: 1,
      SCPM_Code: 'BFFO-U2',
      SCPM_Name: 'BHAGWATI FLOUR and FOODS OUTLET',
      SCPM_Caption: 'BHAGWATI OUTLET',
      LGCM_Name: 'SpeedExpress',
      LGCVM_VehicleNumber: 'GJ38TA8566',
      SHPD_ProductName: 'NEXP25',
      SHPD_ProductCode: '252',
      PL_ProductId: 7,
      PM_PackSize: null,
      PM_GrossWeight: null,
      PM_MinOffset: null,
      PM_MaxOffset: null,
      SHPD_ShipQty: 2,
      BatchId: '58',
      Count: '2',
      LCM_LocationName: 'BHAGWATI FLOUR and FOODS OUTLET',
      Address: 'Sarkhej- Bavla Highway,, Moraiya (Changodar), Ahmedabad, Gujarat, India, 382 213',
      userId: '2',
      userName: 'WH'
    },
    {
      SHPD_ShipmentMID: 13,
      SHPH_ShipmentID: 8,
      SHPH_ShipmentType: 'New Order',
      SHPH_Status: 6,
      SHPH_ShipmentCode: 'SBU2WH_6',
      ORDM_OrderNumber: 'ORD_SO_SB-U2_7',
      SCPM_ID: 2,
      SCPM_Code: 'OM-U2',
      SCPM_Name: 'OM MARKETING',
      SCPM_Caption: 'OM',
      LGCM_Name: 'SpeedExpress',
      LGCVM_VehicleNumber: 'GJ38TA8566',
      SHPD_ProductName: 'NEXP25',
      SHPD_ProductCode: '252',
      PL_ProductId: 7,
      PM_PackSize: null,
      PM_GrossWeight: null,
      PM_MinOffset: null,
      PM_MaxOffset: null,
      SHPD_ShipQty: 2,
      BatchId: '58',
      Count: '2',
      LCM_LocationName: 'OM MARKETING',
      Address: 'Deepkala Avenue,, opposite Government Tubewell,, Ahmedabad, Gujarat, India, 380058',
      userId: '2',
      userName: 'WH'
    }
  ],
  userId: '2',
  FromSCPId: '3',
  CompanyID: '1'
}
Stop existing :  [ { IRS_ID: 86 } ]
{ shipmentId: '8', newStatus: '10', userId: '2' }
Shipment Status :  [
  ResultSetHeader {
    fieldCount: 0,
    affectedRows: 1,
    insertId: 0,
    info: 'Rows matched: 1  Changed: 1  Warnings: 0',
    serverStatus: 2,
    warningStatus: 0,
    changedRows: 1
  },
  undefined
]
{ shipmentId: '8', newStatus: '6', userId: '2' }
Shipment Status :  [
  ResultSetHeader {
    fieldCount: 0,
    affectedRows: 1,
    insertId: 0,
    info: 'Rows matched: 1  Changed: 1  Warnings: 0',
    serverStatus: 2,
    warningStatus: 0,
    changedRows: 1
  },
  undefined
]
Stop :  {
  shipmentId: '8',
  shipmentCode: 'SBU2WH_6',
  shipmentData: [
    {
      SHPD_ShipmentMID: 14,
      SHPH_ShipmentID: 8,
      SHPH_ShipmentType: 'New Order',
      SHPH_Status: 6,
      SHPH_ShipmentCode: 'SBU2WH_6',
      ORDM_OrderNumber: 'ORD_SO_SB-U2_8',
      SCPM_ID: 1,
      SCPM_Code: 'BFFO-U2',
      SCPM_Name: 'BHAGWATI FLOUR and FOODS OUTLET',
      SCPM_Caption: 'BHAGWATI OUTLET',
      LGCM_Name: 'SpeedExpress',
      LGCVM_VehicleNumber: 'GJ38TA8566',
      SHPD_ProductName: 'NEXP25',
      SHPD_ProductCode: '252',
      PL_ProductId: 7,
      PM_PackSize: null,
      PM_GrossWeight: null,
      PM_MinOffset: null,
      PM_MaxOffset: null,
      SHPD_ShipQty: 2,
      BatchId: '58',
      Count: '2',
      LCM_LocationName: 'BHAGWATI FLOUR and FOODS OUTLET',
      Address: 'Sarkhej- Bavla Highway,, Moraiya (Changodar), Ahmedabad, Gujarat, India, 382 213',
      userId: '2',
      userName: 'WH'
    },
    {
      SHPD_ShipmentMID: 13,
      SHPH_ShipmentID: 8,
      SHPH_ShipmentType: 'New Order',
      SHPH_Status: 6,
      SHPH_ShipmentCode: 'SBU2WH_6',
      ORDM_OrderNumber: 'ORD_SO_SB-U2_7',
      SCPM_ID: 2,
      SCPM_Code: 'OM-U2',
      SCPM_Name: 'OM MARKETING',
      SCPM_Caption: 'OM',
      LGCM_Name: 'SpeedExpress',
      LGCVM_VehicleNumber: 'GJ38TA8566',
      SHPD_ProductName: 'NEXP25',
      SHPD_ProductCode: '252',
      PL_ProductId: 7,
      PM_PackSize: null,
      PM_GrossWeight: null,
      PM_MinOffset: null,
      PM_MaxOffset: null,
      SHPD_ShipQty: 2,
      BatchId: '58',
      Count: '2',
      LCM_LocationName: 'OM MARKETING',
      Address: 'Deepkala Avenue,, opposite Government Tubewell,, Ahmedabad, Gujarat, India, 380058',
      userId: '2',
      userName: 'WH'
    }
  ],
  userId: '2',
  FromSCPId: '3',
  CompanyID: '1'
}
Stop existing :  [ { IRS_ID: 86 } ]
{ shipmentId: '8', newStatus: '10', userId: '2' }
Shipment Status :  [
  ResultSetHeader {
    fieldCount: 0,
    affectedRows: 1,
    insertId: 0,
    info: 'Rows matched: 1  Changed: 1  Warnings: 0',
    serverStatus: 2,
    warningStatus: 0,
    changedRows: 1
  },
  undefined
]
{ shipmentId: '8', newStatus: '6', userId: '2' }
Shipment Status :  [
  ResultSetHeader {
    fieldCount: 0,
    affectedRows: 1,
    insertId: 0,
    info: 'Rows matched: 1  Changed: 1  Warnings: 0',
    serverStatus: 2,
    warningStatus: 0,
    changedRows: 1
  },
  undefined
]
Stop :  {
  shipmentId: '8',
  shipmentCode: 'SBU2WH_6',
  shipmentData: [
    {
      SHPD_ShipmentMID: 14,
      SHPH_ShipmentID: 8,
      SHPH_ShipmentType: 'New Order',
      SHPH_Status: 6,
      SHPH_ShipmentCode: 'SBU2WH_6',
      ORDM_OrderNumber: 'ORD_SO_SB-U2_8',
      SCPM_ID: 1,
      SCPM_Code: 'BFFO-U2',
      SCPM_Name: 'BHAGWATI FLOUR and FOODS OUTLET',
      SCPM_Caption: 'BHAGWATI OUTLET',
      LGCM_Name: 'SpeedExpress',
      LGCVM_VehicleNumber: 'GJ38TA8566',
      SHPD_ProductName: 'NEXP25',
      SHPD_ProductCode: '252',
      PL_ProductId: 7,
      PM_PackSize: null,
      PM_GrossWeight: null,
      PM_MinOffset: null,
      PM_MaxOffset: null,
      SHPD_ShipQty: 2,
      BatchId: '58',
      Count: '2',
      LCM_LocationName: 'BHAGWATI FLOUR and FOODS OUTLET',
      Address: 'Sarkhej- Bavla Highway,, Moraiya (Changodar), Ahmedabad, Gujarat, India, 382 213',
      userId: '2',
      userName: 'WH'
    },
    {
      SHPD_ShipmentMID: 13,
      SHPH_ShipmentID: 8,
      SHPH_ShipmentType: 'New Order',
      SHPH_Status: 6,
      SHPH_ShipmentCode: 'SBU2WH_6',
      ORDM_OrderNumber: 'ORD_SO_SB-U2_7',
      SCPM_ID: 2,
      SCPM_Code: 'OM-U2',
      SCPM_Name: 'OM MARKETING',
      SCPM_Caption: 'OM',
      LGCM_Name: 'SpeedExpress',
      LGCVM_VehicleNumber: 'GJ38TA8566',
      SHPD_ProductName: 'NEXP25',
      SHPD_ProductCode: '252',
      PL_ProductId: 7,
      PM_PackSize: null,
      PM_GrossWeight: null,
      PM_MinOffset: null,
      PM_MaxOffset: null,
      SHPD_ShipQty: 2,
      BatchId: '58',
      Count: '2',
      LCM_LocationName: 'OM MARKETING',
      Address: 'Deepkala Avenue,, opposite Government Tubewell,, Ahmedabad, Gujarat, India, 380058',
      userId: '2',
      userName: 'WH'
    }
  ],
  userId: '2',
  FromSCPId: '3',
  CompanyID: '1'
}
Stop existing :  [ { IRS_ID: 86 } ]
{ shipmentId: '8', newStatus: '10', userId: '2' }
Shipment Status :  [
  ResultSetHeader {
    fieldCount: 0,
    affectedRows: 1,
    insertId: 0,
    info: 'Rows matched: 1  Changed: 1  Warnings: 0',
    serverStatus: 2,
    warningStatus: 0,
    changedRows: 1
  },
  undefined
]
INPUT PASSWORD    : Admin@123
DECRYPTED PASSWORD: Admin@123
Found folders: [ 'SBU2WH_5', 'SBU2WH_6' ]
Checking folder: SBU2WH_5, isDash1: false
Derived shipmentCode: SBU2WH_5
Shipment query result for code SBU2WH_5: [ { SHPH_ShipmentID: 7, SHPH_Status: 10 } ]
Checking folder: SBU2WH_6, isDash1: false
Derived shipmentCode: SBU2WH_6
Shipment query result for code SBU2WH_6: [ { SHPH_ShipmentID: 8, SHPH_Status: 10 } ]
{ shipmentId: '8', newStatus: '6', userId: '2' }
Shipment Status :  [
  ResultSetHeader {
    fieldCount: 0,
    affectedRows: 1,
    insertId: 0,
    info: 'Rows matched: 1  Changed: 1  Warnings: 0',
    serverStatus: 2,
    warningStatus: 0,
    changedRows: 1
  },
  undefined
]
Daily MySQL backup scheduled at 10:30
✅ CryptoUtils loaded (COMPATIBLE VERSION)
Server running on port 9010
connected to the Local database
INPUT PASSWORD    : Admin@123
DECRYPTED PASSWORD: Admin@123
Found folders: [ 'SBU2WH_5', 'SBU2WH_6-1' ]
Checking folder: SBU2WH_5, isDash1: false
Derived shipmentCode: SBU2WH_5
Shipment query result for code SBU2WH_5: [ { SHPH_ShipmentID: 7, SHPH_Status: 10 } ]
Checking folder: SBU2WH_6-1, isDash1: true
Derived shipmentCode: SBU2WH_6
Shipment query result for code SBU2WH_6: [ { SHPH_ShipmentID: 8, SHPH_Status: 6 } ]
Resumable shipment found (dash-1): { SHPH_ShipmentID: 8, SHPH_Status: 6 }
Stop :  {
  shipmentId: '8',
  shipmentCode: 'SBU2WH_6',
  shipmentData: [
    {
      SHPD_ShipmentMID: 14,
      SHPH_ShipmentID: 8,
      SHPH_ShipmentType: 'New Order',
      SHPH_Status: 6,
      SHPH_ShipmentCode: 'SBU2WH_6',
      ORDM_OrderNumber: 'ORD_SO_SB-U2_8',
      SCPM_ID: 1,
      SCPM_Code: 'BFFO-U2',
      SCPM_Name: 'BHAGWATI FLOUR and FOODS OUTLET',
      SCPM_Caption: 'BHAGWATI OUTLET',
      LGCM_Name: 'SpeedExpress',
      LGCVM_VehicleNumber: 'GJ38TA8566',
      SHPD_ProductName: 'NEXP25',
      SHPD_ProductCode: '252',
      PL_ProductId: 7,
      PM_PackSize: null,
      PM_GrossWeight: null,
      PM_MinOffset: null,
      PM_MaxOffset: null,
      SHPD_ShipQty: 2,
      BatchId: '58',
      Count: '2',
      LCM_LocationName: 'BHAGWATI FLOUR and FOODS OUTLET',
      Address: 'Sarkhej- Bavla Highway,, Moraiya (Changodar), Ahmedabad, Gujarat, India, 382 213',
      userId: '2',
      userName: 'WH'
    },
    {
      SHPD_ShipmentMID: 13,
      SHPH_ShipmentID: 8,
      SHPH_ShipmentType: 'New Order',
      SHPH_Status: 6,
      SHPH_ShipmentCode: 'SBU2WH_6',
      ORDM_OrderNumber: 'ORD_SO_SB-U2_7',
      SCPM_ID: 2,
      SCPM_Code: 'OM-U2',
      SCPM_Name: 'OM MARKETING',
      SCPM_Caption: 'OM',
      LGCM_Name: 'SpeedExpress',
      LGCVM_VehicleNumber: 'GJ38TA8566',
      SHPD_ProductName: 'NEXP25',
      SHPD_ProductCode: '252',
      PL_ProductId: 7,
      PM_PackSize: null,
      PM_GrossWeight: null,
      PM_MinOffset: null,
      PM_MaxOffset: null,
      SHPD_ShipQty: 2,
      BatchId: '58',
      Count: '2',
      LCM_LocationName: 'OM MARKETING',
      Address: 'Deepkala Avenue,, opposite Government Tubewell,, Ahmedabad, Gujarat, India, 380058',
      userId: '2',
      userName: 'WH'
    }
  ],
  userId: '2',
  FromSCPId: '3',
  CompanyID: '1'
}
Stop existing :  [ { IRS_ID: 86 } ]
{ shipmentId: '8', newStatus: '10', userId: '2' }
Shipment Status :  [
  ResultSetHeader {
    fieldCount: 0,
    affectedRows: 1,
    insertId: 0,
    info: 'Rows matched: 1  Changed: 1  Warnings: 0',
    serverStatus: 2,
    warningStatus: 0,
    changedRows: 1
  },
  undefined
]
{ shipmentId: '8', newStatus: '6', userId: '2' }
Shipment Status :  [
  ResultSetHeader {
    fieldCount: 0,
    affectedRows: 1,
    insertId: 0,
    info: 'Rows matched: 1  Changed: 1  Warnings: 0',
    serverStatus: 2,
    warningStatus: 0,
    changedRows: 1
  },
  undefined
]
Stop :  {
  shipmentId: '8',
  shipmentCode: 'SBU2WH_6',
  shipmentData: [
    {
      SHPD_ShipmentMID: 14,
      SHPH_ShipmentID: 8,
      SHPH_ShipmentType: 'New Order',
      SHPH_Status: 6,
      SHPH_ShipmentCode: 'SBU2WH_6',
      ORDM_OrderNumber: 'ORD_SO_SB-U2_8',
      SCPM_ID: 1,
      SCPM_Code: 'BFFO-U2',
      SCPM_Name: 'BHAGWATI FLOUR and FOODS OUTLET',
      SCPM_Caption: 'BHAGWATI OUTLET',
      LGCM_Name: 'SpeedExpress',
      LGCVM_VehicleNumber: 'GJ38TA8566',
      SHPD_ProductName: 'NEXP25',
      SHPD_ProductCode: '252',
      PL_ProductId: 7,
      PM_PackSize: null,
      PM_GrossWeight: null,
      PM_MinOffset: null,
      PM_MaxOffset: null,
      SHPD_ShipQty: 2,
      BatchId: '58',
      Count: '2',
      LCM_LocationName: 'BHAGWATI FLOUR and FOODS OUTLET',
      Address: 'Sarkhej- Bavla Highway,, Moraiya (Changodar), Ahmedabad, Gujarat, India, 382 213',
      userId: '2',
      userName: 'WH'
    },
    {
      SHPD_ShipmentMID: 13,
      SHPH_ShipmentID: 8,
      SHPH_ShipmentType: 'New Order',
      SHPH_Status: 6,
      SHPH_ShipmentCode: 'SBU2WH_6',
      ORDM_OrderNumber: 'ORD_SO_SB-U2_7',
      SCPM_ID: 2,
      SCPM_Code: 'OM-U2',
      SCPM_Name: 'OM MARKETING',
      SCPM_Caption: 'OM',
      LGCM_Name: 'SpeedExpress',
      LGCVM_VehicleNumber: 'GJ38TA8566',
      SHPD_ProductName: 'NEXP25',
      SHPD_ProductCode: '252',
      PL_ProductId: 7,
      PM_PackSize: null,
      PM_GrossWeight: null,
      PM_MinOffset: null,
      PM_MaxOffset: null,
      SHPD_ShipQty: 2,
      BatchId: '58',
      Count: '2',
      LCM_LocationName: 'OM MARKETING',
      Address: 'Deepkala Avenue,, opposite Government Tubewell,, Ahmedabad, Gujarat, India, 380058',
      userId: '2',
      userName: 'WH'
    }
  ],
  userId: '2',
  FromSCPId: '3',
  CompanyID: '1'
}
Stop existing :  [ { IRS_ID: 86 } ]
{ shipmentId: '8', newStatus: '10', userId: '2' }
Shipment Status :  [
  ResultSetHeader {
    fieldCount: 0,
    affectedRows: 1,
    insertId: 0,
    info: 'Rows matched: 1  Changed: 1  Warnings: 0',
    serverStatus: 2,
    warningStatus: 0,
    changedRows: 1
  },
  undefined
]
{ shipmentId: '8', newStatus: '6', userId: '2' }
Shipment Status :  [
  ResultSetHeader {
    fieldCount: 0,
    affectedRows: 1,
    insertId: 0,
    info: 'Rows matched: 1  Changed: 1  Warnings: 0',
    serverStatus: 2,
    warningStatus: 0,
    changedRows: 1
  },
  undefined
]
Stop :  {
  shipmentId: '8',
  shipmentCode: 'SBU2WH_6',
  shipmentData: [
    {
      SHPD_ShipmentMID: 14,
      SHPH_ShipmentID: 8,
      SHPH_ShipmentType: 'New Order',
      SHPH_Status: 6,
      SHPH_ShipmentCode: 'SBU2WH_6',
      ORDM_OrderNumber: 'ORD_SO_SB-U2_8',
      SCPM_ID: 1,
      SCPM_Code: 'BFFO-U2',
      SCPM_Name: 'BHAGWATI FLOUR and FOODS OUTLET',
      SCPM_Caption: 'BHAGWATI OUTLET',
      LGCM_Name: 'SpeedExpress',
      LGCVM_VehicleNumber: 'GJ38TA8566',
      SHPD_ProductName: 'NEXP25',
      SHPD_ProductCode: '252',
      PL_ProductId: 7,
      PM_PackSize: null,
      PM_GrossWeight: null,
      PM_MinOffset: null,
      PM_MaxOffset: null,
      SHPD_ShipQty: 2,
      BatchId: '58',
      Count: '2',
      LCM_LocationName: 'BHAGWATI FLOUR and FOODS OUTLET',
      Address: 'Sarkhej- Bavla Highway,, Moraiya (Changodar), Ahmedabad, Gujarat, India, 382 213',
      userId: '2',
      userName: 'WH'
    },
    {
      SHPD_ShipmentMID: 13,
      SHPH_ShipmentID: 8,
      SHPH_ShipmentType: 'New Order',
      SHPH_Status: 6,
      SHPH_ShipmentCode: 'SBU2WH_6',
      ORDM_OrderNumber: 'ORD_SO_SB-U2_7',
      SCPM_ID: 2,
      SCPM_Code: 'OM-U2',
      SCPM_Name: 'OM MARKETING',
      SCPM_Caption: 'OM',
      LGCM_Name: 'SpeedExpress',
      LGCVM_VehicleNumber: 'GJ38TA8566',
      SHPD_ProductName: 'NEXP25',
      SHPD_ProductCode: '252',
      PL_ProductId: 7,
      PM_PackSize: null,
      PM_GrossWeight: null,
      PM_MinOffset: null,
      PM_MaxOffset: null,
      SHPD_ShipQty: 2,
      BatchId: '58',
      Count: '2',
      LCM_LocationName: 'OM MARKETING',
      Address: 'Deepkala Avenue,, opposite Government Tubewell,, Ahmedabad, Gujarat, India, 380058',
      userId: '2',
      userName: 'WH'
    }
  ],
  userId: '2',
  FromSCPId: '3',
  CompanyID: '1'
}
Stop existing :  [ { IRS_ID: 86 } ]
{ shipmentId: '8', newStatus: '10', userId: '2' }
Shipment Status :  [
  ResultSetHeader {
    fieldCount: 0,
    affectedRows: 1,
    insertId: 0,
    info: 'Rows matched: 1  Changed: 1  Warnings: 0',
    serverStatus: 2,
    warningStatus: 0,
    changedRows: 1
  },
  undefined
]
Daily MySQL backup scheduled at 10:30
✅ CryptoUtils loaded (COMPATIBLE VERSION)
Server running on port 9010
connected to the Local database
INPUT PASSWORD    : Admin@123
DECRYPTED PASSWORD: Admin@123
Found folders: [ 'SBU2WH_5', 'SBU2WH_6' ]
Checking folder: SBU2WH_5, isDash1: false
Derived shipmentCode: SBU2WH_5
Shipment query result for code SBU2WH_5: [ { SHPH_ShipmentID: 7, SHPH_Status: 10 } ]
Checking folder: SBU2WH_6, isDash1: false
Derived shipmentCode: SBU2WH_6
Shipment query result for code SBU2WH_6: [ { SHPH_ShipmentID: 8, SHPH_Status: 10 } ]
{ shipmentId: '9', newStatus: '6', userId: '2' }
Shipment Status :  [
  ResultSetHeader {
    fieldCount: 0,
    affectedRows: 1,
    insertId: 0,
    info: 'Rows matched: 1  Changed: 1  Warnings: 0',
    serverStatus: 2,
    warningStatus: 0,
    changedRows: 1
  },
  undefined
]
Stop :  {
  shipmentId: '9',
  shipmentCode: 'SBU2WH_7',
  shipmentData: [
    {
      SHPD_ShipmentMID: 15,
      SHPH_ShipmentID: 9,
      SHPH_ShipmentType: 'New Order',
      SHPH_Status: 2,
      SHPH_ShipmentCode: 'SBU2WH_7',
      ORDM_OrderNumber: 'ORD_SO_SB-U2_9',
      SCPM_ID: 1,
      SCPM_Code: 'BFFO-U2',
      SCPM_Name: 'BHAGWATI FLOUR and FOODS OUTLET',
      SCPM_Caption: 'BHAGWATI OUTLET',
      LGCM_Name: 'SpeedExpress',
      LGCVM_VehicleNumber: 'GJ38TA8566',
      SHPD_ProductName: 'PRODUCT 26/02/2026',
      SHPD_ProductCode: '26022026',
      PL_ProductId: 11,
      PM_PackSize: null,
      PM_GrossWeight: null,
      PM_MinOffset: null,
      PM_MaxOffset: null,
      SHPD_ShipQty: 2,
      BatchId: '94',
      Count: '2',
      LCM_LocationName: 'BHAGWATI FLOUR and FOODS OUTLET',
      Address: 'Sarkhej- Bavla Highway,, Moraiya (Changodar), Ahmedabad, Gujarat, India, 382 213',
      userId: '2',
      userName: 'WH'
    }
  ],
  userId: '2',
  FromSCPId: '3',
  CompanyID: '1'
}
{ shipmentId: '9', newStatus: '10', userId: '2' }
Shipment Status :  [
  ResultSetHeader {
    fieldCount: 0,
    affectedRows: 1,
    insertId: 0,
    info: 'Rows matched: 1  Changed: 1  Warnings: 0',
    serverStatus: 2,
    warningStatus: 0,
    changedRows: 1
  },
  undefined
]
{ shipmentId: '9', newStatus: '6', userId: '2' }
Shipment Status :  [
  ResultSetHeader {
    fieldCount: 0,
    affectedRows: 1,
    insertId: 0,
    info: 'Rows matched: 1  Changed: 1  Warnings: 0',
    serverStatus: 2,
    warningStatus: 0,
    changedRows: 1
  },
  undefined
]
Stop :  {
  shipmentId: '9',
  shipmentCode: 'SBU2WH_7',
  shipmentData: [
    {
      SHPD_ShipmentMID: 15,
      SHPH_ShipmentID: 9,
      SHPH_ShipmentType: 'New Order',
      SHPH_Status: 2,
      SHPH_ShipmentCode: 'SBU2WH_7',
      ORDM_OrderNumber: 'ORD_SO_SB-U2_9',
      SCPM_ID: 1,
      SCPM_Code: 'BFFO-U2',
      SCPM_Name: 'BHAGWATI FLOUR and FOODS OUTLET',
      SCPM_Caption: 'BHAGWATI OUTLET',
      LGCM_Name: 'SpeedExpress',
      LGCVM_VehicleNumber: 'GJ38TA8566',
      SHPD_ProductName: 'PRODUCT 26/02/2026',
      SHPD_ProductCode: '26022026',
      PL_ProductId: 11,
      PM_PackSize: null,
      PM_GrossWeight: null,
      PM_MinOffset: null,
      PM_MaxOffset: null,
      SHPD_ShipQty: 2,
      BatchId: '94',
      Count: '2',
      LCM_LocationName: 'BHAGWATI FLOUR and FOODS OUTLET',
      Address: 'Sarkhej- Bavla Highway,, Moraiya (Changodar), Ahmedabad, Gujarat, India, 382 213',
      userId: '2',
      userName: 'WH'
    }
  ],
  userId: '2',
  FromSCPId: '3',
  CompanyID: '1'
}
{ shipmentId: '9', newStatus: '10', userId: '2' }
Shipment Status :  [
  ResultSetHeader {
    fieldCount: 0,
    affectedRows: 1,
    insertId: 0,
    info: 'Rows matched: 1  Changed: 1  Warnings: 0',
    serverStatus: 2,
    warningStatus: 0,
    changedRows: 1
  },
  undefined
]
{ shipmentId: '9', newStatus: '6', userId: '2' }
Shipment Status :  [
  ResultSetHeader {
    fieldCount: 0,
    affectedRows: 1,
    insertId: 0,
    info: 'Rows matched: 1  Changed: 1  Warnings: 0',
    serverStatus: 2,
    warningStatus: 0,
    changedRows: 1
  },
  undefined
]
Stop :  {
  shipmentId: '9',
  shipmentCode: 'SBU2WH_7',
  shipmentData: [
    {
      SHPD_ShipmentMID: 15,
      SHPH_ShipmentID: 9,
      SHPH_ShipmentType: 'New Order',
      SHPH_Status: 2,
      SHPH_ShipmentCode: 'SBU2WH_7',
      ORDM_OrderNumber: 'ORD_SO_SB-U2_9',
      SCPM_ID: 1,
      SCPM_Code: 'BFFO-U2',
      SCPM_Name: 'BHAGWATI FLOUR and FOODS OUTLET',
      SCPM_Caption: 'BHAGWATI OUTLET',
      LGCM_Name: 'SpeedExpress',
      LGCVM_VehicleNumber: 'GJ38TA8566',
      SHPD_ProductName: 'PRODUCT 26/02/2026',
      SHPD_ProductCode: '26022026',
      PL_ProductId: 11,
      PM_PackSize: null,
      PM_GrossWeight: null,
      PM_MinOffset: null,
      PM_MaxOffset: null,
      SHPD_ShipQty: 2,
      BatchId: '94',
      Count: '2',
      LCM_LocationName: 'BHAGWATI FLOUR and FOODS OUTLET',
      Address: 'Sarkhej- Bavla Highway,, Moraiya (Changodar), Ahmedabad, Gujarat, India, 382 213',
      userId: '2',
      userName: 'WH'
    }
  ],
  userId: '2',
  FromSCPId: '3',
  CompanyID: '1'
}
{ shipmentId: '9', newStatus: '10', userId: '2' }
Shipment Status :  [
  ResultSetHeader {
    fieldCount: 0,
    affectedRows: 1,
    insertId: 0,
    info: 'Rows matched: 1  Changed: 1  Warnings: 0',
    serverStatus: 2,
    warningStatus: 0,
    changedRows: 1
  },
  undefined
]
{ shipmentId: '9', newStatus: '6', userId: '2' }
Shipment Status :  [
  ResultSetHeader {
    fieldCount: 0,
    affectedRows: 1,
    insertId: 0,
    info: 'Rows matched: 1  Changed: 1  Warnings: 0',
    serverStatus: 2,
    warningStatus: 0,
    changedRows: 1
  },
  undefined
]
Daily MySQL backup scheduled at 10:30
✅ CryptoUtils loaded (COMPATIBLE VERSION)
Server running on port 9010
connected to the Local database
INPUT PASSWORD    : Admin@123
DECRYPTED PASSWORD: Admin@123
Found folders: [ 'SBU2WH_5', 'SBU2WH_6', 'SBU2WH_7-1' ]
Checking folder: SBU2WH_5, isDash1: false
Derived shipmentCode: SBU2WH_5
Shipment query result for code SBU2WH_5: [ { SHPH_ShipmentID: 7, SHPH_Status: 10 } ]
Checking folder: SBU2WH_6, isDash1: false
Derived shipmentCode: SBU2WH_6
Shipment query result for code SBU2WH_6: [ { SHPH_ShipmentID: 8, SHPH_Status: 10 } ]
Checking folder: SBU2WH_7-1, isDash1: true
Derived shipmentCode: SBU2WH_7
Shipment query result for code SBU2WH_7: [ { SHPH_ShipmentID: 9, SHPH_Status: 6 } ]
Resumable shipment found (dash-1): { SHPH_ShipmentID: 9, SHPH_Status: 6 }
Stop :  {
  shipmentId: '9',
  shipmentCode: 'SBU2WH_7',
  shipmentData: [
    {
      SHPD_ShipmentMID: 15,
      SHPH_ShipmentID: 9,
      SHPH_ShipmentType: 'New Order',
      SHPH_Status: 6,
      SHPH_ShipmentCode: 'SBU2WH_7',
      ORDM_OrderNumber: 'ORD_SO_SB-U2_9',
      SCPM_ID: 1,
      SCPM_Code: 'BFFO-U2',
      SCPM_Name: 'BHAGWATI FLOUR and FOODS OUTLET',
      SCPM_Caption: 'BHAGWATI OUTLET',
      LGCM_Name: 'SpeedExpress',
      LGCVM_VehicleNumber: 'GJ38TA8566',
      SHPD_ProductName: 'PRODUCT 26/02/2026',
      SHPD_ProductCode: '26022026',
      PL_ProductId: 11,
      PM_PackSize: null,
      PM_GrossWeight: null,
      PM_MinOffset: null,
      PM_MaxOffset: null,
      SHPD_ShipQty: 2,
      BatchId: '94',
      Count: '2',
      LCM_LocationName: 'BHAGWATI FLOUR and FOODS OUTLET',
      Address: 'Sarkhej- Bavla Highway,, Moraiya (Changodar), Ahmedabad, Gujarat, India, 382 213',
      userId: '2',
      userName: 'WH'
    }
  ],
  userId: '2',
  FromSCPId: '3',
  CompanyID: '1'
}
Stop existing :  []
Pass counts by MID: { '15': 2 }
Updating shipment master MID: 15 with count: 2
Before update - MID 15: ScanQty = null
Shipment master update result: ResultSetHeader {
  fieldCount: 0,
  affectedRows: 1,
  insertId: 0,
  info: 'Rows matched: 1  Changed: 1  Warnings: 0',
  serverStatus: 2,
  warningStatus: 0,
  changedRows: 1
}
After update - MID 15: ScanQty = 2
Updating inventory for product 11 with qty 2
Before inventory update - BlockQty: 2, Available: 2
Inventory update result: ResultSetHeader {
  fieldCount: 0,
  affectedRows: 1,
  insertId: 0,
  info: 'Rows matched: 1  Changed: 1  Warnings: 0',
  serverStatus: 2,
  warningStatus: 0,
  changedRows: 1
}
Checking importrsnshipment table structure...
importrsnshipment columns: [
  'IRS_ID',
  'IRS_ProductID',
  'IRS_ProductMID',
  'IRS_ShipmentID',
  'IRS_ShipmentType',
  'IRS_BatchID',
  'IRS_BatchMID',
  'IRS_RandomNo',
  'IRS_ParentRandomNo',
  'IRS_PackSize',
  'IRS_Status',
  'IRS_CreatedBy',
  'IRS_CreatedTimeStamp',
  'IRS_LastModifedBy',
  'IRS_LastModifiedTimeStamp',
  'IRS_PhysicalLocation',
  'IRS_LogicalLocation',
  'IRS_CompanyGrpID',
  'IRS_CompanyID',
  'IRS_ToSCP',
  'IRS_BatchWeight',
  'IRS_ShipmentWeight',
  'IRS_Remark',
  'IRS_SKU',
  'IRS_Boxno'
]
Updating importrsnshipment for IRS_ID: 93 with weight: 2.71
importrsnshipment update successful, affected rows: 1
Updating importrsnshipment for IRS_ID: 94 with weight: 2.72
importrsnshipment update successful, affected rows: 1
Processing RSN history for IRS_ID: 93
Inserted RSN history ID: 13
Processing RSN history for IRS_ID: 94
Inserted RSN history ID: 14
{ shipmentId: '9', newStatus: '8', userId: '2' }
Shipment Status :  [
  ResultSetHeader {
    fieldCount: 0,
    affectedRows: 1,
    insertId: 0,
    info: 'Rows matched: 1  Changed: 1  Warnings: 0',
    serverStatus: 2,
    warningStatus: 0,
    changedRows: 1
  },
  undefined
]
Inserting dispatch audit row with values: [
  '9',
  486,
  11,
  'BFFO-U2',
  2700,
  10925,
  '0101011ZQD69UV',
  4,
  3,
  '2026-02-26 13:32:31'
]
Inserting dispatch audit row with values: [
  '9',
  486,
  11,
  'BFFO-U2',
  2700,
  1545,
  '01010119ID3RW2',
  4,
  3,
  '2026-02-26 13:33:01'
]
Inserting dispatch audit row with values: [ '9', 0, 11, 'BFFO-U2', 0, 0, 'NO READ', 4, 5, '2026-02-26 13:33:26' ]
Inserting dispatch audit row with values: [
  '9',
  486,
  11,
  'BFFO-U2',
  2700,
  8540,
  '01010119ID3RW2',
  4,
  3,
  '2026-02-26 13:34:01'
]
Inserting dispatch audit row with values: [
  '9',
  489,
  11,
  'BFFO-U2',
  2700,
  7775,
  '01010119ID3RW2',
  4,
  3,
  '2026-02-26 13:36:05'
]
Inserting dispatch audit row with values: [
  '9',
  489,
  11,
  'BFFO-U2',
  2700,
  1425,
  '01010119ID3RW2',
  4,
  3,
  '2026-02-26 13:36:31'
]
Inserting dispatch audit row with values: [
  '9',
  489,
  11,
  'BFFO-U2',
  2700,
  2710,
  '01010119ID3RW2',
  22,
  1,
  '2026-02-26 13:37:01'
]
Inserting dispatch audit row with values: [
  '9',
  0,
  11,
  'BFFO-U2',
  0,
  0,
  '01010119ID3RW2',
  4,
  10,
  '2026-02-26 13:38:26'
]
Inserting dispatch audit row with values: [
  '9',
  0,
  11,
  'BFFO-U2',
  0,
  0,
  '01010119ID3RW2',
  4,
  10,
  '2026-02-26 13:39:34'
]
Inserting dispatch audit row with values: [
  '9',
  0,
  11,
  'BFFO-U2',
  0,
  0,
  '01010119ID3RW2',
  4,
  10,
  '2026-02-26 13:40:09'
]
Inserting dispatch audit row with values: [
  '9',
  0,
  11,
  'BFFO-U2',
  0,
  0,
  '01010119ID3RW2',
  4,
  10,
  '2026-02-26 13:40:52'
]
Inserting dispatch audit row with values: [
  '9',
  489,
  11,
  'BFFO-U2',
  2700,
  8185,
  '0101011ZQD69UV',
  4,
  3,
  '2026-02-26 13:41:36'
]
Inserting dispatch audit row with values: [
  '9',
  489,
  11,
  'BFFO-U2',
  2700,
  840,
  '0101011ZQD69UV',
  4,
  3,
  '2026-02-26 13:42:08'
]
Inserting dispatch audit row with values: [
  '9',
  489,
  11,
  'BFFO-U2',
  2700,
  2720,
  '0101011ZQD69UV',
  22,
  1,
  '2026-02-26 13:42:44'
]
Successfully deleted folder: /home/smart/Dispatch/ProcessFiles/SBU2WH_7
{ shipmentId: '9', selectedScpId: '3' }
{ shipmentId: '8', newStatus: '6', userId: '2' }
Shipment Status :  [
  ResultSetHeader {
    fieldCount: 0,
    affectedRows: 1,
    insertId: 0,
    info: 'Rows matched: 1  Changed: 1  Warnings: 0',
    serverStatus: 2,
    warningStatus: 0,
    changedRows: 1
  },
  undefined
]
Stop :  {
  shipmentId: '8',
  shipmentCode: 'SBU2WH_6',
  shipmentData: [
    {
      SHPD_ShipmentMID: 14,
      SHPH_ShipmentID: 8,
      SHPH_ShipmentType: 'New Order',
      SHPH_Status: 10,
      SHPH_ShipmentCode: 'SBU2WH_6',
      ORDM_OrderNumber: 'ORD_SO_SB-U2_8',
      SCPM_ID: 1,
      SCPM_Code: 'BFFO-U2',
      SCPM_Name: 'BHAGWATI FLOUR and FOODS OUTLET',
      SCPM_Caption: 'BHAGWATI OUTLET',
      LGCM_Name: 'SpeedExpress',
      LGCVM_VehicleNumber: 'GJ38TA8566',
      SHPD_ProductName: 'NEXP25',
      SHPD_ProductCode: '252',
      PL_ProductId: 7,
      PM_PackSize: null,
      PM_GrossWeight: null,
      PM_MinOffset: null,
      PM_MaxOffset: null,
      SHPD_ShipQty: 2,
      BatchId: '58',
      Count: '2',
      LCM_LocationName: 'BHAGWATI FLOUR and FOODS OUTLET',
      Address: 'Sarkhej- Bavla Highway,, Moraiya (Changodar), Ahmedabad, Gujarat, India, 382 213',
      userId: '2',
      userName: 'WH'
    },
    {
      SHPD_ShipmentMID: 13,
      SHPH_ShipmentID: 8,
      SHPH_ShipmentType: 'New Order',
      SHPH_Status: 10,
      SHPH_ShipmentCode: 'SBU2WH_6',
      ORDM_OrderNumber: 'ORD_SO_SB-U2_7',
      SCPM_ID: 2,
      SCPM_Code: 'OM-U2',
      SCPM_Name: 'OM MARKETING',
      SCPM_Caption: 'OM',
      LGCM_Name: 'SpeedExpress',
      LGCVM_VehicleNumber: 'GJ38TA8566',
      SHPD_ProductName: 'NEXP25',
      SHPD_ProductCode: '252',
      PL_ProductId: 7,
      PM_PackSize: null,
      PM_GrossWeight: null,
      PM_MinOffset: null,
      PM_MaxOffset: null,
      SHPD_ShipQty: 2,
      BatchId: '58',
      Count: '2',
      LCM_LocationName: 'OM MARKETING',
      Address: 'Deepkala Avenue,, opposite Government Tubewell,, Ahmedabad, Gujarat, India, 380058',
      userId: '2',
      userName: 'WH'
    }
  ],
  userId: '2',
  FromSCPId: '3',
  CompanyID: '1'
}
Stop existing :  [ { IRS_ID: 86 } ]
{ shipmentId: '8', newStatus: '10', userId: '2' }
Shipment Status :  [
  ResultSetHeader {
    fieldCount: 0,
    affectedRows: 1,
    insertId: 0,
    info: 'Rows matched: 1  Changed: 1  Warnings: 0',
    serverStatus: 2,
    warningStatus: 0,
    changedRows: 1
  },
  undefined
]
{ shipmentId: '8', newStatus: '6', userId: '2' }
Shipment Status :  [
  ResultSetHeader {
    fieldCount: 0,
    affectedRows: 1,
    insertId: 0,
    info: 'Rows matched: 1  Changed: 1  Warnings: 0',
    serverStatus: 2,
    warningStatus: 0,
    changedRows: 1
  },
  undefined
]
Stop :  {
  shipmentId: '8',
  shipmentCode: 'SBU2WH_6',
  shipmentData: [
    {
      SHPD_ShipmentMID: 14,
      SHPH_ShipmentID: 8,
      SHPH_ShipmentType: 'New Order',
      SHPH_Status: 10,
      SHPH_ShipmentCode: 'SBU2WH_6',
      ORDM_OrderNumber: 'ORD_SO_SB-U2_8',
      SCPM_ID: 1,
      SCPM_Code: 'BFFO-U2',
      SCPM_Name: 'BHAGWATI FLOUR and FOODS OUTLET',
      SCPM_Caption: 'BHAGWATI OUTLET',
      LGCM_Name: 'SpeedExpress',
      LGCVM_VehicleNumber: 'GJ38TA8566',
      SHPD_ProductName: 'NEXP25',
      SHPD_ProductCode: '252',
      PL_ProductId: 7,
      PM_PackSize: null,
      PM_GrossWeight: null,
      PM_MinOffset: null,
      PM_MaxOffset: null,
      SHPD_ShipQty: 2,
      BatchId: '58',
      Count: '2',
      LCM_LocationName: 'BHAGWATI FLOUR and FOODS OUTLET',
      Address: 'Sarkhej- Bavla Highway,, Moraiya (Changodar), Ahmedabad, Gujarat, India, 382 213',
      userId: '2',
      userName: 'WH'
    },
    {
      SHPD_ShipmentMID: 13,
      SHPH_ShipmentID: 8,
      SHPH_ShipmentType: 'New Order',
      SHPH_Status: 10,
      SHPH_ShipmentCode: 'SBU2WH_6',
      ORDM_OrderNumber: 'ORD_SO_SB-U2_7',
      SCPM_ID: 2,
      SCPM_Code: 'OM-U2',
      SCPM_Name: 'OM MARKETING',
      SCPM_Caption: 'OM',
      LGCM_Name: 'SpeedExpress',
      LGCVM_VehicleNumber: 'GJ38TA8566',
      SHPD_ProductName: 'NEXP25',
      SHPD_ProductCode: '252',
      PL_ProductId: 7,
      PM_PackSize: null,
      PM_GrossWeight: null,
      PM_MinOffset: null,
      PM_MaxOffset: null,
      SHPD_ShipQty: 2,
      BatchId: '58',
      Count: '2',
      LCM_LocationName: 'OM MARKETING',
      Address: 'Deepkala Avenue,, opposite Government Tubewell,, Ahmedabad, Gujarat, India, 380058',
      userId: '2',
      userName: 'WH'
    }
  ],
  userId: '2',
  FromSCPId: '3',
  CompanyID: '1'
}
Stop existing :  [ { IRS_ID: 86 } ]
{ shipmentId: '8', newStatus: '10', userId: '2' }
Shipment Status :  [
  ResultSetHeader {
    fieldCount: 0,
    affectedRows: 1,
    insertId: 0,
    info: 'Rows matched: 1  Changed: 1  Warnings: 0',
    serverStatus: 2,
    warningStatus: 0,
    changedRows: 1
  },
  undefined
]
{ shipmentId: '8', newStatus: '6', userId: '2' }
Shipment Status :  [
  ResultSetHeader {
    fieldCount: 0,
    affectedRows: 1,
    insertId: 0,
    info: 'Rows matched: 1  Changed: 1  Warnings: 0',
    serverStatus: 2,
    warningStatus: 0,
    changedRows: 1
  },
  undefined
]
Stop :  {
  shipmentId: '8',
  shipmentCode: 'SBU2WH_6',
  shipmentData: [
    {
      SHPD_ShipmentMID: 14,
      SHPH_ShipmentID: 8,
      SHPH_ShipmentType: 'New Order',
      SHPH_Status: 10,
      SHPH_ShipmentCode: 'SBU2WH_6',
      ORDM_OrderNumber: 'ORD_SO_SB-U2_8',
      SCPM_ID: 1,
      SCPM_Code: 'BFFO-U2',
      SCPM_Name: 'BHAGWATI FLOUR and FOODS OUTLET',
      SCPM_Caption: 'BHAGWATI OUTLET',
      LGCM_Name: 'SpeedExpress',
      LGCVM_VehicleNumber: 'GJ38TA8566',
      SHPD_ProductName: 'NEXP25',
      SHPD_ProductCode: '252',
      PL_ProductId: 7,
      PM_PackSize: null,
      PM_GrossWeight: null,
      PM_MinOffset: null,
      PM_MaxOffset: null,
      SHPD_ShipQty: 2,
      BatchId: '58',
      Count: '2',
      LCM_LocationName: 'BHAGWATI FLOUR and FOODS OUTLET',
      Address: 'Sarkhej- Bavla Highway,, Moraiya (Changodar), Ahmedabad, Gujarat, India, 382 213',
      userId: '2',
      userName: 'WH'
    },
    {
      SHPD_ShipmentMID: 13,
      SHPH_ShipmentID: 8,
      SHPH_ShipmentType: 'New Order',
      SHPH_Status: 10,
      SHPH_ShipmentCode: 'SBU2WH_6',
      ORDM_OrderNumber: 'ORD_SO_SB-U2_7',
      SCPM_ID: 2,
      SCPM_Code: 'OM-U2',
      SCPM_Name: 'OM MARKETING',
      SCPM_Caption: 'OM',
      LGCM_Name: 'SpeedExpress',
      LGCVM_VehicleNumber: 'GJ38TA8566',
      SHPD_ProductName: 'NEXP25',
      SHPD_ProductCode: '252',
      PL_ProductId: 7,
      PM_PackSize: null,
      PM_GrossWeight: null,
      PM_MinOffset: null,
      PM_MaxOffset: null,
      SHPD_ShipQty: 2,
      BatchId: '58',
      Count: '2',
      LCM_LocationName: 'OM MARKETING',
      Address: 'Deepkala Avenue,, opposite Government Tubewell,, Ahmedabad, Gujarat, India, 380058',
      userId: '2',
      userName: 'WH'
    }
  ],
  userId: '2',
  FromSCPId: '3',
  CompanyID: '1'
}
Stop existing :  [ { IRS_ID: 86 } ]
{ shipmentId: '8', newStatus: '10', userId: '2' }
Shipment Status :  [
  ResultSetHeader {
    fieldCount: 0,
    affectedRows: 1,
    insertId: 0,
    info: 'Rows matched: 1  Changed: 1  Warnings: 0',
    serverStatus: 2,
    warningStatus: 0,
    changedRows: 1
  },
  undefined
]
{ shipmentId: '8', newStatus: '6', userId: '2' }
Shipment Status :  [
  ResultSetHeader {
    fieldCount: 0,
    affectedRows: 1,
    insertId: 0,
    info: 'Rows matched: 1  Changed: 1  Warnings: 0',
    serverStatus: 2,
    warningStatus: 0,
    changedRows: 1
  },
  undefined
]
Stop :  {
  shipmentId: '8',
  shipmentCode: 'SBU2WH_6',
  shipmentData: [
    {
      SHPD_ShipmentMID: 14,
      SHPH_ShipmentID: 8,
      SHPH_ShipmentType: 'New Order',
      SHPH_Status: 10,
      SHPH_ShipmentCode: 'SBU2WH_6',
      ORDM_OrderNumber: 'ORD_SO_SB-U2_8',
      SCPM_ID: 1,
      SCPM_Code: 'BFFO-U2',
      SCPM_Name: 'BHAGWATI FLOUR and FOODS OUTLET',
      SCPM_Caption: 'BHAGWATI OUTLET',
      LGCM_Name: 'SpeedExpress',
      LGCVM_VehicleNumber: 'GJ38TA8566',
      SHPD_ProductName: 'NEXP25',
      SHPD_ProductCode: '252',
      PL_ProductId: 7,
      PM_PackSize: null,
      PM_GrossWeight: null,
      PM_MinOffset: null,
      PM_MaxOffset: null,
      SHPD_ShipQty: 2,
      BatchId: '58',
      Count: '2',
      LCM_LocationName: 'BHAGWATI FLOUR and FOODS OUTLET',
      Address: 'Sarkhej- Bavla Highway,, Moraiya (Changodar), Ahmedabad, Gujarat, India, 382 213',
      userId: '2',
      userName: 'WH'
    },
    {
      SHPD_ShipmentMID: 13,
      SHPH_ShipmentID: 8,
      SHPH_ShipmentType: 'New Order',
      SHPH_Status: 10,
      SHPH_ShipmentCode: 'SBU2WH_6',
      ORDM_OrderNumber: 'ORD_SO_SB-U2_7',
      SCPM_ID: 2,
      SCPM_Code: 'OM-U2',
      SCPM_Name: 'OM MARKETING',
      SCPM_Caption: 'OM',
      LGCM_Name: 'SpeedExpress',
      LGCVM_VehicleNumber: 'GJ38TA8566',
      SHPD_ProductName: 'NEXP25',
      SHPD_ProductCode: '252',
      PL_ProductId: 7,
      PM_PackSize: null,
      PM_GrossWeight: null,
      PM_MinOffset: null,
      PM_MaxOffset: null,
      SHPD_ShipQty: 2,
      BatchId: '58',
      Count: '2',
      LCM_LocationName: 'OM MARKETING',
      Address: 'Deepkala Avenue,, opposite Government Tubewell,, Ahmedabad, Gujarat, India, 380058',
      userId: '2',
      userName: 'WH'
    }
  ],
  userId: '2',
  FromSCPId: '3',
  CompanyID: '1'
}
Stop existing :  [ { IRS_ID: 86 } ]
{ shipmentId: '8', newStatus: '10', userId: '2' }
Shipment Status :  [
  ResultSetHeader {
    fieldCount: 0,
    affectedRows: 1,
    insertId: 0,
    info: 'Rows matched: 1  Changed: 1  Warnings: 0',
    serverStatus: 2,
    warningStatus: 0,
    changedRows: 1
  },
  undefined
]
{ shipmentId: '8', newStatus: '6', userId: '2' }
Shipment Status :  [
  ResultSetHeader {
    fieldCount: 0,
    affectedRows: 1,
    insertId: 0,
    info: 'Rows matched: 1  Changed: 1  Warnings: 0',
    serverStatus: 2,
    warningStatus: 0,
    changedRows: 1
  },
  undefined
]
Stop :  {
  shipmentId: '8',
  shipmentCode: 'SBU2WH_6',
  shipmentData: [
    {
      SHPD_ShipmentMID: 14,
      SHPH_ShipmentID: 8,
      SHPH_ShipmentType: 'New Order',
      SHPH_Status: 10,
      SHPH_ShipmentCode: 'SBU2WH_6',
      ORDM_OrderNumber: 'ORD_SO_SB-U2_8',
      SCPM_ID: 1,
      SCPM_Code: 'BFFO-U2',
      SCPM_Name: 'BHAGWATI FLOUR and FOODS OUTLET',
      SCPM_Caption: 'BHAGWATI OUTLET',
      LGCM_Name: 'SpeedExpress',
      LGCVM_VehicleNumber: 'GJ38TA8566',
      SHPD_ProductName: 'NEXP25',
      SHPD_ProductCode: '252',
      PL_ProductId: 7,
      PM_PackSize: null,
      PM_GrossWeight: null,
      PM_MinOffset: null,
      PM_MaxOffset: null,
      SHPD_ShipQty: 2,
      BatchId: '58',
      Count: '2',
      LCM_LocationName: 'BHAGWATI FLOUR and FOODS OUTLET',
      Address: 'Sarkhej- Bavla Highway,, Moraiya (Changodar), Ahmedabad, Gujarat, India, 382 213',
      userId: '2',
      userName: 'WH'
    },
    {
      SHPD_ShipmentMID: 13,
      SHPH_ShipmentID: 8,
      SHPH_ShipmentType: 'New Order',
      SHPH_Status: 10,
      SHPH_ShipmentCode: 'SBU2WH_6',
      ORDM_OrderNumber: 'ORD_SO_SB-U2_7',
      SCPM_ID: 2,
      SCPM_Code: 'OM-U2',
      SCPM_Name: 'OM MARKETING',
      SCPM_Caption: 'OM',
      LGCM_Name: 'SpeedExpress',
      LGCVM_VehicleNumber: 'GJ38TA8566',
      SHPD_ProductName: 'NEXP25',
      SHPD_ProductCode: '252',
      PL_ProductId: 7,
      PM_PackSize: null,
      PM_GrossWeight: null,
      PM_MinOffset: null,
      PM_MaxOffset: null,
      SHPD_ShipQty: 2,
      BatchId: '58',
      Count: '2',
      LCM_LocationName: 'OM MARKETING',
      Address: 'Deepkala Avenue,, opposite Government Tubewell,, Ahmedabad, Gujarat, India, 380058',
      userId: '2',
      userName: 'WH'
    }
  ],
  userId: '2',
  FromSCPId: '3',
  CompanyID: '1'
}
Stop existing :  [ { IRS_ID: 86 } ]
{ shipmentId: '8', newStatus: '10', userId: '2' }
Shipment Status :  [
  ResultSetHeader {
    fieldCount: 0,
    affectedRows: 1,
    insertId: 0,
    info: 'Rows matched: 1  Changed: 1  Warnings: 0',
    serverStatus: 2,
    warningStatus: 0,
    changedRows: 1
  },
  undefined
]
Daily MySQL backup scheduled at 10:30
✅ CryptoUtils loaded (COMPATIBLE VERSION)
Server running on port 9010
connected to the Local database
INPUT PASSWORD    : Admin@123
DECRYPTED PASSWORD: Admin@123
Found folders: [ 'SBU2WH_5', 'SBU2WH_6' ]
Checking folder: SBU2WH_5, isDash1: false
Derived shipmentCode: SBU2WH_5
Shipment query result for code SBU2WH_5: [ { SHPH_ShipmentID: 7, SHPH_Status: 10 } ]
Checking folder: SBU2WH_6, isDash1: false
Derived shipmentCode: SBU2WH_6
Shipment query result for code SBU2WH_6: [ { SHPH_ShipmentID: 8, SHPH_Status: 10 } ]
INPUT PASSWORD    : Admin@123
DECRYPTED PASSWORD: Admin@123
Found folders: [ 'SBU2WH_5', 'SBU2WH_6' ]
Checking folder: SBU2WH_5, isDash1: false
Derived shipmentCode: SBU2WH_5
Shipment query result for code SBU2WH_5: [ { SHPH_ShipmentID: 7, SHPH_Status: 10 } ]
Checking folder: SBU2WH_6, isDash1: false
Derived shipmentCode: SBU2WH_6
Shipment query result for code SBU2WH_6: [ { SHPH_ShipmentID: 8, SHPH_Status: 10 } ]
{ shipmentId: '8', newStatus: '6', userId: '2' }
Shipment Status :  [
  ResultSetHeader {
    fieldCount: 0,
    affectedRows: 1,
    insertId: 0,
    info: 'Rows matched: 1  Changed: 1  Warnings: 0',
    serverStatus: 2,
    warningStatus: 0,
    changedRows: 1
  },
  undefined
]
Stop :  {
  shipmentId: '8',
  shipmentCode: 'SBU2WH_6',
  shipmentData: [
    {
      SHPD_ShipmentMID: 14,
      SHPH_ShipmentID: 8,
      SHPH_ShipmentType: 'New Order',
      SHPH_Status: 10,
      SHPH_ShipmentCode: 'SBU2WH_6',
      ORDM_OrderNumber: 'ORD_SO_SB-U2_8',
      SCPM_ID: 1,
      SCPM_Code: 'BFFO-U2',
      SCPM_Name: 'BHAGWATI FLOUR and FOODS OUTLET',
      SCPM_Caption: 'BHAGWATI OUTLET',
      LGCM_Name: 'SpeedExpress',
      LGCVM_VehicleNumber: 'GJ38TA8566',
      SHPD_ProductName: 'NEXP25',
      SHPD_ProductCode: '252',
      PL_ProductId: 7,
      PM_PackSize: null,
      PM_GrossWeight: null,
      PM_MinOffset: null,
      PM_MaxOffset: null,
      SHPD_ShipQty: 2,
      BatchId: '58',
      Count: '2',
      LCM_LocationName: 'BHAGWATI FLOUR and FOODS OUTLET',
      Address: 'Sarkhej- Bavla Highway,, Moraiya (Changodar), Ahmedabad, Gujarat, India, 382 213',
      userId: '2',
      userName: 'WH'
    },
    {
      SHPD_ShipmentMID: 13,
      SHPH_ShipmentID: 8,
      SHPH_ShipmentType: 'New Order',
      SHPH_Status: 10,
      SHPH_ShipmentCode: 'SBU2WH_6',
      ORDM_OrderNumber: 'ORD_SO_SB-U2_7',
      SCPM_ID: 2,
      SCPM_Code: 'OM-U2',
      SCPM_Name: 'OM MARKETING',
      SCPM_Caption: 'OM',
      LGCM_Name: 'SpeedExpress',
      LGCVM_VehicleNumber: 'GJ38TA8566',
      SHPD_ProductName: 'NEXP25',
      SHPD_ProductCode: '252',
      PL_ProductId: 7,
      PM_PackSize: null,
      PM_GrossWeight: null,
      PM_MinOffset: null,
      PM_MaxOffset: null,
      SHPD_ShipQty: 2,
      BatchId: '58',
      Count: '2',
      LCM_LocationName: 'OM MARKETING',
      Address: 'Deepkala Avenue,, opposite Government Tubewell,, Ahmedabad, Gujarat, India, 380058',
      userId: '2',
      userName: 'WH'
    }
  ],
  userId: '2',
  FromSCPId: '3',
  CompanyID: '1'
}
Stop existing :  [ { IRS_ID: 86 } ]
{ shipmentId: '8', newStatus: '10', userId: '2' }
Shipment Status :  [
  ResultSetHeader {
    fieldCount: 0,
    affectedRows: 1,
    insertId: 0,
    info: 'Rows matched: 1  Changed: 1  Warnings: 0',
    serverStatus: 2,
    warningStatus: 0,
    changedRows: 1
  },
  undefined
]
{ shipmentId: '8', newStatus: '6', userId: '2' }
Shipment Status :  [
  ResultSetHeader {
    fieldCount: 0,
    affectedRows: 1,
    insertId: 0,
    info: 'Rows matched: 1  Changed: 1  Warnings: 0',
    serverStatus: 2,
    warningStatus: 0,
    changedRows: 1
  },
  undefined
]
Stop :  {
  shipmentId: '8',
  shipmentCode: 'SBU2WH_6',
  shipmentData: [
    {
      SHPD_ShipmentMID: 14,
      SHPH_ShipmentID: 8,
      SHPH_ShipmentType: 'New Order',
      SHPH_Status: 10,
      SHPH_ShipmentCode: 'SBU2WH_6',
      ORDM_OrderNumber: 'ORD_SO_SB-U2_8',
      SCPM_ID: 1,
      SCPM_Code: 'BFFO-U2',
      SCPM_Name: 'BHAGWATI FLOUR and FOODS OUTLET',
      SCPM_Caption: 'BHAGWATI OUTLET',
      LGCM_Name: 'SpeedExpress',
      LGCVM_VehicleNumber: 'GJ38TA8566',
      SHPD_ProductName: 'NEXP25',
      SHPD_ProductCode: '252',
      PL_ProductId: 7,
      PM_PackSize: null,
      PM_GrossWeight: null,
      PM_MinOffset: null,
      PM_MaxOffset: null,
      SHPD_ShipQty: 2,
      BatchId: '58',
      Count: '2',
      LCM_LocationName: 'BHAGWATI FLOUR and FOODS OUTLET',
      Address: 'Sarkhej- Bavla Highway,, Moraiya (Changodar), Ahmedabad, Gujarat, India, 382 213',
      userId: '2',
      userName: 'WH'
    },
    {
      SHPD_ShipmentMID: 13,
      SHPH_ShipmentID: 8,
      SHPH_ShipmentType: 'New Order',
      SHPH_Status: 10,
      SHPH_ShipmentCode: 'SBU2WH_6',
      ORDM_OrderNumber: 'ORD_SO_SB-U2_7',
      SCPM_ID: 2,
      SCPM_Code: 'OM-U2',
      SCPM_Name: 'OM MARKETING',
      SCPM_Caption: 'OM',
      LGCM_Name: 'SpeedExpress',
      LGCVM_VehicleNumber: 'GJ38TA8566',
      SHPD_ProductName: 'NEXP25',
      SHPD_ProductCode: '252',
      PL_ProductId: 7,
      PM_PackSize: null,
      PM_GrossWeight: null,
      PM_MinOffset: null,
      PM_MaxOffset: null,
      SHPD_ShipQty: 2,
      BatchId: '58',
      Count: '2',
      LCM_LocationName: 'OM MARKETING',
      Address: 'Deepkala Avenue,, opposite Government Tubewell,, Ahmedabad, Gujarat, India, 380058',
      userId: '2',
      userName: 'WH'
    }
  ],
  userId: '2',
  FromSCPId: '3',
  CompanyID: '1'
}
Stop existing :  [ { IRS_ID: 86 } ]
{ shipmentId: '8', newStatus: '10', userId: '2' }
Shipment Status :  [
  ResultSetHeader {
    fieldCount: 0,
    affectedRows: 1,
    insertId: 0,
    info: 'Rows matched: 1  Changed: 1  Warnings: 0',
    serverStatus: 2,
    warningStatus: 0,
    changedRows: 1
  },
  undefined
]
{ shipmentId: '8', newStatus: '6', userId: '2' }
Shipment Status :  [
  ResultSetHeader {
    fieldCount: 0,
    affectedRows: 1,
    insertId: 0,
    info: 'Rows matched: 1  Changed: 1  Warnings: 0',
    serverStatus: 2,
    warningStatus: 0,
    changedRows: 1
  },
  undefined
]
Stop :  {
  shipmentId: '8',
  shipmentCode: 'SBU2WH_6',
  shipmentData: [
    {
      SHPD_ShipmentMID: 14,
      SHPH_ShipmentID: 8,
      SHPH_ShipmentType: 'New Order',
      SHPH_Status: 10,
      SHPH_ShipmentCode: 'SBU2WH_6',
      ORDM_OrderNumber: 'ORD_SO_SB-U2_8',
      SCPM_ID: 1,
      SCPM_Code: 'BFFO-U2',
      SCPM_Name: 'BHAGWATI FLOUR and FOODS OUTLET',
      SCPM_Caption: 'BHAGWATI OUTLET',
      LGCM_Name: 'SpeedExpress',
      LGCVM_VehicleNumber: 'GJ38TA8566',
      SHPD_ProductName: 'NEXP25',
      SHPD_ProductCode: '252',
      PL_ProductId: 7,
      PM_PackSize: null,
      PM_GrossWeight: null,
      PM_MinOffset: null,
      PM_MaxOffset: null,
      SHPD_ShipQty: 2,
      BatchId: '58',
      Count: '2',
      LCM_LocationName: 'BHAGWATI FLOUR and FOODS OUTLET',
      Address: 'Sarkhej- Bavla Highway,, Moraiya (Changodar), Ahmedabad, Gujarat, India, 382 213',
      userId: '2',
      userName: 'WH'
    },
    {
      SHPD_ShipmentMID: 13,
      SHPH_ShipmentID: 8,
      SHPH_ShipmentType: 'New Order',
      SHPH_Status: 10,
      SHPH_ShipmentCode: 'SBU2WH_6',
      ORDM_OrderNumber: 'ORD_SO_SB-U2_7',
      SCPM_ID: 2,
      SCPM_Code: 'OM-U2',
      SCPM_Name: 'OM MARKETING',
      SCPM_Caption: 'OM',
      LGCM_Name: 'SpeedExpress',
      LGCVM_VehicleNumber: 'GJ38TA8566',
      SHPD_ProductName: 'NEXP25',
      SHPD_ProductCode: '252',
      PL_ProductId: 7,
      PM_PackSize: null,
      PM_GrossWeight: null,
      PM_MinOffset: null,
      PM_MaxOffset: null,
      SHPD_ShipQty: 2,
      BatchId: '58',
      Count: '2',
      LCM_LocationName: 'OM MARKETING',
      Address: 'Deepkala Avenue,, opposite Government Tubewell,, Ahmedabad, Gujarat, India, 380058',
      userId: '2',
      userName: 'WH'
    }
  ],
  userId: '2',
  FromSCPId: '3',
  CompanyID: '1'
}
Stop existing :  [ { IRS_ID: 86 } ]
{ shipmentId: '8', newStatus: '10', userId: '2' }
Shipment Status :  [
  ResultSetHeader {
    fieldCount: 0,
    affectedRows: 1,
    insertId: 0,
    info: 'Rows matched: 1  Changed: 1  Warnings: 0',
    serverStatus: 2,
    warningStatus: 0,
    changedRows: 1
  },
  undefined
]
Daily MySQL backup scheduled at 10:30
✅ CryptoUtils loaded (COMPATIBLE VERSION)
Server running on port 9010
connected to the Local database
INPUT PASSWORD    : Admin@123
DECRYPTED PASSWORD: Admin@123
Found folders: [ 'SBU2WH_5', 'SBU2WH_6' ]
Checking folder: SBU2WH_5, isDash1: false
Derived shipmentCode: SBU2WH_5
Shipment query result for code SBU2WH_5: [ { SHPH_ShipmentID: 7, SHPH_Status: 10 } ]
Checking folder: SBU2WH_6, isDash1: false
Derived shipmentCode: SBU2WH_6
Shipment query result for code SBU2WH_6: [ { SHPH_ShipmentID: 8, SHPH_Status: 10 } ]
{ shipmentId: '10', newStatus: '6', userId: '2' }
Shipment Status :  [
  ResultSetHeader {
    fieldCount: 0,
    affectedRows: 1,
    insertId: 0,
    info: 'Rows matched: 1  Changed: 1  Warnings: 0',
    serverStatus: 2,
    warningStatus: 0,
    changedRows: 1
  },
  undefined
]
Stop :  {
  shipmentId: '10',
  shipmentCode: 'SBU2WH_8',
  shipmentData: [
    {
      SHPD_ShipmentMID: 17,
      SHPH_ShipmentID: 10,
      SHPH_ShipmentType: 'New Order',
      SHPH_Status: 2,
      SHPH_ShipmentCode: 'SBU2WH_8',
      ORDM_OrderNumber: 'ORD_SO_SB-U2_11',
      SCPM_ID: 1,
      SCPM_Code: 'BFFO-U2',
      SCPM_Name: 'BHAGWATI FLOUR and FOODS OUTLET',
      SCPM_Caption: 'BHAGWATI OUTLET',
      LGCM_Name: 'SpeedExpress',
      LGCVM_VehicleNumber: 'GJ38TA8566',
      SHPD_ProductName: 'PRODUCT 26/02/2026',
      SHPD_ProductCode: '26022026',
      PL_ProductId: 11,
      PM_PackSize: null,
      PM_GrossWeight: null,
      PM_MinOffset: null,
      PM_MaxOffset: null,
      SHPD_ShipQty: 1,
      BatchId: '95',
      Count: '1',
      LCM_LocationName: 'BHAGWATI FLOUR and FOODS OUTLET',
      Address: 'Sarkhej- Bavla Highway,, Moraiya (Changodar), Ahmedabad, Gujarat, India, 382 213',
      userId: '2',
      userName: 'WH'
    },
    {
      SHPD_ShipmentMID: 16,
      SHPH_ShipmentID: 10,
      SHPH_ShipmentType: 'New Order',
      SHPH_Status: 2,
      SHPH_ShipmentCode: 'SBU2WH_8',
      ORDM_OrderNumber: 'ORD_SO_SB-U2_10',
      SCPM_ID: 2,
      SCPM_Code: 'OM-U2',
      SCPM_Name: 'OM MARKETING',
      SCPM_Caption: 'OM',
      LGCM_Name: 'SpeedExpress',
      LGCVM_VehicleNumber: 'GJ38TA8566',
      SHPD_ProductName: 'PRODUCT 26/02/2026',
      SHPD_ProductCode: '26022026',
      PL_ProductId: 11,
      PM_PackSize: null,
      PM_GrossWeight: null,
      PM_MinOffset: null,
      PM_MaxOffset: null,
      SHPD_ShipQty: 2,
      BatchId: '95',
      Count: '2',
      LCM_LocationName: 'OM MARKETING',
      Address: 'Deepkala Avenue,, opposite Government Tubewell,, Ahmedabad, Gujarat, India, 380058',
      userId: '2',
      userName: 'WH'
    }
  ],
  userId: '2',
  FromSCPId: '3',
  CompanyID: '1'
}
{ shipmentId: '10', newStatus: '10', userId: '2' }
Shipment Status :  [
  ResultSetHeader {
    fieldCount: 0,
    affectedRows: 1,
    insertId: 0,
    info: 'Rows matched: 1  Changed: 1  Warnings: 0',
    serverStatus: 2,
    warningStatus: 0,
    changedRows: 1
  },
  undefined
]
{ shipmentId: '10', newStatus: '6', userId: '2' }
Shipment Status :  [
  ResultSetHeader {
    fieldCount: 0,
    affectedRows: 1,
    insertId: 0,
    info: 'Rows matched: 1  Changed: 1  Warnings: 0',
    serverStatus: 2,
    warningStatus: 0,
    changedRows: 1
  },
  undefined
]
Stop :  {
  shipmentId: '10',
  shipmentCode: 'SBU2WH_8',
  shipmentData: [
    {
      SHPD_ShipmentMID: 17,
      SHPH_ShipmentID: 10,
      SHPH_ShipmentType: 'New Order',
      SHPH_Status: 2,
      SHPH_ShipmentCode: 'SBU2WH_8',
      ORDM_OrderNumber: 'ORD_SO_SB-U2_11',
      SCPM_ID: 1,
      SCPM_Code: 'BFFO-U2',
      SCPM_Name: 'BHAGWATI FLOUR and FOODS OUTLET',
      SCPM_Caption: 'BHAGWATI OUTLET',
      LGCM_Name: 'SpeedExpress',
      LGCVM_VehicleNumber: 'GJ38TA8566',
      SHPD_ProductName: 'PRODUCT 26/02/2026',
      SHPD_ProductCode: '26022026',
      PL_ProductId: 11,
      PM_PackSize: null,
      PM_GrossWeight: null,
      PM_MinOffset: null,
      PM_MaxOffset: null,
      SHPD_ShipQty: 1,
      BatchId: '95',
      Count: '1',
      LCM_LocationName: 'BHAGWATI FLOUR and FOODS OUTLET',
      Address: 'Sarkhej- Bavla Highway,, Moraiya (Changodar), Ahmedabad, Gujarat, India, 382 213',
      userId: '2',
      userName: 'WH'
    },
    {
      SHPD_ShipmentMID: 16,
      SHPH_ShipmentID: 10,
      SHPH_ShipmentType: 'New Order',
      SHPH_Status: 2,
      SHPH_ShipmentCode: 'SBU2WH_8',
      ORDM_OrderNumber: 'ORD_SO_SB-U2_10',
      SCPM_ID: 2,
      SCPM_Code: 'OM-U2',
      SCPM_Name: 'OM MARKETING',
      SCPM_Caption: 'OM',
      LGCM_Name: 'SpeedExpress',
      LGCVM_VehicleNumber: 'GJ38TA8566',
      SHPD_ProductName: 'PRODUCT 26/02/2026',
      SHPD_ProductCode: '26022026',
      PL_ProductId: 11,
      PM_PackSize: null,
      PM_GrossWeight: null,
      PM_MinOffset: null,
      PM_MaxOffset: null,
      SHPD_ShipQty: 2,
      BatchId: '95',
      Count: '2',
      LCM_LocationName: 'OM MARKETING',
      Address: 'Deepkala Avenue,, opposite Government Tubewell,, Ahmedabad, Gujarat, India, 380058',
      userId: '2',
      userName: 'WH'
    }
  ],
  userId: '2',
  FromSCPId: '3',
  CompanyID: '1'
}
{ shipmentId: '10', newStatus: '10', userId: '2' }
Shipment Status :  [
  ResultSetHeader {
    fieldCount: 0,
    affectedRows: 1,
    insertId: 0,
    info: 'Rows matched: 1  Changed: 1  Warnings: 0',
    serverStatus: 2,
    warningStatus: 0,
    changedRows: 1
  },
  undefined
]
{ shipmentId: '10', newStatus: '6', userId: '2' }
Shipment Status :  [
  ResultSetHeader {
    fieldCount: 0,
    affectedRows: 1,
    insertId: 0,
    info: 'Rows matched: 1  Changed: 1  Warnings: 0',
    serverStatus: 2,
    warningStatus: 0,
    changedRows: 1
  },
  undefined
]
Stop :  {
  shipmentId: '10',
  shipmentCode: 'SBU2WH_8',
  shipmentData: [
    {
      SHPD_ShipmentMID: 17,
      SHPH_ShipmentID: 10,
      SHPH_ShipmentType: 'New Order',
      SHPH_Status: 2,
      SHPH_ShipmentCode: 'SBU2WH_8',
      ORDM_OrderNumber: 'ORD_SO_SB-U2_11',
      SCPM_ID: 1,
      SCPM_Code: 'BFFO-U2',
      SCPM_Name: 'BHAGWATI FLOUR and FOODS OUTLET',
      SCPM_Caption: 'BHAGWATI OUTLET',
      LGCM_Name: 'SpeedExpress',
      LGCVM_VehicleNumber: 'GJ38TA8566',
      SHPD_ProductName: 'PRODUCT 26/02/2026',
      SHPD_ProductCode: '26022026',
      PL_ProductId: 11,
      PM_PackSize: null,
      PM_GrossWeight: null,
      PM_MinOffset: null,
      PM_MaxOffset: null,
      SHPD_ShipQty: 1,
      BatchId: '95',
      Count: '1',
      LCM_LocationName: 'BHAGWATI FLOUR and FOODS OUTLET',
      Address: 'Sarkhej- Bavla Highway,, Moraiya (Changodar), Ahmedabad, Gujarat, India, 382 213',
      userId: '2',
      userName: 'WH'
    },
    {
      SHPD_ShipmentMID: 16,
      SHPH_ShipmentID: 10,
      SHPH_ShipmentType: 'New Order',
      SHPH_Status: 2,
      SHPH_ShipmentCode: 'SBU2WH_8',
      ORDM_OrderNumber: 'ORD_SO_SB-U2_10',
      SCPM_ID: 2,
      SCPM_Code: 'OM-U2',
      SCPM_Name: 'OM MARKETING',
      SCPM_Caption: 'OM',
      LGCM_Name: 'SpeedExpress',
      LGCVM_VehicleNumber: 'GJ38TA8566',
      SHPD_ProductName: 'PRODUCT 26/02/2026',
      SHPD_ProductCode: '26022026',
      PL_ProductId: 11,
      PM_PackSize: null,
      PM_GrossWeight: null,
      PM_MinOffset: null,
      PM_MaxOffset: null,
      SHPD_ShipQty: 2,
      BatchId: '95',
      Count: '2',
      LCM_LocationName: 'OM MARKETING',
      Address: 'Deepkala Avenue,, opposite Government Tubewell,, Ahmedabad, Gujarat, India, 380058',
      userId: '2',
      userName: 'WH'
    }
  ],
  userId: '2',
  FromSCPId: '3',
  CompanyID: '1'
}
{ shipmentId: '10', newStatus: '10', userId: '2' }
Shipment Status :  [
  ResultSetHeader {
    fieldCount: 0,
    affectedRows: 1,
    insertId: 0,
    info: 'Rows matched: 1  Changed: 1  Warnings: 0',
    serverStatus: 2,
    warningStatus: 0,
    changedRows: 1
  },
  undefined
]
{ shipmentId: '10', newStatus: '6', userId: '2' }
Shipment Status :  [
  ResultSetHeader {
    fieldCount: 0,
    affectedRows: 1,
    insertId: 0,
    info: 'Rows matched: 1  Changed: 1  Warnings: 0',
    serverStatus: 2,
    warningStatus: 0,
    changedRows: 1
  },
  undefined
]
Stop :  {
  shipmentId: '10',
  shipmentCode: 'SBU2WH_8',
  shipmentData: [
    {
      SHPD_ShipmentMID: 17,
      SHPH_ShipmentID: 10,
      SHPH_ShipmentType: 'New Order',
      SHPH_Status: 2,
      SHPH_ShipmentCode: 'SBU2WH_8',
      ORDM_OrderNumber: 'ORD_SO_SB-U2_11',
      SCPM_ID: 1,
      SCPM_Code: 'BFFO-U2',
      SCPM_Name: 'BHAGWATI FLOUR and FOODS OUTLET',
      SCPM_Caption: 'BHAGWATI OUTLET',
      LGCM_Name: 'SpeedExpress',
      LGCVM_VehicleNumber: 'GJ38TA8566',
      SHPD_ProductName: 'PRODUCT 26/02/2026',
      SHPD_ProductCode: '26022026',
      PL_ProductId: 11,
      PM_PackSize: null,
      PM_GrossWeight: null,
      PM_MinOffset: null,
      PM_MaxOffset: null,
      SHPD_ShipQty: 1,
      BatchId: '95',
      Count: '1',
      LCM_LocationName: 'BHAGWATI FLOUR and FOODS OUTLET',
      Address: 'Sarkhej- Bavla Highway,, Moraiya (Changodar), Ahmedabad, Gujarat, India, 382 213',
      userId: '2',
      userName: 'WH'
    },
    {
      SHPD_ShipmentMID: 16,
      SHPH_ShipmentID: 10,
      SHPH_ShipmentType: 'New Order',
      SHPH_Status: 2,
      SHPH_ShipmentCode: 'SBU2WH_8',
      ORDM_OrderNumber: 'ORD_SO_SB-U2_10',
      SCPM_ID: 2,
      SCPM_Code: 'OM-U2',
      SCPM_Name: 'OM MARKETING',
      SCPM_Caption: 'OM',
      LGCM_Name: 'SpeedExpress',
      LGCVM_VehicleNumber: 'GJ38TA8566',
      SHPD_ProductName: 'PRODUCT 26/02/2026',
      SHPD_ProductCode: '26022026',
      PL_ProductId: 11,
      PM_PackSize: null,
      PM_GrossWeight: null,
      PM_MinOffset: null,
      PM_MaxOffset: null,
      SHPD_ShipQty: 2,
      BatchId: '95',
      Count: '2',
      LCM_LocationName: 'OM MARKETING',
      Address: 'Deepkala Avenue,, opposite Government Tubewell,, Ahmedabad, Gujarat, India, 380058',
      userId: '2',
      userName: 'WH'
    }
  ],
  userId: '2',
  FromSCPId: '3',
  CompanyID: '1'
}
{ shipmentId: '10', newStatus: '10', userId: '2' }
Shipment Status :  [
  ResultSetHeader {
    fieldCount: 0,
    affectedRows: 1,
    insertId: 0,
    info: 'Rows matched: 1  Changed: 1  Warnings: 0',
    serverStatus: 2,
    warningStatus: 0,
    changedRows: 1
  },
  undefined
]
{ shipmentId: '10', newStatus: '6', userId: '2' }
Shipment Status :  [
  ResultSetHeader {
    fieldCount: 0,
    affectedRows: 1,
    insertId: 0,
    info: 'Rows matched: 1  Changed: 1  Warnings: 0',
    serverStatus: 2,
    warningStatus: 0,
    changedRows: 1
  },
  undefined
]
Stop :  {
  shipmentId: '10',
  shipmentCode: 'SBU2WH_8',
  shipmentData: [
    {
      SHPD_ShipmentMID: 16,
      SHPH_ShipmentID: 10,
      SHPH_ShipmentType: 'New Order',
      SHPH_Status: 6,
      SHPH_ShipmentCode: 'SBU2WH_8',
      ORDM_OrderNumber: 'ORD_SO_SB-U2_10',
      SCPM_ID: 2,
      SCPM_Code: 'OM-U2',
      SCPM_Name: 'OM MARKETING',
      SCPM_Caption: 'OM',
      LGCM_Name: 'SpeedExpress',
      LGCVM_VehicleNumber: 'GJ38TA8566',
      SHPD_ProductName: 'PRODUCT 26/02/2026',
      SHPD_ProductCode: '26022026',
      PL_ProductId: 11,
      PM_PackSize: null,
      PM_GrossWeight: null,
      PM_MinOffset: null,
      PM_MaxOffset: null,
      SHPD_ShipQty: 2,
      BatchId: '95',
      Count: '2',
      LCM_LocationName: 'OM MARKETING',
      Address: 'Deepkala Avenue,, opposite Government Tubewell,, Ahmedabad, Gujarat, India, 380058',
      userId: '2',
      userName: 'WH'
    },
    {
      SHPD_ShipmentMID: 17,
      SHPH_ShipmentID: 10,
      SHPH_ShipmentType: 'New Order',
      SHPH_Status: 6,
      SHPH_ShipmentCode: 'SBU2WH_8',
      ORDM_OrderNumber: 'ORD_SO_SB-U2_11',
      SCPM_ID: 1,
      SCPM_Code: 'BFFO-U2',
      SCPM_Name: 'BHAGWATI FLOUR and FOODS OUTLET',
      SCPM_Caption: 'BHAGWATI OUTLET',
      LGCM_Name: 'SpeedExpress',
      LGCVM_VehicleNumber: 'GJ38TA8566',
      SHPD_ProductName: 'PRODUCT 26/02/2026',
      SHPD_ProductCode: '26022026',
      PL_ProductId: 11,
      PM_PackSize: null,
      PM_GrossWeight: null,
      PM_MinOffset: null,
      PM_MaxOffset: null,
      SHPD_ShipQty: 1,
      BatchId: '95',
      Count: '1',
      LCM_LocationName: 'BHAGWATI FLOUR and FOODS OUTLET',
      Address: 'Sarkhej- Bavla Highway,, Moraiya (Changodar), Ahmedabad, Gujarat, India, 382 213',
      userId: '2',
      userName: 'WH'
    }
  ],
  userId: '2',
  FromSCPId: '3',
  CompanyID: '1'
}
Stop existing :  []
Pass counts by MID: { '16': 1 }
Updating shipment master MID: 16 with count: 1
Before update - MID 16: ScanQty = null
Shipment master update result: ResultSetHeader {
  fieldCount: 0,
  affectedRows: 1,
  insertId: 0,
  info: 'Rows matched: 1  Changed: 1  Warnings: 0',
  serverStatus: 2,
  warningStatus: 0,
  changedRows: 1
}
After update - MID 16: ScanQty = 1
Updating inventory for product 11 with qty 1
Before inventory update - BlockQty: 3, Available: 3
Inventory update result: ResultSetHeader {
  fieldCount: 0,
  affectedRows: 1,
  insertId: 0,
  info: 'Rows matched: 1  Changed: 1  Warnings: 0',
  serverStatus: 2,
  warningStatus: 0,
  changedRows: 1
}
Checking importrsnshipment table structure...
importrsnshipment columns: [
  'IRS_ID',
  'IRS_ProductID',
  'IRS_ProductMID',
  'IRS_ShipmentID',
  'IRS_ShipmentType',
  'IRS_BatchID',
  'IRS_BatchMID',
  'IRS_RandomNo',
  'IRS_ParentRandomNo',
  'IRS_PackSize',
  'IRS_Status',
  'IRS_CreatedBy',
  'IRS_CreatedTimeStamp',
  'IRS_LastModifedBy',
  'IRS_LastModifiedTimeStamp',
  'IRS_PhysicalLocation',
  'IRS_LogicalLocation',
  'IRS_CompanyGrpID',
  'IRS_CompanyID',
  'IRS_ToSCP',
  'IRS_BatchWeight',
  'IRS_ShipmentWeight',
  'IRS_Remark',
  'IRS_SKU',
  'IRS_Boxno'
]
Updating importrsnshipment for IRS_ID: 97 with weight: 2.75
importrsnshipment update successful, affected rows: 1
Processing RSN history for IRS_ID: 97
Inserted RSN history ID: 15
{ shipmentId: '10', newStatus: '10', userId: '2' }
Shipment Status :  [
  ResultSetHeader {
    fieldCount: 0,
    affectedRows: 1,
    insertId: 0,
    info: 'Rows matched: 1  Changed: 1  Warnings: 0',
    serverStatus: 2,
    warningStatus: 0,
    changedRows: 1
  },
  undefined
]
{ shipmentId: '10', newStatus: '6', userId: '2' }
Shipment Status :  [
  ResultSetHeader {
    fieldCount: 0,
    affectedRows: 1,
    insertId: 0,
    info: 'Rows matched: 1  Changed: 1  Warnings: 0',
    serverStatus: 2,
    warningStatus: 0,
    changedRows: 1
  },
  undefined
]
Stop :  {
  shipmentId: '10',
  shipmentCode: 'SBU2WH_8',
  shipmentData: [
    {
      SHPD_ShipmentMID: 17,
      SHPH_ShipmentID: 10,
      SHPH_ShipmentType: 'New Order',
      SHPH_Status: 6,
      SHPH_ShipmentCode: 'SBU2WH_8',
      ORDM_OrderNumber: 'ORD_SO_SB-U2_11',
      SCPM_ID: 1,
      SCPM_Code: 'BFFO-U2',
      SCPM_Name: 'BHAGWATI FLOUR and FOODS OUTLET',
      SCPM_Caption: 'BHAGWATI OUTLET',
      LGCM_Name: 'SpeedExpress',
      LGCVM_VehicleNumber: 'GJ38TA8566',
      SHPD_ProductName: 'PRODUCT 26/02/2026',
      SHPD_ProductCode: '26022026',
      PL_ProductId: 11,
      PM_PackSize: null,
      PM_GrossWeight: null,
      PM_MinOffset: null,
      PM_MaxOffset: null,
      SHPD_ShipQty: 1,
      BatchId: '95',
      Count: '1',
      LCM_LocationName: 'BHAGWATI FLOUR and FOODS OUTLET',
      Address: 'Sarkhej- Bavla Highway,, Moraiya (Changodar), Ahmedabad, Gujarat, India, 382 213',
      userId: '2',
      userName: 'WH'
    },
    {
      SHPD_ShipmentMID: 16,
      SHPH_ShipmentID: 10,
      SHPH_ShipmentType: 'New Order',
      SHPH_Status: 6,
      SHPH_ShipmentCode: 'SBU2WH_8',
      ORDM_OrderNumber: 'ORD_SO_SB-U2_10',
      SCPM_ID: 2,
      SCPM_Code: 'OM-U2',
      SCPM_Name: 'OM MARKETING',
      SCPM_Caption: 'OM',
      LGCM_Name: 'SpeedExpress',
      LGCVM_VehicleNumber: 'GJ38TA8566',
      SHPD_ProductName: 'PRODUCT 26/02/2026',
      SHPD_ProductCode: '26022026',
      PL_ProductId: 11,
      PM_PackSize: null,
      PM_GrossWeight: null,
      PM_MinOffset: null,
      PM_MaxOffset: null,
      SHPD_ShipQty: 2,
      BatchId: '95',
      Count: '2',
      LCM_LocationName: 'OM MARKETING',
      Address: 'Deepkala Avenue,, opposite Government Tubewell,, Ahmedabad, Gujarat, India, 380058',
      userId: '2',
      userName: 'WH'
    }
  ],
  userId: '2',
  FromSCPId: '3',
  CompanyID: '1'
}
Stop existing :  [ { IRS_ID: 97 } ]
{ shipmentId: '10', newStatus: '10', userId: '2' }
Shipment Status :  [
  ResultSetHeader {
    fieldCount: 0,
    affectedRows: 1,
    insertId: 0,
    info: 'Rows matched: 1  Changed: 1  Warnings: 0',
    serverStatus: 2,
    warningStatus: 0,
    changedRows: 1
  },
  undefined
]
Daily MySQL backup scheduled at 10:30
✅ CryptoUtils loaded (COMPATIBLE VERSION)
Server running on port 9010
connected to the Local database
INPUT PASSWORD    : Admin@123
DECRYPTED PASSWORD: Admin@123
Found folders: [ 'SBU2WH_5', 'SBU2WH_6', 'SBU2WH_8' ]
Checking folder: SBU2WH_5, isDash1: false
Derived shipmentCode: SBU2WH_5
Shipment query result for code SBU2WH_5: [ { SHPH_ShipmentID: 7, SHPH_Status: 10 } ]
Checking folder: SBU2WH_6, isDash1: false
Derived shipmentCode: SBU2WH_6
Shipment query result for code SBU2WH_6: [ { SHPH_ShipmentID: 8, SHPH_Status: 10 } ]
Checking folder: SBU2WH_8, isDash1: false
Derived shipmentCode: SBU2WH_8
Shipment query result for code SBU2WH_8: [ { SHPH_ShipmentID: 10, SHPH_Status: 10 } ]
{ shipmentId: '11', newStatus: '6', userId: '2' }
Shipment Status :  [
  ResultSetHeader {
    fieldCount: 0,
    affectedRows: 1,
    insertId: 0,
    info: 'Rows matched: 1  Changed: 1  Warnings: 0',
    serverStatus: 2,
    warningStatus: 0,
    changedRows: 1
  },
  undefined
]
Stop :  {
  shipmentId: '11',
  shipmentCode: 'SBU2WH_9',
  shipmentData: [
    {
      SHPD_ShipmentMID: 18,
      SHPH_ShipmentID: 11,
      SHPH_ShipmentType: 'New Order',
      SHPH_Status: 2,
      SHPH_ShipmentCode: 'SBU2WH_9',
      ORDM_OrderNumber: 'ORD_SO_SB-U2_12',
      SCPM_ID: 2,
      SCPM_Code: 'OM-U2',
      SCPM_Name: 'OM MARKETING',
      SCPM_Caption: 'OM',
      LGCM_Name: 'SpeedExpress',
      LGCVM_VehicleNumber: 'GJ38TA8566',
      SHPD_ProductName: 'KEMCHHO JEERA PAPAD - 200',
      SHPD_ProductCode: 'KJP-001',
      PL_ProductId: 12,
      PM_PackSize: null,
      PM_GrossWeight: null,
      PM_MinOffset: null,
      PM_MaxOffset: null,
      SHPD_ShipQty: 1,
      BatchId: '96',
      Count: '1',
      LCM_LocationName: 'OM MARKETING',
      Address: 'Deepkala Avenue,, opposite Government Tubewell,, Ahmedabad, Gujarat, India, 380058',
      userId: '2',
      userName: 'WH'
    },
    {
      SHPD_ShipmentMID: 19,
      SHPH_ShipmentID: 11,
      SHPH_ShipmentType: 'New Order',
      SHPH_Status: 2,
      SHPH_ShipmentCode: 'SBU2WH_9',
      ORDM_OrderNumber: 'ORD_SO_SB-U2_12',
      SCPM_ID: 2,
      SCPM_Code: 'OM-U2',
      SCPM_Name: 'OM MARKETING',
      SCPM_Caption: 'OM',
      LGCM_Name: 'SpeedExpress',
      LGCVM_VehicleNumber: 'GJ38TA8566',
      SHPD_ProductName: 'KEMCHHO PLAIN UDAD PAPAD - 200',
      SHPD_ProductCode: 'KPUP-001',
      PL_ProductId: 13,
      PM_PackSize: null,
      PM_GrossWeight: null,
      PM_MinOffset: null,
      PM_MaxOffset: null,
      SHPD_ShipQty: 1,
      BatchId: '100',
      Count: '1',
      LCM_LocationName: 'OM MARKETING',
      Address: 'Deepkala Avenue,, opposite Government Tubewell,, Ahmedabad, Gujarat, India, 380058',
      userId: '2',
      userName: 'WH'
    },
    {
      SHPD_ShipmentMID: 20,
      SHPH_ShipmentID: 11,
      SHPH_ShipmentType: 'New Order',
      SHPH_Status: 2,
      SHPH_ShipmentCode: 'SBU2WH_9',
      ORDM_OrderNumber: 'ORD_SO_SB-U2_12',
      SCPM_ID: 2,
      SCPM_Code: 'OM-U2',
      SCPM_Name: 'OM MARKETING',
      SCPM_Caption: 'OM',
      LGCM_Name: 'SpeedExpress',
      LGCVM_VehicleNumber: 'GJ38TA8566',
      SHPD_ProductName: 'KEMCHHO SINGLE MARI PAPAD-200',
      SHPD_ProductCode: 'KSMP-200',
      PL_ProductId: 14,
      PM_PackSize: null,
      PM_GrossWeight: null,
      PM_MinOffset: null,
      PM_MaxOffset: null,
      SHPD_ShipQty: 1,
      BatchId: '98',
      Count: '1',
      LCM_LocationName: 'OM MARKETING',
      Address: 'Deepkala Avenue,, opposite Government Tubewell,, Ahmedabad, Gujarat, India, 380058',
      userId: '2',
      userName: 'WH'
    }
  ],
  userId: '2',
  FromSCPId: '3',
  CompanyID: '1'
}
{ shipmentId: '11', newStatus: '10', userId: '2' }
Shipment Status :  [
  ResultSetHeader {
    fieldCount: 0,
    affectedRows: 1,
    insertId: 0,
    info: 'Rows matched: 1  Changed: 1  Warnings: 0',
    serverStatus: 2,
    warningStatus: 0,
    changedRows: 1
  },
  undefined
]
{ shipmentId: '11', newStatus: '6', userId: '2' }
Shipment Status :  [
  ResultSetHeader {
    fieldCount: 0,
    affectedRows: 1,
    insertId: 0,
    info: 'Rows matched: 1  Changed: 1  Warnings: 0',
    serverStatus: 2,
    warningStatus: 0,
    changedRows: 1
  },
  undefined
]
Stop :  {
  shipmentId: '11',
  shipmentCode: 'SBU2WH_9',
  shipmentData: [
    {
      SHPD_ShipmentMID: 19,
      SHPH_ShipmentID: 11,
      SHPH_ShipmentType: 'New Order',
      SHPH_Status: 2,
      SHPH_ShipmentCode: 'SBU2WH_9',
      ORDM_OrderNumber: 'ORD_SO_SB-U2_12',
      SCPM_ID: 2,
      SCPM_Code: 'OM-U2',
      SCPM_Name: 'OM MARKETING',
      SCPM_Caption: 'OM',
      LGCM_Name: 'SpeedExpress',
      LGCVM_VehicleNumber: 'GJ38TA8566',
      SHPD_ProductName: 'KEMCHHO PLAIN UDAD PAPAD - 200',
      SHPD_ProductCode: 'KPUP-001',
      PL_ProductId: 13,
      PM_PackSize: null,
      PM_GrossWeight: null,
      PM_MinOffset: null,
      PM_MaxOffset: null,
      SHPD_ShipQty: 1,
      BatchId: '100',
      Count: '1',
      LCM_LocationName: 'OM MARKETING',
      Address: 'Deepkala Avenue,, opposite Government Tubewell,, Ahmedabad, Gujarat, India, 380058',
      userId: '2',
      userName: 'WH'
    },
    {
      SHPD_ShipmentMID: 20,
      SHPH_ShipmentID: 11,
      SHPH_ShipmentType: 'New Order',
      SHPH_Status: 2,
      SHPH_ShipmentCode: 'SBU2WH_9',
      ORDM_OrderNumber: 'ORD_SO_SB-U2_12',
      SCPM_ID: 2,
      SCPM_Code: 'OM-U2',
      SCPM_Name: 'OM MARKETING',
      SCPM_Caption: 'OM',
      LGCM_Name: 'SpeedExpress',
      LGCVM_VehicleNumber: 'GJ38TA8566',
      SHPD_ProductName: 'KEMCHHO SINGLE MARI PAPAD-200',
      SHPD_ProductCode: 'KSMP-200',
      PL_ProductId: 14,
      PM_PackSize: null,
      PM_GrossWeight: null,
      PM_MinOffset: null,
      PM_MaxOffset: null,
      SHPD_ShipQty: 1,
      BatchId: '98',
      Count: '1',
      LCM_LocationName: 'OM MARKETING',
      Address: 'Deepkala Avenue,, opposite Government Tubewell,, Ahmedabad, Gujarat, India, 380058',
      userId: '2',
      userName: 'WH'
    },
    {
      SHPD_ShipmentMID: 18,
      SHPH_ShipmentID: 11,
      SHPH_ShipmentType: 'New Order',
      SHPH_Status: 2,
      SHPH_ShipmentCode: 'SBU2WH_9',
      ORDM_OrderNumber: 'ORD_SO_SB-U2_12',
      SCPM_ID: 2,
      SCPM_Code: 'OM-U2',
      SCPM_Name: 'OM MARKETING',
      SCPM_Caption: 'OM',
      LGCM_Name: 'SpeedExpress',
      LGCVM_VehicleNumber: 'GJ38TA8566',
      SHPD_ProductName: 'KEMCHHO JEERA PAPAD - 200',
      SHPD_ProductCode: 'KJP-001',
      PL_ProductId: 12,
      PM_PackSize: null,
      PM_GrossWeight: null,
      PM_MinOffset: null,
      PM_MaxOffset: null,
      SHPD_ShipQty: 1,
      BatchId: '96',
      Count: '1',
      LCM_LocationName: 'OM MARKETING',
      Address: 'Deepkala Avenue,, opposite Government Tubewell,, Ahmedabad, Gujarat, India, 380058',
      userId: '2',
      userName: 'WH'
    }
  ],
  userId: '2',
  FromSCPId: '3',
  CompanyID: '1'
}
Stop existing :  []
Pass counts by MID: { '18': 1 }
Updating shipment master MID: 18 with count: 1
Before update - MID 18: ScanQty = null
Shipment master update result: ResultSetHeader {
  fieldCount: 0,
  affectedRows: 1,
  insertId: 0,
  info: 'Rows matched: 1  Changed: 1  Warnings: 0',
  serverStatus: 2,
  warningStatus: 0,
  changedRows: 1
}
After update - MID 18: ScanQty = 1
Updating inventory for product 12 with qty 1
Before inventory update - BlockQty: 3, Available: 5
Inventory update result: ResultSetHeader {
  fieldCount: 0,
  affectedRows: 1,
  insertId: 0,
  info: 'Rows matched: 1  Changed: 1  Warnings: 0',
  serverStatus: 2,
  warningStatus: 0,
  changedRows: 1
}
Checking importrsnshipment table structure...
importrsnshipment columns: [
  'IRS_ID',
  'IRS_ProductID',
  'IRS_ProductMID',
  'IRS_ShipmentID',
  'IRS_ShipmentType',
  'IRS_BatchID',
  'IRS_BatchMID',
  'IRS_RandomNo',
  'IRS_ParentRandomNo',
  'IRS_PackSize',
  'IRS_Status',
  'IRS_CreatedBy',
  'IRS_CreatedTimeStamp',
  'IRS_LastModifedBy',
  'IRS_LastModifiedTimeStamp',
  'IRS_PhysicalLocation',
  'IRS_LogicalLocation',
  'IRS_CompanyGrpID',
  'IRS_CompanyID',
  'IRS_ToSCP',
  'IRS_BatchWeight',
  'IRS_ShipmentWeight',
  'IRS_Remark',
  'IRS_SKU',
  'IRS_Boxno'
]
Updating importrsnshipment for IRS_ID: 101 with weight: 2.725
importrsnshipment update successful, affected rows: 1
Processing RSN history for IRS_ID: 101
Inserted RSN history ID: 16
{ shipmentId: '11', newStatus: '10', userId: '2' }
Shipment Status :  [
  ResultSetHeader {
    fieldCount: 0,
    affectedRows: 1,
    insertId: 0,
    info: 'Rows matched: 1  Changed: 1  Warnings: 0',
    serverStatus: 2,
    warningStatus: 0,
    changedRows: 1
  },
  undefined
]
{ shipmentId: '12', newStatus: '6', userId: '2' }
Shipment Status :  [
  ResultSetHeader {
    fieldCount: 0,
    affectedRows: 1,
    insertId: 0,
    info: 'Rows matched: 1  Changed: 1  Warnings: 0',
    serverStatus: 2,
    warningStatus: 0,
    changedRows: 1
  },
  undefined
]
INPUT PASSWORD    : Admin@123
DECRYPTED PASSWORD: Admin@123
Found folders: [ 'SBU2WH_10-1', 'SBU2WH_5', 'SBU2WH_6', 'SBU2WH_8', 'SBU2WH_9' ]
Checking folder: SBU2WH_10-1, isDash1: true
Derived shipmentCode: SBU2WH_10
Shipment query result for code SBU2WH_10: [ { SHPH_ShipmentID: 12, SHPH_Status: 6 } ]
Resumable shipment found (dash-1): { SHPH_ShipmentID: 12, SHPH_Status: 6 }
INPUT PASSWORD    : Admin@123
DECRYPTED PASSWORD: Admin@123
Found folders: [ 'SBU2WH_10-1', 'SBU2WH_5', 'SBU2WH_6', 'SBU2WH_8', 'SBU2WH_9' ]
Checking folder: SBU2WH_10-1, isDash1: true
Derived shipmentCode: SBU2WH_10
Shipment query result for code SBU2WH_10: [ { SHPH_ShipmentID: 12, SHPH_Status: 6 } ]
Resumable shipment found (dash-1): { SHPH_ShipmentID: 12, SHPH_Status: 6 }
Stop :  {
  shipmentId: '12',
  shipmentCode: 'SBU2WH_10',
  shipmentData: [
    {
      SHPD_ShipmentMID: 24,
      SHPH_ShipmentID: 12,
      SHPH_ShipmentType: 'New Order',
      SHPH_Status: 6,
      SHPH_ShipmentCode: 'SBU2WH_10',
      ORDM_OrderNumber: 'ORD_SO_SB-U2_13',
      SCPM_ID: 1,
      SCPM_Code: 'BFFO-U2',
      SCPM_Name: 'BHAGWATI FLOUR and FOODS OUTLET',
      SCPM_Caption: 'BHAGWATI OUTLET',
      LGCM_Name: 'SpeedExpress',
      LGCVM_VehicleNumber: 'GJ38TA8566',
      SHPD_ProductName: 'KEMCHHO JEERA PAPAD - 200',
      SHPD_ProductCode: 'KJP-001',
      PL_ProductId: 12,
      PM_PackSize: null,
      PM_GrossWeight: null,
      PM_MinOffset: null,
      PM_MaxOffset: null,
      SHPD_ShipQty: 2,
      BatchId: '96',
      Count: '2',
      LCM_LocationName: 'BHAGWATI FLOUR and FOODS OUTLET',
      Address: 'Sarkhej- Bavla Highway,, Moraiya (Changodar), Ahmedabad, Gujarat, India, 382 213',
      userId: '2',
      userName: 'WH'
    },
    {
      SHPD_ShipmentMID: 25,
      SHPH_ShipmentID: 12,
      SHPH_ShipmentType: 'New Order',
      SHPH_Status: 6,
      SHPH_ShipmentCode: 'SBU2WH_10',
      ORDM_OrderNumber: 'ORD_SO_SB-U2_13',
      SCPM_ID: 1,
      SCPM_Code: 'BFFO-U2',
      SCPM_Name: 'BHAGWATI FLOUR and FOODS OUTLET',
      SCPM_Caption: 'BHAGWATI OUTLET',
      LGCM_Name: 'SpeedExpress',
      LGCVM_VehicleNumber: 'GJ38TA8566',
      SHPD_ProductName: 'KEMCHHO PLAIN UDAD PAPAD - 200',
      SHPD_ProductCode: 'KPUP-001',
      PL_ProductId: 13,
      PM_PackSize: null,
      PM_GrossWeight: null,
      PM_MinOffset: null,
      PM_MaxOffset: null,
      SHPD_ShipQty: 1,
      BatchId: '100',
      Count: '1',
      LCM_LocationName: 'BHAGWATI FLOUR and FOODS OUTLET',
      Address: 'Sarkhej- Bavla Highway,, Moraiya (Changodar), Ahmedabad, Gujarat, India, 382 213',
      userId: '2',
      userName: 'WH'
    },
    {
      SHPD_ShipmentMID: 26,
      SHPH_ShipmentID: 12,
      SHPH_ShipmentType: 'New Order',
      SHPH_Status: 6,
      SHPH_ShipmentCode: 'SBU2WH_10',
      ORDM_OrderNumber: 'ORD_SO_SB-U2_13',
      SCPM_ID: 1,
      SCPM_Code: 'BFFO-U2',
      SCPM_Name: 'BHAGWATI FLOUR and FOODS OUTLET',
      SCPM_Caption: 'BHAGWATI OUTLET',
      LGCM_Name: 'SpeedExpress',
      LGCVM_VehicleNumber: 'GJ38TA8566',
      SHPD_ProductName: 'KEMCHHO SINGLE MARI PAPAD-200',
      SHPD_ProductCode: 'KSMP-200',
      PL_ProductId: 14,
      PM_PackSize: null,
      PM_GrossWeight: null,
      PM_MinOffset: null,
      PM_MaxOffset: null,
      SHPD_ShipQty: 1,
      BatchId: '98',
      Count: '1',
      LCM_LocationName: 'BHAGWATI FLOUR and FOODS OUTLET',
      Address: 'Sarkhej- Bavla Highway,, Moraiya (Changodar), Ahmedabad, Gujarat, India, 382 213',
      userId: '2',
      userName: 'WH'
    },
    {
      SHPD_ShipmentMID: 27,
      SHPH_ShipmentID: 12,
      SHPH_ShipmentType: 'New Order',
      SHPH_Status: 6,
      SHPH_ShipmentCode: 'SBU2WH_10',
      ORDM_OrderNumber: 'ORD_SO_SB-U2_14',
      SCPM_ID: 2,
      SCPM_Code: 'OM-U2',
      SCPM_Name: 'OM MARKETING',
      SCPM_Caption: 'OM',
      LGCM_Name: 'SpeedExpress',
      LGCVM_VehicleNumber: 'GJ38TA8566',
      SHPD_ProductName: 'KEMCHHO SINGLE MARI PAPAD-200',
      SHPD_ProductCode: 'KSMP-200',
      PL_ProductId: 14,
      PM_PackSize: null,
      PM_GrossWeight: null,
      PM_MinOffset: null,
      PM_MaxOffset: null,
      SHPD_ShipQty: 1,
      BatchId: '99',
      Count: '1',
      LCM_LocationName: 'OM MARKETING',
      Address: 'Deepkala Avenue,, opposite Government Tubewell,, Ahmedabad, Gujarat, India, 380058',
      userId: '2',
      userName: 'WH'
    }
  ],
  userId: '2',
  FromSCPId: '3',
  CompanyID: '1'
}
Stop existing :  []
Pass counts by MID: { '26': 2, '27': 1 }
Updating shipment master MID: 26 with count: 2
Before update - MID 26: ScanQty = null
Shipment master update result: ResultSetHeader {
  fieldCount: 0,
  affectedRows: 1,
  insertId: 0,
  info: 'Rows matched: 1  Changed: 1  Warnings: 0',
  serverStatus: 2,
  warningStatus: 0,
  changedRows: 1
}
After update - MID 26: ScanQty = 2
Updating shipment master MID: 27 with count: 1
Before update - MID 27: ScanQty = null
Shipment master update result: ResultSetHeader {
  fieldCount: 0,
  affectedRows: 1,
  insertId: 0,
  info: 'Rows matched: 1  Changed: 1  Warnings: 0',
  serverStatus: 2,
  warningStatus: 0,
  changedRows: 1
}
After update - MID 27: ScanQty = 1
Updating inventory for product 13 with qty 1
Before inventory update - BlockQty: 2, Available: 2
Inventory update result: ResultSetHeader {
  fieldCount: 0,
  affectedRows: 1,
  insertId: 0,
  info: 'Rows matched: 1  Changed: 1  Warnings: 0',
  serverStatus: 2,
  warningStatus: 0,
  changedRows: 1
}
Updating inventory for product 14 with qty 2
Before inventory update - BlockQty: 3, Available: 4
Inventory update result: ResultSetHeader {
  fieldCount: 0,
  affectedRows: 1,
  insertId: 0,
  info: 'Rows matched: 1  Changed: 1  Warnings: 0',
  serverStatus: 2,
  warningStatus: 0,
  changedRows: 1
}
Checking importrsnshipment table structure...
importrsnshipment columns: [
  'IRS_ID',
  'IRS_ProductID',
  'IRS_ProductMID',
  'IRS_ShipmentID',
  'IRS_ShipmentType',
  'IRS_BatchID',
  'IRS_BatchMID',
  'IRS_RandomNo',
  'IRS_ParentRandomNo',
  'IRS_PackSize',
  'IRS_Status',
  'IRS_CreatedBy',
  'IRS_CreatedTimeStamp',
  'IRS_LastModifedBy',
  'IRS_LastModifiedTimeStamp',
  'IRS_PhysicalLocation',
  'IRS_LogicalLocation',
  'IRS_CompanyGrpID',
  'IRS_CompanyID',
  'IRS_ToSCP',
  'IRS_BatchWeight',
  'IRS_ShipmentWeight',
  'IRS_Remark',
  'IRS_SKU',
  'IRS_Boxno'
]
Updating importrsnshipment for IRS_ID: 106 with weight: 2.74
importrsnshipment update successful, affected rows: 1
Updating importrsnshipment for IRS_ID: 107 with weight: 2.7
importrsnshipment update successful, affected rows: 1
Updating importrsnshipment for IRS_ID: 105 with weight: 2.76
importrsnshipment update successful, affected rows: 1
Processing RSN history for IRS_ID: 106
Inserted RSN history ID: 17
Processing RSN history for IRS_ID: 107
Inserted RSN history ID: 18
Processing RSN history for IRS_ID: 105
Inserted RSN history ID: 19
{ shipmentId: '12', newStatus: '10', userId: '2' }
Shipment Status :  [
  ResultSetHeader {
    fieldCount: 0,
    affectedRows: 1,
    insertId: 0,
    info: 'Rows matched: 1  Changed: 1  Warnings: 0',
    serverStatus: 2,
    warningStatus: 0,
    changedRows: 1
  },
  undefined
]
INPUT PASSWORD    : Admin@123
DECRYPTED PASSWORD: Admin@123
Found folders: [ 'SBU2WH_10', 'SBU2WH_5', 'SBU2WH_6', 'SBU2WH_8', 'SBU2WH_9' ]
Checking folder: SBU2WH_10, isDash1: false
Derived shipmentCode: SBU2WH_10
Shipment query result for code SBU2WH_10: [ { SHPH_ShipmentID: 12, SHPH_Status: 10 } ]
Checking folder: SBU2WH_5, isDash1: false
Derived shipmentCode: SBU2WH_5
Shipment query result for code SBU2WH_5: [ { SHPH_ShipmentID: 7, SHPH_Status: 10 } ]
Checking folder: SBU2WH_6, isDash1: false
Derived shipmentCode: SBU2WH_6
Shipment query result for code SBU2WH_6: [ { SHPH_ShipmentID: 8, SHPH_Status: 10 } ]
Checking folder: SBU2WH_8, isDash1: false
Derived shipmentCode: SBU2WH_8
Shipment query result for code SBU2WH_8: [ { SHPH_ShipmentID: 10, SHPH_Status: 10 } ]
Checking folder: SBU2WH_9, isDash1: false
Derived shipmentCode: SBU2WH_9
Shipment query result for code SBU2WH_9: [ { SHPH_ShipmentID: 11, SHPH_Status: 10 } ]
INPUT PASSWORD    : Admin@123
DECRYPTED PASSWORD: Admin@123
Found folders: [ 'SBU2WH_10', 'SBU2WH_5', 'SBU2WH_6', 'SBU2WH_8', 'SBU2WH_9' ]
Checking folder: SBU2WH_10, isDash1: false
Derived shipmentCode: SBU2WH_10
Shipment query result for code SBU2WH_10: [ { SHPH_ShipmentID: 12, SHPH_Status: 10 } ]
Checking folder: SBU2WH_5, isDash1: false
Derived shipmentCode: SBU2WH_5
Shipment query result for code SBU2WH_5: [ { SHPH_ShipmentID: 7, SHPH_Status: 10 } ]
Checking folder: SBU2WH_6, isDash1: false
Derived shipmentCode: SBU2WH_6
Shipment query result for code SBU2WH_6: [ { SHPH_ShipmentID: 8, SHPH_Status: 10 } ]
Checking folder: SBU2WH_8, isDash1: false
Derived shipmentCode: SBU2WH_8
Shipment query result for code SBU2WH_8: [ { SHPH_ShipmentID: 10, SHPH_Status: 10 } ]
Checking folder: SBU2WH_9, isDash1: false
Derived shipmentCode: SBU2WH_9
Shipment query result for code SBU2WH_9: [ { SHPH_ShipmentID: 11, SHPH_Status: 10 } ]
{ shipmentId: '11', newStatus: '6', userId: '2' }
Shipment Status :  [
  ResultSetHeader {
    fieldCount: 0,
    affectedRows: 1,
    insertId: 0,
    info: 'Rows matched: 1  Changed: 1  Warnings: 0',
    serverStatus: 2,
    warningStatus: 0,
    changedRows: 1
  },
  undefined
]
Stop :  {
  shipmentId: '11',
  shipmentCode: 'SBU2WH_9',
  shipmentData: [
    {
      SHPD_ShipmentMID: 19,
      SHPH_ShipmentID: 11,
      SHPH_ShipmentType: 'New Order',
      SHPH_Status: 10,
      SHPH_ShipmentCode: 'SBU2WH_9',
      ORDM_OrderNumber: 'ORD_SO_SB-U2_12',
      SCPM_ID: 2,
      SCPM_Code: 'OM-U2',
      SCPM_Name: 'OM MARKETING',
      SCPM_Caption: 'OM',
      LGCM_Name: 'SpeedExpress',
      LGCVM_VehicleNumber: 'GJ38TA8566',
      SHPD_ProductName: 'KEMCHHO PLAIN UDAD PAPAD - 200',
      SHPD_ProductCode: 'KPUP-001',
      PL_ProductId: 13,
      PM_PackSize: null,
      PM_GrossWeight: null,
      PM_MinOffset: null,
      PM_MaxOffset: null,
      SHPD_ShipQty: 1,
      BatchId: '100',
      Count: '1',
      LCM_LocationName: 'OM MARKETING',
      Address: 'Deepkala Avenue,, opposite Government Tubewell,, Ahmedabad, Gujarat, India, 380058',
      userId: '2',
      userName: 'WH'
    },
    {
      SHPD_ShipmentMID: 20,
      SHPH_ShipmentID: 11,
      SHPH_ShipmentType: 'New Order',
      SHPH_Status: 10,
      SHPH_ShipmentCode: 'SBU2WH_9',
      ORDM_OrderNumber: 'ORD_SO_SB-U2_12',
      SCPM_ID: 2,
      SCPM_Code: 'OM-U2',
      SCPM_Name: 'OM MARKETING',
      SCPM_Caption: 'OM',
      LGCM_Name: 'SpeedExpress',
      LGCVM_VehicleNumber: 'GJ38TA8566',
      SHPD_ProductName: 'KEMCHHO SINGLE MARI PAPAD-200',
      SHPD_ProductCode: 'KSMP-200',
      PL_ProductId: 14,
      PM_PackSize: null,
      PM_GrossWeight: null,
      PM_MinOffset: null,
      PM_MaxOffset: null,
      SHPD_ShipQty: 1,
      BatchId: '98',
      Count: '1',
      LCM_LocationName: 'OM MARKETING',
      Address: 'Deepkala Avenue,, opposite Government Tubewell,, Ahmedabad, Gujarat, India, 380058',
      userId: '2',
      userName: 'WH'
    },
    {
      SHPD_ShipmentMID: 18,
      SHPH_ShipmentID: 11,
      SHPH_ShipmentType: 'New Order',
      SHPH_Status: 10,
      SHPH_ShipmentCode: 'SBU2WH_9',
      ORDM_OrderNumber: 'ORD_SO_SB-U2_12',
      SCPM_ID: 2,
      SCPM_Code: 'OM-U2',
      SCPM_Name: 'OM MARKETING',
      SCPM_Caption: 'OM',
      LGCM_Name: 'SpeedExpress',
      LGCVM_VehicleNumber: 'GJ38TA8566',
      SHPD_ProductName: 'KEMCHHO JEERA PAPAD - 200',
      SHPD_ProductCode: 'KJP-001',
      PL_ProductId: 12,
      PM_PackSize: null,
      PM_GrossWeight: null,
      PM_MinOffset: null,
      PM_MaxOffset: null,
      SHPD_ShipQty: 1,
      BatchId: '96',
      Count: '1',
      LCM_LocationName: 'OM MARKETING',
      Address: 'Deepkala Avenue,, opposite Government Tubewell,, Ahmedabad, Gujarat, India, 380058',
      userId: '2',
      userName: 'WH'
    }
  ],
  userId: '2',
  FromSCPId: '3',
  CompanyID: '1'
}
Stop existing :  [ { IRS_ID: 101 } ]
{ shipmentId: '11', newStatus: '10', userId: '2' }
Shipment Status :  [
  ResultSetHeader {
    fieldCount: 0,
    affectedRows: 1,
    insertId: 0,
    info: 'Rows matched: 1  Changed: 1  Warnings: 0',
    serverStatus: 2,
    warningStatus: 0,
    changedRows: 1
  },
  undefined
]
{ shipmentId: '11', newStatus: '6', userId: '2' }
Shipment Status :  [
  ResultSetHeader {
    fieldCount: 0,
    affectedRows: 1,
    insertId: 0,
    info: 'Rows matched: 1  Changed: 1  Warnings: 0',
    serverStatus: 2,
    warningStatus: 0,
    changedRows: 1
  },
  undefined
]
Stop :  {
  shipmentId: '11',
  shipmentCode: 'SBU2WH_9',
  shipmentData: [
    {
      SHPD_ShipmentMID: 20,
      SHPH_ShipmentID: 11,
      SHPH_ShipmentType: 'New Order',
      SHPH_Status: 6,
      SHPH_ShipmentCode: 'SBU2WH_9',
      ORDM_OrderNumber: 'ORD_SO_SB-U2_12',
      SCPM_ID: 2,
      SCPM_Code: 'OM-U2',
      SCPM_Name: 'OM MARKETING',
      SCPM_Caption: 'OM',
      LGCM_Name: 'SpeedExpress',
      LGCVM_VehicleNumber: 'GJ38TA8566',
      SHPD_ProductName: 'KEMCHHO SINGLE MARI PAPAD-200',
      SHPD_ProductCode: 'KSMP-200',
      PL_ProductId: 14,
      PM_PackSize: null,
      PM_GrossWeight: null,
      PM_MinOffset: null,
      PM_MaxOffset: null,
      SHPD_ShipQty: 1,
      BatchId: '98',
      Count: '1',
      LCM_LocationName: 'OM MARKETING',
      Address: 'Deepkala Avenue,, opposite Government Tubewell,, Ahmedabad, Gujarat, India, 380058',
      userId: '2',
      userName: 'WH'
    },
    {
      SHPD_ShipmentMID: 18,
      SHPH_ShipmentID: 11,
      SHPH_ShipmentType: 'New Order',
      SHPH_Status: 6,
      SHPH_ShipmentCode: 'SBU2WH_9',
      ORDM_OrderNumber: 'ORD_SO_SB-U2_12',
      SCPM_ID: 2,
      SCPM_Code: 'OM-U2',
      SCPM_Name: 'OM MARKETING',
      SCPM_Caption: 'OM',
      LGCM_Name: 'SpeedExpress',
      LGCVM_VehicleNumber: 'GJ38TA8566',
      SHPD_ProductName: 'KEMCHHO JEERA PAPAD - 200',
      SHPD_ProductCode: 'KJP-001',
      PL_ProductId: 12,
      PM_PackSize: null,
      PM_GrossWeight: null,
      PM_MinOffset: null,
      PM_MaxOffset: null,
      SHPD_ShipQty: 1,
      BatchId: '96',
      Count: '1',
      LCM_LocationName: 'OM MARKETING',
      Address: 'Deepkala Avenue,, opposite Government Tubewell,, Ahmedabad, Gujarat, India, 380058',
      userId: '2',
      userName: 'WH'
    },
    {
      SHPD_ShipmentMID: 19,
      SHPH_ShipmentID: 11,
      SHPH_ShipmentType: 'New Order',
      SHPH_Status: 6,
      SHPH_ShipmentCode: 'SBU2WH_9',
      ORDM_OrderNumber: 'ORD_SO_SB-U2_12',
      SCPM_ID: 2,
      SCPM_Code: 'OM-U2',
      SCPM_Name: 'OM MARKETING',
      SCPM_Caption: 'OM',
      LGCM_Name: 'SpeedExpress',
      LGCVM_VehicleNumber: 'GJ38TA8566',
      SHPD_ProductName: 'KEMCHHO PLAIN UDAD PAPAD - 200',
      SHPD_ProductCode: 'KPUP-001',
      PL_ProductId: 13,
      PM_PackSize: null,
      PM_GrossWeight: null,
      PM_MinOffset: null,
      PM_MaxOffset: null,
      SHPD_ShipQty: 1,
      BatchId: '100',
      Count: '1',
      LCM_LocationName: 'OM MARKETING',
      Address: 'Deepkala Avenue,, opposite Government Tubewell,, Ahmedabad, Gujarat, India, 380058',
      userId: '2',
      userName: 'WH'
    }
  ],
  userId: '2',
  FromSCPId: '3',
  CompanyID: '1'
}
Stop existing :  [ { IRS_ID: 101 } ]
Pass counts by MID: { '19': 2 }
Updating shipment master MID: 19 with count: 2
Before update - MID 19: ScanQty = null
Shipment master update result: ResultSetHeader {
  fieldCount: 0,
  affectedRows: 1,
  insertId: 0,
  info: 'Rows matched: 1  Changed: 1  Warnings: 0',
  serverStatus: 2,
  warningStatus: 0,
  changedRows: 1
}
After update - MID 19: ScanQty = 2
Updating inventory for product 13 with qty 1
Before inventory update - BlockQty: 1, Available: 1
Inventory update result: ResultSetHeader {
  fieldCount: 0,
  affectedRows: 1,
  insertId: 0,
  info: 'Rows matched: 1  Changed: 1  Warnings: 0',
  serverStatus: 2,
  warningStatus: 0,
  changedRows: 1
}
Updating inventory for product 14 with qty 1
Before inventory update - BlockQty: 1, Available: 2
Inventory update result: ResultSetHeader {
  fieldCount: 0,
  affectedRows: 1,
  insertId: 0,
  info: 'Rows matched: 1  Changed: 1  Warnings: 0',
  serverStatus: 2,
  warningStatus: 0,
  changedRows: 1
}
Checking importrsnshipment table structure...
importrsnshipment columns: [
  'IRS_ID',
  'IRS_ProductID',
  'IRS_ProductMID',
  'IRS_ShipmentID',
  'IRS_ShipmentType',
  'IRS_BatchID',
  'IRS_BatchMID',
  'IRS_RandomNo',
  'IRS_ParentRandomNo',
  'IRS_PackSize',
  'IRS_Status',
  'IRS_CreatedBy',
  'IRS_CreatedTimeStamp',
  'IRS_LastModifedBy',
  'IRS_LastModifiedTimeStamp',
  'IRS_PhysicalLocation',
  'IRS_LogicalLocation',
  'IRS_CompanyGrpID',
  'IRS_CompanyID',
  'IRS_ToSCP',
  'IRS_BatchWeight',
  'IRS_ShipmentWeight',
  'IRS_Remark',
  'IRS_SKU',
  'IRS_Boxno'
]
Updating importrsnshipment for IRS_ID: 108 with weight: 2.71
importrsnshipment update successful, affected rows: 1
Updating importrsnshipment for IRS_ID: 104 with weight: 2.735
importrsnshipment update successful, affected rows: 1
Processing RSN history for IRS_ID: 108
Inserted RSN history ID: 20
Processing RSN history for IRS_ID: 104
Inserted RSN history ID: 21
{ shipmentId: '11', newStatus: '8', userId: '2' }
Shipment Status :  [
  ResultSetHeader {
    fieldCount: 0,
    affectedRows: 1,
    insertId: 0,
    info: 'Rows matched: 1  Changed: 1  Warnings: 0',
    serverStatus: 2,
    warningStatus: 0,
    changedRows: 1
  },
  undefined
]
Inserting dispatch audit row with values: [
  '11',
  0,
  12,
  'OM-U2',
  0,
  0,
  '0101012L2GYWEC',
  4,
  8,
  '2026-02-26 15:38:19'
]
Inserting dispatch audit row with values: [
  '11',
  498,
  12,
  'OM-U2',
  2700,
  2725,
  '0101012L2GYWEC',
  22,
  2,
  '2026-02-26 15:39:15'
]
Inserting dispatch audit row with values: [
  '11',
  501,
  13,
  'OM-U2',
  2700,
  2710,
  '0101013OPRFNP5',
  22,
  11,
  '2026-02-26 15:52:15'
]
Inserting dispatch audit row with values: [
  '11',
  0,
  13,
  'OM-U2',
  0,
  0,
  '0101014KTLJ7JR',
  4,
  6,
  '2026-02-26 15:52:59'
]
Inserting dispatch audit row with values: [
  '11',
  501,
  14,
  'OM-U2',
  2700,
  2735,
  '0101014XP9L9KV',
  22,
  1,
  '2026-02-26 15:53:30'
]
Successfully deleted folder: /home/smart/Dispatch/ProcessFiles/SBU2WH_9
{ shipmentId: '12', newStatus: '6', userId: '2' }
Shipment Status :  [
  ResultSetHeader {
    fieldCount: 0,
    affectedRows: 1,
    insertId: 0,
    info: 'Rows matched: 1  Changed: 1  Warnings: 0',
    serverStatus: 2,
    warningStatus: 0,
    changedRows: 1
  },
  undefined
]
Stop :  {
  shipmentId: '12',
  shipmentCode: 'SBU2WH_10',
  shipmentData: [
    {
      SHPD_ShipmentMID: 24,
      SHPH_ShipmentID: 12,
      SHPH_ShipmentType: 'New Order',
      SHPH_Status: 10,
      SHPH_ShipmentCode: 'SBU2WH_10',
      ORDM_OrderNumber: 'ORD_SO_SB-U2_13',
      SCPM_ID: 1,
      SCPM_Code: 'BFFO-U2',
      SCPM_Name: 'BHAGWATI FLOUR and FOODS OUTLET',
      SCPM_Caption: 'BHAGWATI OUTLET',
      LGCM_Name: 'SpeedExpress',
      LGCVM_VehicleNumber: 'GJ38TA8566',
      SHPD_ProductName: 'KEMCHHO JEERA PAPAD - 200',
      SHPD_ProductCode: 'KJP-001',
      PL_ProductId: 12,
      PM_PackSize: null,
      PM_GrossWeight: null,
      PM_MinOffset: null,
      PM_MaxOffset: null,
      SHPD_ShipQty: 2,
      BatchId: '96',
      Count: '2',
      LCM_LocationName: 'BHAGWATI FLOUR and FOODS OUTLET',
      Address: 'Sarkhej- Bavla Highway,, Moraiya (Changodar), Ahmedabad, Gujarat, India, 382 213',
      userId: '2',
      userName: 'WH'
    },
    {
      SHPD_ShipmentMID: 25,
      SHPH_ShipmentID: 12,
      SHPH_ShipmentType: 'New Order',
      SHPH_Status: 10,
      SHPH_ShipmentCode: 'SBU2WH_10',
      ORDM_OrderNumber: 'ORD_SO_SB-U2_13',
      SCPM_ID: 1,
      SCPM_Code: 'BFFO-U2',
      SCPM_Name: 'BHAGWATI FLOUR and FOODS OUTLET',
      SCPM_Caption: 'BHAGWATI OUTLET',
      LGCM_Name: 'SpeedExpress',
      LGCVM_VehicleNumber: 'GJ38TA8566',
      SHPD_ProductName: 'KEMCHHO PLAIN UDAD PAPAD - 200',
      SHPD_ProductCode: 'KPUP-001',
      PL_ProductId: 13,
      PM_PackSize: null,
      PM_GrossWeight: null,
      PM_MinOffset: null,
      PM_MaxOffset: null,
      SHPD_ShipQty: 1,
      BatchId: '100',
      Count: '1',
      LCM_LocationName: 'BHAGWATI FLOUR and FOODS OUTLET',
      Address: 'Sarkhej- Bavla Highway,, Moraiya (Changodar), Ahmedabad, Gujarat, India, 382 213',
      userId: '2',
      userName: 'WH'
    },
    {
      SHPD_ShipmentMID: 26,
      SHPH_ShipmentID: 12,
      SHPH_ShipmentType: 'New Order',
      SHPH_Status: 10,
      SHPH_ShipmentCode: 'SBU2WH_10',
      ORDM_OrderNumber: 'ORD_SO_SB-U2_13',
      SCPM_ID: 1,
      SCPM_Code: 'BFFO-U2',
      SCPM_Name: 'BHAGWATI FLOUR and FOODS OUTLET',
      SCPM_Caption: 'BHAGWATI OUTLET',
      LGCM_Name: 'SpeedExpress',
      LGCVM_VehicleNumber: 'GJ38TA8566',
      SHPD_ProductName: 'KEMCHHO SINGLE MARI PAPAD-200',
      SHPD_ProductCode: 'KSMP-200',
      PL_ProductId: 14,
      PM_PackSize: null,
      PM_GrossWeight: null,
      PM_MinOffset: null,
      PM_MaxOffset: null,
      SHPD_ShipQty: 1,
      BatchId: '98',
      Count: '1',
      LCM_LocationName: 'BHAGWATI FLOUR and FOODS OUTLET',
      Address: 'Sarkhej- Bavla Highway,, Moraiya (Changodar), Ahmedabad, Gujarat, India, 382 213',
      userId: '2',
      userName: 'WH'
    },
    {
      SHPD_ShipmentMID: 27,
      SHPH_ShipmentID: 12,
      SHPH_ShipmentType: 'New Order',
      SHPH_Status: 10,
      SHPH_ShipmentCode: 'SBU2WH_10',
      ORDM_OrderNumber: 'ORD_SO_SB-U2_14',
      SCPM_ID: 2,
      SCPM_Code: 'OM-U2',
      SCPM_Name: 'OM MARKETING',
      SCPM_Caption: 'OM',
      LGCM_Name: 'SpeedExpress',
      LGCVM_VehicleNumber: 'GJ38TA8566',
      SHPD_ProductName: 'KEMCHHO SINGLE MARI PAPAD-200',
      SHPD_ProductCode: 'KSMP-200',
      PL_ProductId: 14,
      PM_PackSize: null,
      PM_GrossWeight: null,
      PM_MinOffset: null,
      PM_MaxOffset: null,
      SHPD_ShipQty: 1,
      BatchId: '99',
      Count: '1',
      LCM_LocationName: 'OM MARKETING',
      Address: 'Deepkala Avenue,, opposite Government Tubewell,, Ahmedabad, Gujarat, India, 380058',
      userId: '2',
      userName: 'WH'
    }
  ],
  userId: '2',
  FromSCPId: '3',
  CompanyID: '1'
}
Stop existing :  [ { IRS_ID: 105 }, { IRS_ID: 106 }, { IRS_ID: 107 } ]
{ shipmentId: '12', newStatus: '10', userId: '2' }
Shipment Status :  [
  ResultSetHeader {
    fieldCount: 0,
    affectedRows: 1,
    insertId: 0,
    info: 'Rows matched: 1  Changed: 1  Warnings: 0',
    serverStatus: 2,
    warningStatus: 0,
    changedRows: 1
  },
  undefined
]
{ shipmentId: '12', newStatus: '6', userId: '2' }
Shipment Status :  [
  ResultSetHeader {
    fieldCount: 0,
    affectedRows: 1,
    insertId: 0,
    info: 'Rows matched: 1  Changed: 1  Warnings: 0',
    serverStatus: 2,
    warningStatus: 0,
    changedRows: 1
  },
  undefined
]
Stop :  {
  shipmentId: '12',
  shipmentCode: 'SBU2WH_10',
  shipmentData: [
    {
      SHPD_ShipmentMID: 24,
      SHPH_ShipmentID: 12,
      SHPH_ShipmentType: 'New Order',
      SHPH_Status: 10,
      SHPH_ShipmentCode: 'SBU2WH_10',
      ORDM_OrderNumber: 'ORD_SO_SB-U2_13',
      SCPM_ID: 1,
      SCPM_Code: 'BFFO-U2',
      SCPM_Name: 'BHAGWATI FLOUR and FOODS OUTLET',
      SCPM_Caption: 'BHAGWATI OUTLET',
      LGCM_Name: 'SpeedExpress',
      LGCVM_VehicleNumber: 'GJ38TA8566',
      SHPD_ProductName: 'KEMCHHO JEERA PAPAD - 200',
      SHPD_ProductCode: 'KJP-001',
      PL_ProductId: 12,
      PM_PackSize: null,
      PM_GrossWeight: null,
      PM_MinOffset: null,
      PM_MaxOffset: null,
      SHPD_ShipQty: 2,
      BatchId: '96',
      Count: '2',
      LCM_LocationName: 'BHAGWATI FLOUR and FOODS OUTLET',
      Address: 'Sarkhej- Bavla Highway,, Moraiya (Changodar), Ahmedabad, Gujarat, India, 382 213',
      userId: '2',
      userName: 'WH'
    },
    {
      SHPD_ShipmentMID: 25,
      SHPH_ShipmentID: 12,
      SHPH_ShipmentType: 'New Order',
      SHPH_Status: 10,
      SHPH_ShipmentCode: 'SBU2WH_10',
      ORDM_OrderNumber: 'ORD_SO_SB-U2_13',
      SCPM_ID: 1,
      SCPM_Code: 'BFFO-U2',
      SCPM_Name: 'BHAGWATI FLOUR and FOODS OUTLET',
      SCPM_Caption: 'BHAGWATI OUTLET',
      LGCM_Name: 'SpeedExpress',
      LGCVM_VehicleNumber: 'GJ38TA8566',
      SHPD_ProductName: 'KEMCHHO PLAIN UDAD PAPAD - 200',
      SHPD_ProductCode: 'KPUP-001',
      PL_ProductId: 13,
      PM_PackSize: null,
      PM_GrossWeight: null,
      PM_MinOffset: null,
      PM_MaxOffset: null,
      SHPD_ShipQty: 1,
      BatchId: '100',
      Count: '1',
      LCM_LocationName: 'BHAGWATI FLOUR and FOODS OUTLET',
      Address: 'Sarkhej- Bavla Highway,, Moraiya (Changodar), Ahmedabad, Gujarat, India, 382 213',
      userId: '2',
      userName: 'WH'
    },
    {
      SHPD_ShipmentMID: 26,
      SHPH_ShipmentID: 12,
      SHPH_ShipmentType: 'New Order',
      SHPH_Status: 10,
      SHPH_ShipmentCode: 'SBU2WH_10',
      ORDM_OrderNumber: 'ORD_SO_SB-U2_13',
      SCPM_ID: 1,
      SCPM_Code: 'BFFO-U2',
      SCPM_Name: 'BHAGWATI FLOUR and FOODS OUTLET',
      SCPM_Caption: 'BHAGWATI OUTLET',
      LGCM_Name: 'SpeedExpress',
      LGCVM_VehicleNumber: 'GJ38TA8566',
      SHPD_ProductName: 'KEMCHHO SINGLE MARI PAPAD-200',
      SHPD_ProductCode: 'KSMP-200',
      PL_ProductId: 14,
      PM_PackSize: null,
      PM_GrossWeight: null,
      PM_MinOffset: null,
      PM_MaxOffset: null,
      SHPD_ShipQty: 1,
      BatchId: '98',
      Count: '1',
      LCM_LocationName: 'BHAGWATI FLOUR and FOODS OUTLET',
      Address: 'Sarkhej- Bavla Highway,, Moraiya (Changodar), Ahmedabad, Gujarat, India, 382 213',
      userId: '2',
      userName: 'WH'
    },
    {
      SHPD_ShipmentMID: 27,
      SHPH_ShipmentID: 12,
      SHPH_ShipmentType: 'New Order',
      SHPH_Status: 10,
      SHPH_ShipmentCode: 'SBU2WH_10',
      ORDM_OrderNumber: 'ORD_SO_SB-U2_14',
      SCPM_ID: 2,
      SCPM_Code: 'OM-U2',
      SCPM_Name: 'OM MARKETING',
      SCPM_Caption: 'OM',
      LGCM_Name: 'SpeedExpress',
      LGCVM_VehicleNumber: 'GJ38TA8566',
      SHPD_ProductName: 'KEMCHHO SINGLE MARI PAPAD-200',
      SHPD_ProductCode: 'KSMP-200',
      PL_ProductId: 14,
      PM_PackSize: null,
      PM_GrossWeight: null,
      PM_MinOffset: null,
      PM_MaxOffset: null,
      SHPD_ShipQty: 1,
      BatchId: '99',
      Count: '1',
      LCM_LocationName: 'OM MARKETING',
      Address: 'Deepkala Avenue,, opposite Government Tubewell,, Ahmedabad, Gujarat, India, 380058',
      userId: '2',
      userName: 'WH'
    }
  ],
  userId: '2',
  FromSCPId: '3',
  CompanyID: '1'
}
Stop existing :  [ { IRS_ID: 105 }, { IRS_ID: 106 }, { IRS_ID: 107 } ]
Pass counts by MID: { '26': 2 }
Updating shipment master MID: 26 with count: 2
Before update - MID 26: ScanQty = 2
Shipment master update result: ResultSetHeader {
  fieldCount: 0,
  affectedRows: 1,
  insertId: 0,
  info: 'Rows matched: 1  Changed: 1  Warnings: 0',
  serverStatus: 2,
  warningStatus: 0,
  changedRows: 1
}
After update - MID 26: ScanQty = 4
Updating inventory for product 12 with qty 2
Before inventory update - BlockQty: 2, Available: 4
Inventory update result: ResultSetHeader {
  fieldCount: 0,
  affectedRows: 1,
  insertId: 0,
  info: 'Rows matched: 1  Changed: 1  Warnings: 0',
  serverStatus: 2,
  warningStatus: 0,
  changedRows: 1
}
Checking importrsnshipment table structure...
importrsnshipment columns: [
  'IRS_ID',
  'IRS_ProductID',
  'IRS_ProductMID',
  'IRS_ShipmentID',
  'IRS_ShipmentType',
  'IRS_BatchID',
  'IRS_BatchMID',
  'IRS_RandomNo',
  'IRS_ParentRandomNo',
  'IRS_PackSize',
  'IRS_Status',
  'IRS_CreatedBy',
  'IRS_CreatedTimeStamp',
  'IRS_LastModifedBy',
  'IRS_LastModifiedTimeStamp',
  'IRS_PhysicalLocation',
  'IRS_LogicalLocation',
  'IRS_CompanyGrpID',
  'IRS_CompanyID',
  'IRS_ToSCP',
  'IRS_BatchWeight',
  'IRS_ShipmentWeight',
  'IRS_Remark',
  'IRS_SKU',
  'IRS_Boxno'
]
Updating importrsnshipment for IRS_ID: 99 with weight: 2.63
importrsnshipment update successful, affected rows: 1
Updating importrsnshipment for IRS_ID: 98 with weight: 2.635
importrsnshipment update successful, affected rows: 1
Processing RSN history for IRS_ID: 99
Inserted RSN history ID: 22
Processing RSN history for IRS_ID: 98
Inserted RSN history ID: 23
{ shipmentId: '12', newStatus: '8', userId: '2' }
Shipment Status :  [
  ResultSetHeader {
    fieldCount: 0,
    affectedRows: 1,
    insertId: 0,
    info: 'Rows matched: 1  Changed: 1  Warnings: 0',
    serverStatus: 2,
    warningStatus: 0,
    changedRows: 1
  },
  undefined
]
Inserting dispatch audit row with values: [
  '12',
  499,
  14,
  'OM-U2',
  2700,
  2740,
  '0101014KTLJ7JR',
  22,
  1,
  '2026-02-26 15:41:23'
]
Inserting dispatch audit row with values: [
  '12',
  0,
  13,
  'BFFO-U2',
  0,
  0,
  '0101013DUBQF74',
  4,
  15,
  '2026-02-26 15:44:01'
]
Inserting dispatch audit row with values: [
  '12',
  0,
  13,
  'BFFO-U2',
  0,
  0,
  '0101013DUBQF74',
  4,
  15,
  '2026-02-26 15:44:28'
]
Inserting dispatch audit row with values: [
  '12',
  499,
  13,
  'BFFO-U2',
  2700,
  2700,
  '0101013DUBQF74',
  22,
  11,
  '2026-02-26 15:47:10'
]
Inserting dispatch audit row with values: [
  '12',
  499,
  14,
  'BFFO-U2',
  2700,
  2760,
  '0101014XLZDWP6',
  22,
  2,
  '2026-02-26 15:48:16'
]
Inserting dispatch audit row with values: [
  '12',
  0,
  14,
  'OM-U2',
  0,
  0,
  '01010126SYFL2M',
  4,
  6,
  '2026-02-26 15:48:48'
]
Inserting dispatch audit row with values: [
  '12',
  502,
  12,
  'BFFO-U2',
  2700,
  2630,
  '01010123S6C6XY',
  22,
  1,
  '2026-02-26 15:55:23'
]
Inserting dispatch audit row with values: [
  '12',
  502,
  12,
  'BFFO-U2',
  2700,
  2635,
  '0101012EISJH0C',
  22,
  1,
  '2026-02-26 15:56:11'
]
Successfully deleted folder: /home/smart/Dispatch/ProcessFiles/SBU2WH_10
Daily MySQL backup scheduled at 10:30
✅ CryptoUtils loaded (COMPATIBLE VERSION)
Server running on port 9010
connected to the Local database
INPUT PASSWORD    : Admin@123
DECRYPTED PASSWORD: Admin@123
Found folders: [ 'SBU2WH_5', 'SBU2WH_6', 'SBU2WH_8' ]
Checking folder: SBU2WH_5, isDash1: false
Derived shipmentCode: SBU2WH_5
Shipment query result for code SBU2WH_5: [ { SHPH_ShipmentID: 7, SHPH_Status: 10 } ]
Checking folder: SBU2WH_6, isDash1: false
Derived shipmentCode: SBU2WH_6
Shipment query result for code SBU2WH_6: [ { SHPH_ShipmentID: 8, SHPH_Status: 10 } ]
Checking folder: SBU2WH_8, isDash1: false
Derived shipmentCode: SBU2WH_8
Shipment query result for code SBU2WH_8: [ { SHPH_ShipmentID: 10, SHPH_Status: 10 } ]
INPUT PASSWORD    : Admin@123
DECRYPTED PASSWORD: Admin@123
Found folders: [ 'SBU2WH_5', 'SBU2WH_6', 'SBU2WH_8' ]
Checking folder: SBU2WH_5, isDash1: false
Derived shipmentCode: SBU2WH_5
Shipment query result for code SBU2WH_5: [ { SHPH_ShipmentID: 7, SHPH_Status: 10 } ]
Checking folder: SBU2WH_6, isDash1: false
Derived shipmentCode: SBU2WH_6
Shipment query result for code SBU2WH_6: [ { SHPH_ShipmentID: 8, SHPH_Status: 10 } ]
Checking folder: SBU2WH_8, isDash1: false
Derived shipmentCode: SBU2WH_8
Shipment query result for code SBU2WH_8: [ { SHPH_ShipmentID: 10, SHPH_Status: 10 } ]
Daily MySQL backup scheduled at 10:30
✅ CryptoUtils loaded (COMPATIBLE VERSION)
Server running on port 9010
connected to the Local database
Backup created at: /home/smart/Dispatch/Backup/DailyBackup/backup-2026-02-27_05-00-00-014.sql
INPUT PASSWORD    : Admin@123
DECRYPTED PASSWORD: Admin@123
Found folders: [ 'SBU2WH_5', 'SBU2WH_6', 'SBU2WH_8' ]
Checking folder: SBU2WH_5, isDash1: false
Derived shipmentCode: SBU2WH_5
Shipment query result for code SBU2WH_5: [ { SHPH_ShipmentID: 7, SHPH_Status: 10 } ]
Checking folder: SBU2WH_6, isDash1: false
Derived shipmentCode: SBU2WH_6
Shipment query result for code SBU2WH_6: [ { SHPH_ShipmentID: 8, SHPH_Status: 10 } ]
Checking folder: SBU2WH_8, isDash1: false
Derived shipmentCode: SBU2WH_8
Shipment query result for code SBU2WH_8: [ { SHPH_ShipmentID: 10, SHPH_Status: 10 } ]
{ shipmentId: '13', newStatus: '6', userId: '2' }
Shipment Status :  [
  ResultSetHeader {
    fieldCount: 0,
    affectedRows: 1,
    insertId: 0,
    info: 'Rows matched: 1  Changed: 1  Warnings: 0',
    serverStatus: 2,
    warningStatus: 0,
    changedRows: 1
  },
  undefined
]
Stop :  {
  shipmentId: '13',
  shipmentCode: 'SBU2WH_11',
  shipmentData: [
    {
      SHPD_ShipmentMID: 28,
      SHPH_ShipmentID: 13,
      SHPH_ShipmentType: 'New Order',
      SHPH_Status: 2,
      SHPH_ShipmentCode: 'SBU2WH_11',
      ORDM_OrderNumber: 'ORD_SO_SB-U2_15',
      SCPM_ID: 2,
      SCPM_Code: 'OM-U2',
      SCPM_Name: 'OM MARKETING',
      SCPM_Caption: 'OM',
      LGCM_Name: 'SpeedExpress',
      LGCVM_VehicleNumber: 'GJ38TA8566',
      SHPD_ProductName: 'PROD 27/02/2026',
      SHPD_ProductCode: '272',
      PL_ProductId: 15,
      PM_PackSize: null,
      PM_GrossWeight: null,
      PM_MinOffset: null,
      PM_MaxOffset: null,
      SHPD_ShipQty: 2,
      BatchId: '148',
      Count: '2',
      LCM_LocationName: 'OM MARKETING',
      Address: 'Deepkala Avenue,, opposite Government Tubewell,, Ahmedabad, Gujarat, India, 380058',
      userId: '2',
      userName: 'WH'
    },
    {
      SHPD_ShipmentMID: 29,
      SHPH_ShipmentID: 13,
      SHPH_ShipmentType: 'New Order',
      SHPH_Status: 2,
      SHPH_ShipmentCode: 'SBU2WH_11',
      ORDM_OrderNumber: 'ORD_SO_SB-U2_16',
      SCPM_ID: 1,
      SCPM_Code: 'BFFO-U2',
      SCPM_Name: 'BHAGWATI FLOUR and FOODS OUTLET',
      SCPM_Caption: 'BHAGWATI OUTLET',
      LGCM_Name: 'SpeedExpress',
      LGCVM_VehicleNumber: 'GJ38TA8566',
      SHPD_ProductName: 'PN',
      SHPD_ProductCode: 'PN01',
      PL_ProductId: 16,
      PM_PackSize: null,
      PM_GrossWeight: null,
      PM_MinOffset: null,
      PM_MaxOffset: null,
      SHPD_ShipQty: 3,
      BatchId: '150',
      Count: '3',
      LCM_LocationName: 'BHAGWATI FLOUR and FOODS OUTLET',
      Address: 'Sarkhej- Bavla Highway,, Moraiya (Changodar), Ahmedabad, Gujarat, India, 382 213',
      userId: '2',
      userName: 'WH'
    }
  ],
  userId: '2',
  FromSCPId: '3',
  CompanyID: '1'
}
Stop existing :  []
Pass counts by MID: { '28': 1 }
Updating shipment master MID: 28 with count: 1
Before update - MID 28: ScanQty = null
Shipment master update result: ResultSetHeader {
  fieldCount: 0,
  affectedRows: 1,
  insertId: 0,
  info: 'Rows matched: 1  Changed: 1  Warnings: 0',
  serverStatus: 2,
  warningStatus: 0,
  changedRows: 1
}
After update - MID 28: ScanQty = 1
Updating inventory for product 15 with qty 1
Before inventory update - BlockQty: 2, Available: 5
Inventory update result: ResultSetHeader {
  fieldCount: 0,
  affectedRows: 1,
  insertId: 0,
  info: 'Rows matched: 1  Changed: 1  Warnings: 0',
  serverStatus: 2,
  warningStatus: 0,
  changedRows: 1
}
Checking importrsnshipment table structure...
importrsnshipment columns: [
  'IRS_ID',
  'IRS_ProductID',
  'IRS_ProductMID',
  'IRS_ShipmentID',
  'IRS_ShipmentType',
  'IRS_BatchID',
  'IRS_BatchMID',
  'IRS_RandomNo',
  'IRS_ParentRandomNo',
  'IRS_PackSize',
  'IRS_Status',
  'IRS_CreatedBy',
  'IRS_CreatedTimeStamp',
  'IRS_LastModifedBy',
  'IRS_LastModifiedTimeStamp',
  'IRS_PhysicalLocation',
  'IRS_LogicalLocation',
  'IRS_CompanyGrpID',
  'IRS_CompanyID',
  'IRS_ToSCP',
  'IRS_BatchWeight',
  'IRS_ShipmentWeight',
  'IRS_Remark',
  'IRS_SKU',
  'IRS_Boxno'
]
Updating importrsnshipment for IRS_ID: 114 with weight: 2.75
importrsnshipment update successful, affected rows: 1
Processing RSN history for IRS_ID: 114
Inserted RSN history ID: 24
{ shipmentId: '13', newStatus: '10', userId: '2' }
Shipment Status :  [
  ResultSetHeader {
    fieldCount: 0,
    affectedRows: 1,
    insertId: 0,
    info: 'Rows matched: 1  Changed: 1  Warnings: 0',
    serverStatus: 2,
    warningStatus: 0,
    changedRows: 1
  },
  undefined
]
{ shipmentId: '13', newStatus: '6', userId: '2' }
Shipment Status :  [
  ResultSetHeader {
    fieldCount: 0,
    affectedRows: 1,
    insertId: 0,
    info: 'Rows matched: 1  Changed: 1  Warnings: 0',
    serverStatus: 2,
    warningStatus: 0,
    changedRows: 1
  },
  undefined
]
Stop :  {
  shipmentId: '13',
  shipmentCode: 'SBU2WH_11',
  shipmentData: [
    {
      SHPD_ShipmentMID: 29,
      SHPH_ShipmentID: 13,
      SHPH_ShipmentType: 'New Order',
      SHPH_Status: 2,
      SHPH_ShipmentCode: 'SBU2WH_11',
      ORDM_OrderNumber: 'ORD_SO_SB-U2_16',
      SCPM_ID: 1,
      SCPM_Code: 'BFFO-U2',
      SCPM_Name: 'BHAGWATI FLOUR and FOODS OUTLET',
      SCPM_Caption: 'BHAGWATI OUTLET',
      LGCM_Name: 'SpeedExpress',
      LGCVM_VehicleNumber: 'GJ38TA8566',
      SHPD_ProductName: 'PN',
      SHPD_ProductCode: 'PN01',
      PL_ProductId: 16,
      PM_PackSize: null,
      PM_GrossWeight: null,
      PM_MinOffset: null,
      PM_MaxOffset: null,
      SHPD_ShipQty: 3,
      BatchId: '150',
      Count: '3',
      LCM_LocationName: 'BHAGWATI FLOUR and FOODS OUTLET',
      Address: 'Sarkhej- Bavla Highway,, Moraiya (Changodar), Ahmedabad, Gujarat, India, 382 213',
      userId: '2',
      userName: 'WH'
    },
    {
      SHPD_ShipmentMID: 28,
      SHPH_ShipmentID: 13,
      SHPH_ShipmentType: 'New Order',
      SHPH_Status: 2,
      SHPH_ShipmentCode: 'SBU2WH_11',
      ORDM_OrderNumber: 'ORD_SO_SB-U2_15',
      SCPM_ID: 2,
      SCPM_Code: 'OM-U2',
      SCPM_Name: 'OM MARKETING',
      SCPM_Caption: 'OM',
      LGCM_Name: 'SpeedExpress',
      LGCVM_VehicleNumber: 'GJ38TA8566',
      SHPD_ProductName: 'PROD 27/02/2026',
      SHPD_ProductCode: '272',
      PL_ProductId: 15,
      PM_PackSize: null,
      PM_GrossWeight: null,
      PM_MinOffset: null,
      PM_MaxOffset: null,
      SHPD_ShipQty: 2,
      BatchId: '148',
      Count: '2',
      LCM_LocationName: 'OM MARKETING',
      Address: 'Deepkala Avenue,, opposite Government Tubewell,, Ahmedabad, Gujarat, India, 380058',
      userId: '2',
      userName: 'WH'
    }
  ],
  userId: '2',
  FromSCPId: '3',
  CompanyID: '1'
}
Stop existing :  [ { IRS_ID: 114 } ]
Pass counts by MID: { '29': 1 }
Updating shipment master MID: 29 with count: 1
Before update - MID 29: ScanQty = null
Shipment master update result: ResultSetHeader {
  fieldCount: 0,
  affectedRows: 1,
  insertId: 0,
  info: 'Rows matched: 1  Changed: 1  Warnings: 0',
  serverStatus: 2,
  warningStatus: 0,
  changedRows: 1
}
After update - MID 29: ScanQty = 1
Updating inventory for product 16 with qty 1
Before inventory update - BlockQty: 3, Available: 3
Inventory update result: ResultSetHeader {
  fieldCount: 0,
  affectedRows: 1,
  insertId: 0,
  info: 'Rows matched: 1  Changed: 1  Warnings: 0',
  serverStatus: 2,
  warningStatus: 0,
  changedRows: 1
}
Checking importrsnshipment table structure...
importrsnshipment columns: [
  'IRS_ID',
  'IRS_ProductID',
  'IRS_ProductMID',
  'IRS_ShipmentID',
  'IRS_ShipmentType',
  'IRS_BatchID',
  'IRS_BatchMID',
  'IRS_RandomNo',
  'IRS_ParentRandomNo',
  'IRS_PackSize',
  'IRS_Status',
  'IRS_CreatedBy',
  'IRS_CreatedTimeStamp',
  'IRS_LastModifedBy',
  'IRS_LastModifiedTimeStamp',
  'IRS_PhysicalLocation',
  'IRS_LogicalLocation',
  'IRS_CompanyGrpID',
  'IRS_CompanyID',
  'IRS_ToSCP',
  'IRS_BatchWeight',
  'IRS_ShipmentWeight',
  'IRS_Remark',
  'IRS_SKU',
  'IRS_Boxno'
]
Updating importrsnshipment for IRS_ID: 117 with weight: 2.67
importrsnshipment update successful, affected rows: 1
Processing RSN history for IRS_ID: 117
Inserted RSN history ID: 25
{ shipmentId: '13', newStatus: '10', userId: '2' }
Shipment Status :  [
  ResultSetHeader {
    fieldCount: 0,
    affectedRows: 1,
    insertId: 0,
    info: 'Rows matched: 1  Changed: 1  Warnings: 0',
    serverStatus: 2,
    warningStatus: 0,
    changedRows: 1
  },
  undefined
]
{ shipmentId: '13', newStatus: '6', userId: '2' }
Shipment Status :  [
  ResultSetHeader {
    fieldCount: 0,
    affectedRows: 1,
    insertId: 0,
    info: 'Rows matched: 1  Changed: 1  Warnings: 0',
    serverStatus: 2,
    warningStatus: 0,
    changedRows: 1
  },
  undefined
]
Stop :  {
  shipmentId: '13',
  shipmentCode: 'SBU2WH_11',
  shipmentData: [
    {
      SHPD_ShipmentMID: 29,
      SHPH_ShipmentID: 13,
      SHPH_ShipmentType: 'New Order',
      SHPH_Status: 2,
      SHPH_ShipmentCode: 'SBU2WH_11',
      ORDM_OrderNumber: 'ORD_SO_SB-U2_16',
      SCPM_ID: 1,
      SCPM_Code: 'BFFO-U2',
      SCPM_Name: 'BHAGWATI FLOUR and FOODS OUTLET',
      SCPM_Caption: 'BHAGWATI OUTLET',
      LGCM_Name: 'SpeedExpress',
      LGCVM_VehicleNumber: 'GJ38TA8566',
      SHPD_ProductName: 'PN',
      SHPD_ProductCode: 'PN01',
      PL_ProductId: 16,
      PM_PackSize: null,
      PM_GrossWeight: null,
      PM_MinOffset: null,
      PM_MaxOffset: null,
      SHPD_ShipQty: 3,
      BatchId: '150',
      Count: '3',
      LCM_LocationName: 'BHAGWATI FLOUR and FOODS OUTLET',
      Address: 'Sarkhej- Bavla Highway,, Moraiya (Changodar), Ahmedabad, Gujarat, India, 382 213',
      userId: '2',
      userName: 'WH'
    },
    {
      SHPD_ShipmentMID: 28,
      SHPH_ShipmentID: 13,
      SHPH_ShipmentType: 'New Order',
      SHPH_Status: 2,
      SHPH_ShipmentCode: 'SBU2WH_11',
      ORDM_OrderNumber: 'ORD_SO_SB-U2_15',
      SCPM_ID: 2,
      SCPM_Code: 'OM-U2',
      SCPM_Name: 'OM MARKETING',
      SCPM_Caption: 'OM',
      LGCM_Name: 'SpeedExpress',
      LGCVM_VehicleNumber: 'GJ38TA8566',
      SHPD_ProductName: 'PROD 27/02/2026',
      SHPD_ProductCode: '272',
      PL_ProductId: 15,
      PM_PackSize: null,
      PM_GrossWeight: null,
      PM_MinOffset: null,
      PM_MaxOffset: null,
      SHPD_ShipQty: 2,
      BatchId: '148',
      Count: '2',
      LCM_LocationName: 'OM MARKETING',
      Address: 'Deepkala Avenue,, opposite Government Tubewell,, Ahmedabad, Gujarat, India, 380058',
      userId: '2',
      userName: 'WH'
    }
  ],
  userId: '2',
  FromSCPId: '3',
  CompanyID: '1'
}
Stop existing :  [ { IRS_ID: 114 }, { IRS_ID: 117 } ]
{ shipmentId: '13', newStatus: '10', userId: '2' }
Shipment Status :  [
  ResultSetHeader {
    fieldCount: 0,
    affectedRows: 1,
    insertId: 0,
    info: 'Rows matched: 1  Changed: 1  Warnings: 0',
    serverStatus: 2,
    warningStatus: 0,
    changedRows: 1
  },
  undefined
]
{ shipmentId: '13', newStatus: '6', userId: '2' }
Shipment Status :  [
  ResultSetHeader {
    fieldCount: 0,
    affectedRows: 1,
    insertId: 0,
    info: 'Rows matched: 1  Changed: 1  Warnings: 0',
    serverStatus: 2,
    warningStatus: 0,
    changedRows: 1
  },
  undefined
]
Daily MySQL backup scheduled at 10:30
✅ CryptoUtils loaded (COMPATIBLE VERSION)
Server running on port 9010
connected to the Local database
INPUT PASSWORD    : Admin@123
DECRYPTED PASSWORD: Admin@123
Found folders: [ 'SBU2WH_11-1', 'SBU2WH_5', 'SBU2WH_6', 'SBU2WH_8' ]
Checking folder: SBU2WH_11-1, isDash1: true
Derived shipmentCode: SBU2WH_11
Shipment query result for code SBU2WH_11: [ { SHPH_ShipmentID: 13, SHPH_Status: 6 } ]
Resumable shipment found (dash-1): { SHPH_ShipmentID: 13, SHPH_Status: 6 }
Daily MySQL backup scheduled at 10:30
✅ CryptoUtils loaded (COMPATIBLE VERSION)
Server running on port 9010
connected to the Local database
INPUT PASSWORD    : Admin@123
DECRYPTED PASSWORD: Admin@123
Found folders: [ 'SBU2WH_11-1', 'SBU2WH_5', 'SBU2WH_6', 'SBU2WH_8' ]
Checking folder: SBU2WH_11-1, isDash1: true
Derived shipmentCode: SBU2WH_11
Shipment query result for code SBU2WH_11: [ { SHPH_ShipmentID: 13, SHPH_Status: 6 } ]
Resumable shipment found (dash-1): { SHPH_ShipmentID: 13, SHPH_Status: 6 }
INPUT PASSWORD    : Admin@123
DECRYPTED PASSWORD: Admin@123
Found folders: [ 'SBU2WH_11-1', 'SBU2WH_5', 'SBU2WH_6', 'SBU2WH_8' ]
Checking folder: SBU2WH_11-1, isDash1: true
Derived shipmentCode: SBU2WH_11
Shipment query result for code SBU2WH_11: [ { SHPH_ShipmentID: 13, SHPH_Status: 6 } ]
Resumable shipment found (dash-1): { SHPH_ShipmentID: 13, SHPH_Status: 6 }
Stop :  {
  shipmentId: '13',
  shipmentCode: 'SBU2WH_11',
  shipmentData: [
    {
      SHPD_ShipmentMID: 29,
      SHPH_ShipmentID: 13,
      SHPH_ShipmentType: 'New Order',
      SHPH_Status: 6,
      SHPH_ShipmentCode: 'SBU2WH_11',
      ORDM_OrderNumber: 'ORD_SO_SB-U2_16',
      SCPM_ID: 1,
      SCPM_Code: 'BFFO-U2',
      SCPM_Name: 'BHAGWATI FLOUR and FOODS OUTLET',
      SCPM_Caption: 'BHAGWATI OUTLET',
      LGCM_Name: 'SpeedExpress',
      LGCVM_VehicleNumber: 'GJ38TA8566',
      SHPD_ProductName: 'PN',
      SHPD_ProductCode: 'PN01',
      PL_ProductId: 16,
      PM_PackSize: null,
      PM_GrossWeight: null,
      PM_MinOffset: null,
      PM_MaxOffset: null,
      SHPD_ShipQty: 3,
      BatchId: '150',
      Count: '3',
      LCM_LocationName: 'BHAGWATI FLOUR and FOODS OUTLET',
      Address: 'Sarkhej- Bavla Highway,, Moraiya (Changodar), Ahmedabad, Gujarat, India, 382 213',
      userId: '2',
      userName: 'WH'
    },
    {
      SHPD_ShipmentMID: 28,
      SHPH_ShipmentID: 13,
      SHPH_ShipmentType: 'New Order',
      SHPH_Status: 6,
      SHPH_ShipmentCode: 'SBU2WH_11',
      ORDM_OrderNumber: 'ORD_SO_SB-U2_15',
      SCPM_ID: 2,
      SCPM_Code: 'OM-U2',
      SCPM_Name: 'OM MARKETING',
      SCPM_Caption: 'OM',
      LGCM_Name: 'SpeedExpress',
      LGCVM_VehicleNumber: 'GJ38TA8566',
      SHPD_ProductName: 'PROD 27/02/2026',
      SHPD_ProductCode: '272',
      PL_ProductId: 15,
      PM_PackSize: null,
      PM_GrossWeight: null,
      PM_MinOffset: null,
      PM_MaxOffset: null,
      SHPD_ShipQty: 2,
      BatchId: '148',
      Count: '2',
      LCM_LocationName: 'OM MARKETING',
      Address: 'Deepkala Avenue,, opposite Government Tubewell,, Ahmedabad, Gujarat, India, 380058',
      userId: '2',
      userName: 'WH'
    }
  ],
  userId: '2',
  FromSCPId: '3',
  CompanyID: '1'
}
Stop existing :  [ { IRS_ID: 114 }, { IRS_ID: 117 } ]
Pass counts by MID: { '28': 1 }
Updating shipment master MID: 28 with count: 1
Before update - MID 28: ScanQty = 1
Shipment master update result: ResultSetHeader {
  fieldCount: 0,
  affectedRows: 1,
  insertId: 0,
  info: 'Rows matched: 1  Changed: 1  Warnings: 0',
  serverStatus: 2,
  warningStatus: 0,
  changedRows: 1
}
After update - MID 28: ScanQty = 2
Updating inventory for product 15 with qty 1
Before inventory update - BlockQty: 1, Available: 4
Inventory update result: ResultSetHeader {
  fieldCount: 0,
  affectedRows: 1,
  insertId: 0,
  info: 'Rows matched: 1  Changed: 1  Warnings: 0',
  serverStatus: 2,
  warningStatus: 0,
  changedRows: 1
}
Checking importrsnshipment table structure...
importrsnshipment columns: [
  'IRS_ID',
  'IRS_ProductID',
  'IRS_ProductMID',
  'IRS_ShipmentID',
  'IRS_ShipmentType',
  'IRS_BatchID',
  'IRS_BatchMID',
  'IRS_RandomNo',
  'IRS_ParentRandomNo',
  'IRS_PackSize',
  'IRS_Status',
  'IRS_CreatedBy',
  'IRS_CreatedTimeStamp',
  'IRS_LastModifedBy',
  'IRS_LastModifiedTimeStamp',
  'IRS_PhysicalLocation',
  'IRS_LogicalLocation',
  'IRS_CompanyGrpID',
  'IRS_CompanyID',
  'IRS_ToSCP',
  'IRS_BatchWeight',
  'IRS_ShipmentWeight',
  'IRS_Remark',
  'IRS_SKU',
  'IRS_Boxno'
]
Updating importrsnshipment for IRS_ID: 111 with weight: 2.71
importrsnshipment update successful, affected rows: 1
Processing RSN history for IRS_ID: 111
Inserted RSN history ID: 26
{ shipmentId: '13', newStatus: '10', userId: '2' }
Shipment Status :  [
  ResultSetHeader {
    fieldCount: 0,
    affectedRows: 1,
    insertId: 0,
    info: 'Rows matched: 1  Changed: 1  Warnings: 0',
    serverStatus: 2,
    warningStatus: 0,
    changedRows: 1
  },
  undefined
]
{ shipmentId: '13', newStatus: '6', userId: '2' }
Shipment Status :  [
  ResultSetHeader {
    fieldCount: 0,
    affectedRows: 1,
    insertId: 0,
    info: 'Rows matched: 1  Changed: 1  Warnings: 0',
    serverStatus: 2,
    warningStatus: 0,
    changedRows: 1
  },
  undefined
]
Daily MySQL backup scheduled at 10:30
✅ CryptoUtils loaded (COMPATIBLE VERSION)
Server running on port 9010
connected to the Local database
INPUT PASSWORD    : Admin@123
DECRYPTED PASSWORD: Admin@123
Found folders: [ 'SBU2WH_11-1', 'SBU2WH_5', 'SBU2WH_6', 'SBU2WH_8' ]
Checking folder: SBU2WH_11-1, isDash1: true
Derived shipmentCode: SBU2WH_11
Shipment query result for code SBU2WH_11: [ { SHPH_ShipmentID: 13, SHPH_Status: 6 } ]
Resumable shipment found (dash-1): { SHPH_ShipmentID: 13, SHPH_Status: 6 }
Stop :  {
  shipmentId: '13',
  shipmentCode: 'SBU2WH_11',
  shipmentData: [
    {
      SHPD_ShipmentMID: 29,
      SHPH_ShipmentID: 13,
      SHPH_ShipmentType: 'New Order',
      SHPH_Status: 6,
      SHPH_ShipmentCode: 'SBU2WH_11',
      ORDM_OrderNumber: 'ORD_SO_SB-U2_16',
      SCPM_ID: 1,
      SCPM_Code: 'BFFO-U2',
      SCPM_Name: 'BHAGWATI FLOUR and FOODS OUTLET',
      SCPM_Caption: 'BHAGWATI OUTLET',
      LGCM_Name: 'SpeedExpress',
      LGCVM_VehicleNumber: 'GJ38TA8566',
      SHPD_ProductName: 'PN',
      SHPD_ProductCode: 'PN01',
      PL_ProductId: 16,
      PM_PackSize: null,
      PM_GrossWeight: null,
      PM_MinOffset: null,
      PM_MaxOffset: null,
      SHPD_ShipQty: 3,
      BatchId: '150',
      Count: '3',
      LCM_LocationName: 'BHAGWATI FLOUR and FOODS OUTLET',
      Address: 'Sarkhej- Bavla Highway,, Moraiya (Changodar), Ahmedabad, Gujarat, India, 382 213',
      userId: '2',
      userName: 'WH'
    },
    {
      SHPD_ShipmentMID: 28,
      SHPH_ShipmentID: 13,
      SHPH_ShipmentType: 'New Order',
      SHPH_Status: 6,
      SHPH_ShipmentCode: 'SBU2WH_11',
      ORDM_OrderNumber: 'ORD_SO_SB-U2_15',
      SCPM_ID: 2,
      SCPM_Code: 'OM-U2',
      SCPM_Name: 'OM MARKETING',
      SCPM_Caption: 'OM',
      LGCM_Name: 'SpeedExpress',
      LGCVM_VehicleNumber: 'GJ38TA8566',
      SHPD_ProductName: 'PROD 27/02/2026',
      SHPD_ProductCode: '272',
      PL_ProductId: 15,
      PM_PackSize: null,
      PM_GrossWeight: null,
      PM_MinOffset: null,
      PM_MaxOffset: null,
      SHPD_ShipQty: 2,
      BatchId: '148',
      Count: '2',
      LCM_LocationName: 'OM MARKETING',
      Address: 'Deepkala Avenue,, opposite Government Tubewell,, Ahmedabad, Gujarat, India, 380058',
      userId: '2',
      userName: 'WH'
    }
  ],
  userId: '2',
  FromSCPId: '3',
  CompanyID: '1'
}
Stop existing :  [ { IRS_ID: 111 }, { IRS_ID: 114 }, { IRS_ID: 117 } ]
{ shipmentId: '13', newStatus: '10', userId: '2' }
Shipment Status :  [
  ResultSetHeader {
    fieldCount: 0,
    affectedRows: 1,
    insertId: 0,
    info: 'Rows matched: 1  Changed: 1  Warnings: 0',
    serverStatus: 2,
    warningStatus: 0,
    changedRows: 1
  },
  undefined
]
{ shipmentId: '14', newStatus: '6', userId: '2' }
Shipment Status :  [
  ResultSetHeader {
    fieldCount: 0,
    affectedRows: 1,
    insertId: 0,
    info: 'Rows matched: 1  Changed: 1  Warnings: 0',
    serverStatus: 2,
    warningStatus: 0,
    changedRows: 1
  },
  undefined
]
Daily MySQL backup scheduled at 10:30
✅ CryptoUtils loaded (COMPATIBLE VERSION)
Server running on port 9010
connected to the Local database
INPUT PASSWORD    : Admin@123
DECRYPTED PASSWORD: Admin@123
Found folders: [ 'SBU2WH_11', 'SBU2WH_12-1', 'SBU2WH_5', 'SBU2WH_6', 'SBU2WH_8' ]
Checking folder: SBU2WH_11, isDash1: false
Derived shipmentCode: SBU2WH_11
Shipment query result for code SBU2WH_11: [ { SHPH_ShipmentID: 13, SHPH_Status: 10 } ]
Checking folder: SBU2WH_12-1, isDash1: true
Derived shipmentCode: SBU2WH_12
Shipment query result for code SBU2WH_12: [ { SHPH_ShipmentID: 14, SHPH_Status: 6 } ]
Resumable shipment found (dash-1): { SHPH_ShipmentID: 14, SHPH_Status: 6 }
INPUT PASSWORD    : Admin@123
DECRYPTED PASSWORD: Admin@123
Found folders: [ 'SBU2WH_11', 'SBU2WH_12', 'SBU2WH_5', 'SBU2WH_6', 'SBU2WH_8' ]
Checking folder: SBU2WH_11, isDash1: false
Derived shipmentCode: SBU2WH_11
Shipment query result for code SBU2WH_11: [ { SHPH_ShipmentID: 13, SHPH_Status: 10 } ]
Checking folder: SBU2WH_12, isDash1: false
Derived shipmentCode: SBU2WH_12
Shipment query result for code SBU2WH_12: [ { SHPH_ShipmentID: 14, SHPH_Status: 6 } ]
Checking folder: SBU2WH_5, isDash1: false
Derived shipmentCode: SBU2WH_5
Shipment query result for code SBU2WH_5: [ { SHPH_ShipmentID: 7, SHPH_Status: 10 } ]
Checking folder: SBU2WH_6, isDash1: false
Derived shipmentCode: SBU2WH_6
Shipment query result for code SBU2WH_6: [ { SHPH_ShipmentID: 8, SHPH_Status: 10 } ]
Checking folder: SBU2WH_8, isDash1: false
Derived shipmentCode: SBU2WH_8
Shipment query result for code SBU2WH_8: [ { SHPH_ShipmentID: 10, SHPH_Status: 10 } ]
INPUT PASSWORD    : Admin@123
DECRYPTED PASSWORD: Admin@123
Found folders: [ 'SBU2WH_11', 'SBU2WH_12', 'SBU2WH_5', 'SBU2WH_6', 'SBU2WH_8' ]
Checking folder: SBU2WH_11, isDash1: false
Derived shipmentCode: SBU2WH_11
Shipment query result for code SBU2WH_11: [ { SHPH_ShipmentID: 13, SHPH_Status: 10 } ]
Checking folder: SBU2WH_12, isDash1: false
Derived shipmentCode: SBU2WH_12
Shipment query result for code SBU2WH_12: [ { SHPH_ShipmentID: 14, SHPH_Status: 2 } ]
Checking folder: SBU2WH_5, isDash1: false
Derived shipmentCode: SBU2WH_5
Shipment query result for code SBU2WH_5: [ { SHPH_ShipmentID: 7, SHPH_Status: 10 } ]
Checking folder: SBU2WH_6, isDash1: false
Derived shipmentCode: SBU2WH_6
Shipment query result for code SBU2WH_6: [ { SHPH_ShipmentID: 8, SHPH_Status: 10 } ]
Checking folder: SBU2WH_8, isDash1: false
Derived shipmentCode: SBU2WH_8
Shipment query result for code SBU2WH_8: [ { SHPH_ShipmentID: 10, SHPH_Status: 10 } ]
INPUT PASSWORD    : Admin@123
DECRYPTED PASSWORD: Admin@123
Found folders: [ 'SBU2WH_11', 'SBU2WH_12', 'SBU2WH_5', 'SBU2WH_6', 'SBU2WH_8' ]
Checking folder: SBU2WH_11, isDash1: false
Derived shipmentCode: SBU2WH_11
Shipment query result for code SBU2WH_11: [ { SHPH_ShipmentID: 13, SHPH_Status: 10 } ]
Checking folder: SBU2WH_12, isDash1: false
Derived shipmentCode: SBU2WH_12
Shipment query result for code SBU2WH_12: [ { SHPH_ShipmentID: 14, SHPH_Status: 10 } ]
Checking folder: SBU2WH_5, isDash1: false
Derived shipmentCode: SBU2WH_5
Shipment query result for code SBU2WH_5: [ { SHPH_ShipmentID: 7, SHPH_Status: 10 } ]
Checking folder: SBU2WH_6, isDash1: false
Derived shipmentCode: SBU2WH_6
Shipment query result for code SBU2WH_6: [ { SHPH_ShipmentID: 8, SHPH_Status: 10 } ]
Checking folder: SBU2WH_8, isDash1: false
Derived shipmentCode: SBU2WH_8
Shipment query result for code SBU2WH_8: [ { SHPH_ShipmentID: 10, SHPH_Status: 10 } ]
{ shipmentId: '14', newStatus: '6', userId: '2' }
Shipment Status :  [
  ResultSetHeader {
    fieldCount: 0,
    affectedRows: 1,
    insertId: 0,
    info: 'Rows matched: 1  Changed: 1  Warnings: 0',
    serverStatus: 2,
    warningStatus: 0,
    changedRows: 1
  },
  undefined
]
Stop :  {
  shipmentId: '14',
  shipmentCode: 'SBU2WH_12',
  shipmentData: [
    {
      SHPD_ShipmentMID: 30,
      SHPH_ShipmentID: 14,
      SHPH_ShipmentType: 'New Order',
      SHPH_Status: 10,
      SHPH_ShipmentCode: 'SBU2WH_12',
      ORDM_OrderNumber: 'ORD_SO_SB-U2_17',
      SCPM_ID: 2,
      SCPM_Code: 'OM-U2',
      SCPM_Name: 'OM MARKETING',
      SCPM_Caption: 'OM',
      LGCM_Name: 'SpeedExpress',
      LGCVM_VehicleNumber: 'GJ38TA8566',
      SHPD_ProductName: 'PROD 27/02/2026',
      SHPD_ProductCode: '272',
      PL_ProductId: 15,
      PM_PackSize: null,
      PM_GrossWeight: null,
      PM_MinOffset: null,
      PM_MaxOffset: null,
      SHPD_ShipQty: 3,
      BatchId: '149',
      Count: '3',
      LCM_LocationName: 'OM MARKETING',
      Address: 'Deepkala Avenue,, opposite Government Tubewell,, Ahmedabad, Gujarat, India, 380058',
      userId: '2',
      userName: 'WH'
    }
  ],
  userId: '2',
  FromSCPId: '3',
  CompanyID: '1'
}
Stop existing :  []
Pass counts by MID: { '30': 1 }
Updating shipment master MID: 30 with count: 1
Before update - MID 30: ScanQty = null
Shipment master update result: ResultSetHeader {
  fieldCount: 0,
  affectedRows: 1,
  insertId: 0,
  info: 'Rows matched: 1  Changed: 1  Warnings: 0',
  serverStatus: 2,
  warningStatus: 0,
  changedRows: 1
}
After update - MID 30: ScanQty = 1
Updating inventory for product 15 with qty 1
Before inventory update - BlockQty: 0, Available: 3
Inventory update result: ResultSetHeader {
  fieldCount: 0,
  affectedRows: 1,
  insertId: 0,
  info: 'Rows matched: 1  Changed: 1  Warnings: 0',
  serverStatus: 2,
  warningStatus: 0,
  changedRows: 1
}
Checking importrsnshipment table structure...
importrsnshipment columns: [
  'IRS_ID',
  'IRS_ProductID',
  'IRS_ProductMID',
  'IRS_ShipmentID',
  'IRS_ShipmentType',
  'IRS_BatchID',
  'IRS_BatchMID',
  'IRS_RandomNo',
  'IRS_ParentRandomNo',
  'IRS_PackSize',
  'IRS_Status',
  'IRS_CreatedBy',
  'IRS_CreatedTimeStamp',
  'IRS_LastModifedBy',
  'IRS_LastModifiedTimeStamp',
  'IRS_PhysicalLocation',
  'IRS_LogicalLocation',
  'IRS_CompanyGrpID',
  'IRS_CompanyID',
  'IRS_ToSCP',
  'IRS_BatchWeight',
  'IRS_ShipmentWeight',
  'IRS_Remark',
  'IRS_SKU',
  'IRS_Boxno'
]
Updating importrsnshipment for IRS_ID: 113 with weight: 2.74
importrsnshipment update successful, affected rows: 1
Processing RSN history for IRS_ID: 113
Inserted RSN history ID: 27
{ shipmentId: '14', newStatus: '10', userId: '2' }
Shipment Status :  [
  ResultSetHeader {
    fieldCount: 0,
    affectedRows: 1,
    insertId: 0,
    info: 'Rows matched: 1  Changed: 1  Warnings: 0',
    serverStatus: 2,
    warningStatus: 0,
    changedRows: 1
  },
  undefined
]
{ shipmentId: '13', newStatus: '6', userId: '2' }
Shipment Status :  [
  ResultSetHeader {
    fieldCount: 0,
    affectedRows: 1,
    insertId: 0,
    info: 'Rows matched: 1  Changed: 1  Warnings: 0',
    serverStatus: 2,
    warningStatus: 0,
    changedRows: 1
  },
  undefined
]
Stop :  {
  shipmentId: '13',
  shipmentCode: 'SBU2WH_11',
  shipmentData: [
    {
      SHPD_ShipmentMID: 29,
      SHPH_ShipmentID: 13,
      SHPH_ShipmentType: 'New Order',
      SHPH_Status: 10,
      SHPH_ShipmentCode: 'SBU2WH_11',
      ORDM_OrderNumber: 'ORD_SO_SB-U2_16',
      SCPM_ID: 1,
      SCPM_Code: 'BFFO-U2',
      SCPM_Name: 'BHAGWATI FLOUR and FOODS OUTLET',
      SCPM_Caption: 'BHAGWATI OUTLET',
      LGCM_Name: 'SpeedExpress',
      LGCVM_VehicleNumber: 'GJ38TA8566',
      SHPD_ProductName: 'PN',
      SHPD_ProductCode: 'PN01',
      PL_ProductId: 16,
      PM_PackSize: null,
      PM_GrossWeight: null,
      PM_MinOffset: null,
      PM_MaxOffset: null,
      SHPD_ShipQty: 3,
      BatchId: '150',
      Count: '3',
      LCM_LocationName: 'BHAGWATI FLOUR and FOODS OUTLET',
      Address: 'Sarkhej- Bavla Highway,, Moraiya (Changodar), Ahmedabad, Gujarat, India, 382 213',
      userId: '2',
      userName: 'WH'
    },
    {
      SHPD_ShipmentMID: 28,
      SHPH_ShipmentID: 13,
      SHPH_ShipmentType: 'New Order',
      SHPH_Status: 10,
      SHPH_ShipmentCode: 'SBU2WH_11',
      ORDM_OrderNumber: 'ORD_SO_SB-U2_15',
      SCPM_ID: 2,
      SCPM_Code: 'OM-U2',
      SCPM_Name: 'OM MARKETING',
      SCPM_Caption: 'OM',
      LGCM_Name: 'SpeedExpress',
      LGCVM_VehicleNumber: 'GJ38TA8566',
      SHPD_ProductName: 'PROD 27/02/2026',
      SHPD_ProductCode: '272',
      PL_ProductId: 15,
      PM_PackSize: null,
      PM_GrossWeight: null,
      PM_MinOffset: null,
      PM_MaxOffset: null,
      SHPD_ShipQty: 2,
      BatchId: '148',
      Count: '2',
      LCM_LocationName: 'OM MARKETING',
      Address: 'Deepkala Avenue,, opposite Government Tubewell,, Ahmedabad, Gujarat, India, 380058',
      userId: '2',
      userName: 'WH'
    }
  ],
  userId: '2',
  FromSCPId: '3',
  CompanyID: '1'
}
Stop existing :  [ { IRS_ID: 111 }, { IRS_ID: 114 }, { IRS_ID: 117 } ]
{ shipmentId: '13', newStatus: '10', userId: '2' }
Shipment Status :  [
  ResultSetHeader {
    fieldCount: 0,
    affectedRows: 1,
    insertId: 0,
    info: 'Rows matched: 1  Changed: 1  Warnings: 0',
    serverStatus: 2,
    warningStatus: 0,
    changedRows: 1
  },
  undefined
]
{ shipmentId: '13', newStatus: '6', userId: '2' }
Shipment Status :  [
  ResultSetHeader {
    fieldCount: 0,
    affectedRows: 1,
    insertId: 0,
    info: 'Rows matched: 1  Changed: 1  Warnings: 0',
    serverStatus: 2,
    warningStatus: 0,
    changedRows: 1
  },
  undefined
]
Stop :  {
  shipmentId: '13',
  shipmentCode: 'SBU2WH_11',
  shipmentData: [
    {
      SHPD_ShipmentMID: 29,
      SHPH_ShipmentID: 13,
      SHPH_ShipmentType: 'New Order',
      SHPH_Status: 6,
      SHPH_ShipmentCode: 'SBU2WH_11',
      ORDM_OrderNumber: 'ORD_SO_SB-U2_16',
      SCPM_ID: 1,
      SCPM_Code: 'BFFO-U2',
      SCPM_Name: 'BHAGWATI FLOUR and FOODS OUTLET',
      SCPM_Caption: 'BHAGWATI OUTLET',
      LGCM_Name: 'SpeedExpress',
      LGCVM_VehicleNumber: 'GJ38TA8566',
      SHPD_ProductName: 'PN',
      SHPD_ProductCode: 'PN01',
      PL_ProductId: 16,
      PM_PackSize: null,
      PM_GrossWeight: null,
      PM_MinOffset: null,
      PM_MaxOffset: null,
      SHPD_ShipQty: 3,
      BatchId: '150',
      Count: '3',
      LCM_LocationName: 'BHAGWATI FLOUR and FOODS OUTLET',
      Address: 'Sarkhej- Bavla Highway,, Moraiya (Changodar), Ahmedabad, Gujarat, India, 382 213',
      userId: '2',
      userName: 'WH'
    },
    {
      SHPD_ShipmentMID: 28,
      SHPH_ShipmentID: 13,
      SHPH_ShipmentType: 'New Order',
      SHPH_Status: 6,
      SHPH_ShipmentCode: 'SBU2WH_11',
      ORDM_OrderNumber: 'ORD_SO_SB-U2_15',
      SCPM_ID: 2,
      SCPM_Code: 'OM-U2',
      SCPM_Name: 'OM MARKETING',
      SCPM_Caption: 'OM',
      LGCM_Name: 'SpeedExpress',
      LGCVM_VehicleNumber: 'GJ38TA8566',
      SHPD_ProductName: 'PROD 27/02/2026',
      SHPD_ProductCode: '272',
      PL_ProductId: 15,
      PM_PackSize: null,
      PM_GrossWeight: null,
      PM_MinOffset: null,
      PM_MaxOffset: null,
      SHPD_ShipQty: 2,
      BatchId: '148',
      Count: '2',
      LCM_LocationName: 'OM MARKETING',
      Address: 'Deepkala Avenue,, opposite Government Tubewell,, Ahmedabad, Gujarat, India, 380058',
      userId: '2',
      userName: 'WH'
    }
  ],
  userId: '2',
  FromSCPId: '3',
  CompanyID: '1'
}
Stop existing :  [ { IRS_ID: 111 }, { IRS_ID: 114 }, { IRS_ID: 117 } ]
{ shipmentId: '13', newStatus: '10', userId: '2' }
Shipment Status :  [
  ResultSetHeader {
    fieldCount: 0,
    affectedRows: 1,
    insertId: 0,
    info: 'Rows matched: 1  Changed: 1  Warnings: 0',
    serverStatus: 2,
    warningStatus: 0,
    changedRows: 1
  },
  undefined
]
{ shipmentId: '14', newStatus: '6', userId: '2' }
Shipment Status :  [
  ResultSetHeader {
    fieldCount: 0,
    affectedRows: 1,
    insertId: 0,
    info: 'Rows matched: 1  Changed: 1  Warnings: 0',
    serverStatus: 2,
    warningStatus: 0,
    changedRows: 1
  },
  undefined
]
Daily MySQL backup scheduled at 10:30
✅ CryptoUtils loaded (COMPATIBLE VERSION)
Server running on port 9010
connected to the Local database
INPUT PASSWORD    : Admin@123
DECRYPTED PASSWORD: Admin@123
Found folders: [ 'SBU2WH_11', 'SBU2WH_12-1', 'SBU2WH_5', 'SBU2WH_6', 'SBU2WH_8' ]
Checking folder: SBU2WH_11, isDash1: false
Derived shipmentCode: SBU2WH_11
Shipment query result for code SBU2WH_11: [ { SHPH_ShipmentID: 13, SHPH_Status: 10 } ]
Checking folder: SBU2WH_12-1, isDash1: true
Derived shipmentCode: SBU2WH_12
Shipment query result for code SBU2WH_12: [ { SHPH_ShipmentID: 14, SHPH_Status: 6 } ]
Resumable shipment found (dash-1): { SHPH_ShipmentID: 14, SHPH_Status: 6 }
Stop :  {
  shipmentId: '14',
  shipmentCode: 'SBU2WH_12',
  shipmentData: [
    {
      SHPD_ShipmentMID: 30,
      SHPH_ShipmentID: 14,
      SHPH_ShipmentType: 'New Order',
      SHPH_Status: 6,
      SHPH_ShipmentCode: 'SBU2WH_12',
      ORDM_OrderNumber: 'ORD_SO_SB-U2_17',
      SCPM_ID: 2,
      SCPM_Code: 'OM-U2',
      SCPM_Name: 'OM MARKETING',
      SCPM_Caption: 'OM',
      LGCM_Name: 'SpeedExpress',
      LGCVM_VehicleNumber: 'GJ38TA8566',
      SHPD_ProductName: 'PROD 27/02/2026',
      SHPD_ProductCode: '272',
      PL_ProductId: 15,
      PM_PackSize: null,
      PM_GrossWeight: null,
      PM_MinOffset: null,
      PM_MaxOffset: null,
      SHPD_ShipQty: 3,
      BatchId: '149',
      Count: '3',
      LCM_LocationName: 'OM MARKETING',
      Address: 'Deepkala Avenue,, opposite Government Tubewell,, Ahmedabad, Gujarat, India, 380058',
      userId: '2',
      userName: 'WH'
    }
  ],
  userId: '2',
  FromSCPId: '3',
  CompanyID: '1'
}
Stop existing :  [ { IRS_ID: 113 } ]
Pass counts by MID: { '30': 2 }
Updating shipment master MID: 30 with count: 2
Before update - MID 30: ScanQty = 1
Shipment master update result: ResultSetHeader {
  fieldCount: 0,
  affectedRows: 1,
  insertId: 0,
  info: 'Rows matched: 1  Changed: 1  Warnings: 0',
  serverStatus: 2,
  warningStatus: 0,
  changedRows: 1
}
After update - MID 30: ScanQty = 3
Updating inventory for product 15 with qty 2
Before inventory update - BlockQty: -1, Available: 2
Inventory update result: ResultSetHeader {
  fieldCount: 0,
  affectedRows: 1,
  insertId: 0,
  info: 'Rows matched: 1  Changed: 1  Warnings: 0',
  serverStatus: 2,
  warningStatus: 0,
  changedRows: 1
}
Checking importrsnshipment table structure...
importrsnshipment columns: [
  'IRS_ID',
  'IRS_ProductID',
  'IRS_ProductMID',
  'IRS_ShipmentID',
  'IRS_ShipmentType',
  'IRS_BatchID',
  'IRS_BatchMID',
  'IRS_RandomNo',
  'IRS_ParentRandomNo',
  'IRS_PackSize',
  'IRS_Status',
  'IRS_CreatedBy',
  'IRS_CreatedTimeStamp',
  'IRS_LastModifedBy',
  'IRS_LastModifiedTimeStamp',
  'IRS_PhysicalLocation',
  'IRS_LogicalLocation',
  'IRS_CompanyGrpID',
  'IRS_CompanyID',
  'IRS_ToSCP',
  'IRS_BatchWeight',
  'IRS_ShipmentWeight',
  'IRS_Remark',
  'IRS_SKU',
  'IRS_Boxno'
]
Updating importrsnshipment for IRS_ID: 112 with weight: 2.72
importrsnshipment update successful, affected rows: 1
Updating importrsnshipment for IRS_ID: 110 with weight: 2.635
importrsnshipment update successful, affected rows: 1
Processing RSN history for IRS_ID: 112
Inserted RSN history ID: 28
Processing RSN history for IRS_ID: 110
Inserted RSN history ID: 29
{ shipmentId: '14', newStatus: '8', userId: '2' }
Shipment Status :  [
  ResultSetHeader {
    fieldCount: 0,
    affectedRows: 1,
    insertId: 0,
    info: 'Rows matched: 1  Changed: 1  Warnings: 0',
    serverStatus: 2,
    warningStatus: 0,
    changedRows: 1
  },
  undefined
]
Inserting dispatch audit row with values: [
  '14',
  508,
  15,
  'OM-U2',
  2700,
  2740,
  '0101015TPODQZI',
  22,
  11,
  '2026-02-27 12:09:58'
]
Inserting dispatch audit row with values: [
  '14',
  0,
  15,
  'OM-U2',
  0,
  0,
  '01010161JYIWHF',
  4,
  6,
  '2026-02-27 12:13:23'
]
Inserting dispatch audit row with values: [
  '14',
  0,
  15,
  'OM-U2',
  0,
  0,
  '01010161JYIWHF',
  4,
  6,
  '2026-02-27 12:13:54'
]
Inserting dispatch audit row with values: [
  '14',
  509,
  15,
  'OM-U2',
  2700,
  2720,
  '0101015MKGT3X3',
  22,
  1,
  '2026-02-27 14:00:56'
]
Inserting dispatch audit row with values: [
  '14',
  0,
  15,
  'OM-U2',
  0,
  0,
  '01010165BF2487',
  4,
  6,
  '2026-02-27 14:01:39'
]
Inserting dispatch audit row with values: [
  '14',
  0,
  15,
  'OM-U2',
  0,
  0,
  '01010168T5GFF3',
  4,
  6,
  '2026-02-27 14:04:07'
]
Inserting dispatch audit row with values: [
  '14',
  0,
  15,
  'OM-U2',
  0,
  0,
  '01010161JYIWHF',
  4,
  6,
  '2026-02-27 14:04:26'
]
Inserting dispatch audit row with values: [
  '14',
  509,
  15,
  'OM-U2',
  2700,
  2635,
  '0101015FQKOU1T',
  22,
  1,
  '2026-02-27 14:04:54'
]
Successfully deleted folder: /home/smart/Dispatch/ProcessFiles/SBU2WH_12
{ shipmentId: '14', selectedScpId: '3' }
{ shipmentId: '12', selectedScpId: '3' }
{ shipmentId: '11', selectedScpId: '3' }
{ shipmentId: '14', selectedScpId: '3' }
{ shipmentId: '1', selectedScpId: '3' }
Daily MySQL backup scheduled at 10:30
✅ CryptoUtils loaded (COMPATIBLE VERSION)
Server running on port 9010
connected to the Local database
Daily MySQL backup scheduled at 10:30
✅ CryptoUtils loaded (COMPATIBLE VERSION)
Server running on port 9010
connected to the Local database
INPUT PASSWORD    : Admin@123
DECRYPTED PASSWORD: Admin@123
Found folders: [ 'SBU2WH_11', 'SBU2WH_5', 'SBU2WH_6', 'SBU2WH_8' ]
Checking folder: SBU2WH_11, isDash1: false
Derived shipmentCode: SBU2WH_11
Shipment query result for code SBU2WH_11: [ { SHPH_ShipmentID: 13, SHPH_Status: 10 } ]
Checking folder: SBU2WH_5, isDash1: false
Derived shipmentCode: SBU2WH_5
Shipment query result for code SBU2WH_5: [ { SHPH_ShipmentID: 7, SHPH_Status: 10 } ]
Checking folder: SBU2WH_6, isDash1: false
Derived shipmentCode: SBU2WH_6
Shipment query result for code SBU2WH_6: [ { SHPH_ShipmentID: 8, SHPH_Status: 10 } ]
Checking folder: SBU2WH_8, isDash1: false
Derived shipmentCode: SBU2WH_8
Shipment query result for code SBU2WH_8: [ { SHPH_ShipmentID: 10, SHPH_Status: 10 } ]
{ shipmentId: '13', newStatus: '6', userId: '2' }
Shipment Status :  [
  ResultSetHeader {
    fieldCount: 0,
    affectedRows: 1,
    insertId: 0,
    info: 'Rows matched: 1  Changed: 1  Warnings: 0',
    serverStatus: 2,
    warningStatus: 0,
    changedRows: 1
  },
  undefined
]
Daily MySQL backup scheduled at 10:30
✅ CryptoUtils loaded (COMPATIBLE VERSION)
Server running on port 9010
connected to the Local database
INPUT PASSWORD    : Admin@123
DECRYPTED PASSWORD: Admin@123
Found folders: [ 'SBU2WH_11-1', 'SBU2WH_5', 'SBU2WH_6', 'SBU2WH_8' ]
Checking folder: SBU2WH_11-1, isDash1: true
Derived shipmentCode: SBU2WH_11
Shipment query result for code SBU2WH_11: [ { SHPH_ShipmentID: 13, SHPH_Status: 6 } ]
Resumable shipment found (dash-1): { SHPH_ShipmentID: 13, SHPH_Status: 6 }
Stop :  {
  shipmentId: '13',
  shipmentCode: 'SBU2WH_11',
  shipmentData: [
    {
      SHPD_ShipmentMID: 29,
      SHPH_ShipmentID: 13,
      SHPH_ShipmentType: 'New Order',
      SHPH_Status: 6,
      SHPH_ShipmentCode: 'SBU2WH_11',
      ORDM_OrderNumber: 'ORD_SO_SB-U2_16',
      SCPM_ID: 1,
      SCPM_Code: 'BFFO-U2',
      SCPM_Name: 'BHAGWATI FLOUR and FOODS OUTLET',
      SCPM_Caption: 'BHAGWATI OUTLET',
      LGCM_Name: 'SpeedExpress',
      LGCVM_VehicleNumber: 'GJ38TA8566',
      SHPD_ProductName: 'PN',
      SHPD_ProductCode: 'PN01',
      PL_ProductId: 16,
      PM_PackSize: null,
      PM_GrossWeight: null,
      PM_MinOffset: null,
      PM_MaxOffset: null,
      SHPD_ShipQty: 3,
      BatchId: '150',
      Count: '3',
      LCM_LocationName: 'BHAGWATI FLOUR and FOODS OUTLET',
      Address: 'Sarkhej- Bavla Highway,, Moraiya (Changodar), Ahmedabad, Gujarat, India, 382 213',
      userId: '2',
      userName: 'WH'
    },
    {
      SHPD_ShipmentMID: 28,
      SHPH_ShipmentID: 13,
      SHPH_ShipmentType: 'New Order',
      SHPH_Status: 6,
      SHPH_ShipmentCode: 'SBU2WH_11',
      ORDM_OrderNumber: 'ORD_SO_SB-U2_15',
      SCPM_ID: 2,
      SCPM_Code: 'OM-U2',
      SCPM_Name: 'OM MARKETING',
      SCPM_Caption: 'OM',
      LGCM_Name: 'SpeedExpress',
      LGCVM_VehicleNumber: 'GJ38TA8566',
      SHPD_ProductName: 'PROD 27/02/2026',
      SHPD_ProductCode: '272',
      PL_ProductId: 15,
      PM_PackSize: null,
      PM_GrossWeight: null,
      PM_MinOffset: null,
      PM_MaxOffset: null,
      SHPD_ShipQty: 2,
      BatchId: '148',
      Count: '2',
      LCM_LocationName: 'OM MARKETING',
      Address: 'Deepkala Avenue,, opposite Government Tubewell,, Ahmedabad, Gujarat, India, 380058',
      userId: '2',
      userName: 'WH'
    }
  ],
  userId: '2',
  FromSCPId: '3',
  CompanyID: '1'
}
Stop existing :  [ { IRS_ID: 111 }, { IRS_ID: 114 }, { IRS_ID: 117 } ]
{ shipmentId: '13', newStatus: '10', userId: '2' }
Shipment Status :  [
  ResultSetHeader {
    fieldCount: 0,
    affectedRows: 1,
    insertId: 0,
    info: 'Rows matched: 1  Changed: 1  Warnings: 0',
    serverStatus: 2,
    warningStatus: 0,
    changedRows: 1
  },
  undefined
]
{ shipmentId: '13', newStatus: '6', userId: '2' }
Shipment Status :  [
  ResultSetHeader {
    fieldCount: 0,
    affectedRows: 1,
    insertId: 0,
    info: 'Rows matched: 1  Changed: 1  Warnings: 0',
    serverStatus: 2,
    warningStatus: 0,
    changedRows: 1
  },
  undefined
]
Daily MySQL backup scheduled at 10:30
✅ CryptoUtils loaded (COMPATIBLE VERSION)
Server running on port 9010
connected to the Local database
INPUT PASSWORD    : Admin@123
DECRYPTED PASSWORD: Admin@123
Found folders: [ 'SBU2WH_11-1', 'SBU2WH_5', 'SBU2WH_6', 'SBU2WH_8' ]
Checking folder: SBU2WH_11-1, isDash1: true
Derived shipmentCode: SBU2WH_11
Shipment query result for code SBU2WH_11: [ { SHPH_ShipmentID: 13, SHPH_Status: 6 } ]
Resumable shipment found (dash-1): { SHPH_ShipmentID: 13, SHPH_Status: 6 }
Stop :  {
  shipmentId: '13',
  shipmentCode: 'SBU2WH_11',
  shipmentData: [
    {
      SHPD_ShipmentMID: 29,
      SHPH_ShipmentID: 13,
      SHPH_ShipmentType: 'New Order',
      SHPH_Status: 6,
      SHPH_ShipmentCode: 'SBU2WH_11',
      ORDM_OrderNumber: 'ORD_SO_SB-U2_16',
      SCPM_ID: 1,
      SCPM_Code: 'BFFO-U2',
      SCPM_Name: 'BHAGWATI FLOUR and FOODS OUTLET',
      SCPM_Caption: 'BHAGWATI OUTLET',
      LGCM_Name: 'SpeedExpress',
      LGCVM_VehicleNumber: 'GJ38TA8566',
      SHPD_ProductName: 'PN',
      SHPD_ProductCode: 'PN01',
      PL_ProductId: 16,
      PM_PackSize: null,
      PM_GrossWeight: null,
      PM_MinOffset: null,
      PM_MaxOffset: null,
      SHPD_ShipQty: 3,
      BatchId: '150',
      Count: '3',
      LCM_LocationName: 'BHAGWATI FLOUR and FOODS OUTLET',
      Address: 'Sarkhej- Bavla Highway,, Moraiya (Changodar), Ahmedabad, Gujarat, India, 382 213',
      userId: '2',
      userName: 'WH'
    },
    {
      SHPD_ShipmentMID: 28,
      SHPH_ShipmentID: 13,
      SHPH_ShipmentType: 'New Order',
      SHPH_Status: 6,
      SHPH_ShipmentCode: 'SBU2WH_11',
      ORDM_OrderNumber: 'ORD_SO_SB-U2_15',
      SCPM_ID: 2,
      SCPM_Code: 'OM-U2',
      SCPM_Name: 'OM MARKETING',
      SCPM_Caption: 'OM',
      LGCM_Name: 'SpeedExpress',
      LGCVM_VehicleNumber: 'GJ38TA8566',
      SHPD_ProductName: 'PROD 27/02/2026',
      SHPD_ProductCode: '272',
      PL_ProductId: 15,
      PM_PackSize: null,
      PM_GrossWeight: null,
      PM_MinOffset: null,
      PM_MaxOffset: null,
      SHPD_ShipQty: 2,
      BatchId: '148',
      Count: '2',
      LCM_LocationName: 'OM MARKETING',
      Address: 'Deepkala Avenue,, opposite Government Tubewell,, Ahmedabad, Gujarat, India, 380058',
      userId: '2',
      userName: 'WH'
    }
  ],
  userId: '2',
  FromSCPId: '3',
  CompanyID: '1'
}
Stop existing :  [ { IRS_ID: 111 }, { IRS_ID: 114 }, { IRS_ID: 117 } ]
{ shipmentId: '13', newStatus: '10', userId: '2' }
Shipment Status :  [
  ResultSetHeader {
    fieldCount: 0,
    affectedRows: 1,
    insertId: 0,
    info: 'Rows matched: 1  Changed: 1  Warnings: 0',
    serverStatus: 2,
    warningStatus: 0,
    changedRows: 1
  },
  undefined
]
{ shipmentId: '13', newStatus: '6', userId: '2' }
Shipment Status :  [
  ResultSetHeader {
    fieldCount: 0,
    affectedRows: 1,
    insertId: 0,
    info: 'Rows matched: 1  Changed: 1  Warnings: 0',
    serverStatus: 2,
    warningStatus: 0,
    changedRows: 1
  },
  undefined
]
Stop :  {
  shipmentId: '13',
  shipmentCode: 'SBU2WH_11',
  shipmentData: [
    {
      SHPD_ShipmentMID: 29,
      SHPH_ShipmentID: 13,
      SHPH_ShipmentType: 'New Order',
      SHPH_Status: 6,
      SHPH_ShipmentCode: 'SBU2WH_11',
      ORDM_OrderNumber: 'ORD_SO_SB-U2_16',
      SCPM_ID: 1,
      SCPM_Code: 'BFFO-U2',
      SCPM_Name: 'BHAGWATI FLOUR and FOODS OUTLET',
      SCPM_Caption: 'BHAGWATI OUTLET',
      LGCM_Name: 'SpeedExpress',
      LGCVM_VehicleNumber: 'GJ38TA8566',
      SHPD_ProductName: 'PN',
      SHPD_ProductCode: 'PN01',
      PL_ProductId: 16,
      PM_PackSize: null,
      PM_GrossWeight: null,
      PM_MinOffset: null,
      PM_MaxOffset: null,
      SHPD_ShipQty: 3,
      BatchId: '150',
      Count: '3',
      LCM_LocationName: 'BHAGWATI FLOUR and FOODS OUTLET',
      Address: 'Sarkhej- Bavla Highway,, Moraiya (Changodar), Ahmedabad, Gujarat, India, 382 213',
      userId: '2',
      userName: 'WH'
    },
    {
      SHPD_ShipmentMID: 28,
      SHPH_ShipmentID: 13,
      SHPH_ShipmentType: 'New Order',
      SHPH_Status: 6,
      SHPH_ShipmentCode: 'SBU2WH_11',
      ORDM_OrderNumber: 'ORD_SO_SB-U2_15',
      SCPM_ID: 2,
      SCPM_Code: 'OM-U2',
      SCPM_Name: 'OM MARKETING',
      SCPM_Caption: 'OM',
      LGCM_Name: 'SpeedExpress',
      LGCVM_VehicleNumber: 'GJ38TA8566',
      SHPD_ProductName: 'PROD 27/02/2026',
      SHPD_ProductCode: '272',
      PL_ProductId: 15,
      PM_PackSize: null,
      PM_GrossWeight: null,
      PM_MinOffset: null,
      PM_MaxOffset: null,
      SHPD_ShipQty: 2,
      BatchId: '148',
      Count: '2',
      LCM_LocationName: 'OM MARKETING',
      Address: 'Deepkala Avenue,, opposite Government Tubewell,, Ahmedabad, Gujarat, India, 380058',
      userId: '2',
      userName: 'WH'
    }
  ],
  userId: '2',
  FromSCPId: '3',
  CompanyID: '1'
}
Stop existing :  [ { IRS_ID: 111 }, { IRS_ID: 114 }, { IRS_ID: 117 } ]
{ shipmentId: '13', newStatus: '10', userId: '2' }
Shipment Status :  [
  ResultSetHeader {
    fieldCount: 0,
    affectedRows: 1,
    insertId: 0,
    info: 'Rows matched: 1  Changed: 1  Warnings: 0',
    serverStatus: 2,
    warningStatus: 0,
    changedRows: 1
  },
  undefined
]
Backup created at: /home/smart/Dispatch/Backup/DailyBackup/backup-2026-02-28_05-00-00-008.sql
Daily MySQL backup scheduled at 10:30
✅ CryptoUtils loaded (COMPATIBLE VERSION)
Server running on port 9010
connected to the Local database
INPUT PASSWORD    : Admin@123
DECRYPTED PASSWORD: Admin@123
Found folders: [ 'SBU2WH_11', 'SBU2WH_5', 'SBU2WH_6', 'SBU2WH_8' ]
Checking folder: SBU2WH_11, isDash1: false
Derived shipmentCode: SBU2WH_11
Shipment query result for code SBU2WH_11: [ { SHPH_ShipmentID: 13, SHPH_Status: 10 } ]
Checking folder: SBU2WH_5, isDash1: false
Derived shipmentCode: SBU2WH_5
Shipment query result for code SBU2WH_5: [ { SHPH_ShipmentID: 7, SHPH_Status: 10 } ]
Checking folder: SBU2WH_6, isDash1: false
Derived shipmentCode: SBU2WH_6
Shipment query result for code SBU2WH_6: [ { SHPH_ShipmentID: 8, SHPH_Status: 10 } ]
Checking folder: SBU2WH_8, isDash1: false
Derived shipmentCode: SBU2WH_8
Shipment query result for code SBU2WH_8: [ { SHPH_ShipmentID: 10, SHPH_Status: 10 } ]
{ shipmentId: '13', newStatus: '6', userId: '2' }
Shipment Status :  [
  ResultSetHeader {
    fieldCount: 0,
    affectedRows: 1,
    insertId: 0,
    info: 'Rows matched: 1  Changed: 1  Warnings: 0',
    serverStatus: 2,
    warningStatus: 0,
    changedRows: 1
  },
  undefined
]
Daily MySQL backup scheduled at 10:30
✅ CryptoUtils loaded (COMPATIBLE VERSION)
Server running on port 9010
connected to the Local database
Daily MySQL backup scheduled at 10:30
✅ CryptoUtils loaded (COMPATIBLE VERSION)
Server running on port 9010
connected to the Local database
INPUT PASSWORD    : Admin@123
DECRYPTED PASSWORD: Admin@123
Found folders: [ 'SBU2WH_11-1', 'SBU2WH_5', 'SBU2WH_6', 'SBU2WH_8' ]
Checking folder: SBU2WH_11-1, isDash1: true
Derived shipmentCode: SBU2WH_11
Shipment query result for code SBU2WH_11: [ { SHPH_ShipmentID: 13, SHPH_Status: 6 } ]
Resumable shipment found (dash-1): { SHPH_ShipmentID: 13, SHPH_Status: 6 }
Stop :  {
  shipmentId: '13',
  shipmentCode: 'SBU2WH_11',
  shipmentData: [
    {
      SHPD_ShipmentMID: 29,
      SHPH_ShipmentID: 13,
      SHPH_ShipmentType: 'New Order',
      SHPH_Status: 6,
      SHPH_ShipmentCode: 'SBU2WH_11',
      ORDM_OrderNumber: 'ORD_SO_SB-U2_16',
      SCPM_ID: 1,
      SCPM_Code: 'BFFO-U2',
      SCPM_Name: 'BHAGWATI FLOUR and FOODS OUTLET',
      SCPM_Caption: 'BHAGWATI OUTLET',
      LGCM_Name: 'SpeedExpress',
      LGCVM_VehicleNumber: 'GJ38TA8566',
      SHPD_ProductName: 'PN',
      SHPD_ProductCode: 'PN01',
      PL_ProductId: 16,
      PM_PackSize: null,
      PM_GrossWeight: null,
      PM_MinOffset: null,
      PM_MaxOffset: null,
      SHPD_ShipQty: 3,
      BatchId: '150',
      Count: '3',
      LCM_LocationName: 'BHAGWATI FLOUR and FOODS OUTLET',
      Address: 'Sarkhej- Bavla Highway,, Moraiya (Changodar), Ahmedabad, Gujarat, India, 382 213',
      userId: '2',
      userName: 'WH'
    },
    {
      SHPD_ShipmentMID: 28,
      SHPH_ShipmentID: 13,
      SHPH_ShipmentType: 'New Order',
      SHPH_Status: 6,
      SHPH_ShipmentCode: 'SBU2WH_11',
      ORDM_OrderNumber: 'ORD_SO_SB-U2_15',
      SCPM_ID: 2,
      SCPM_Code: 'OM-U2',
      SCPM_Name: 'OM MARKETING',
      SCPM_Caption: 'OM',
      LGCM_Name: 'SpeedExpress',
      LGCVM_VehicleNumber: 'GJ38TA8566',
      SHPD_ProductName: 'PROD 27/02/2026',
      SHPD_ProductCode: '272',
      PL_ProductId: 15,
      PM_PackSize: null,
      PM_GrossWeight: null,
      PM_MinOffset: null,
      PM_MaxOffset: null,
      SHPD_ShipQty: 2,
      BatchId: '148',
      Count: '2',
      LCM_LocationName: 'OM MARKETING',
      Address: 'Deepkala Avenue,, opposite Government Tubewell,, Ahmedabad, Gujarat, India, 380058',
      userId: '2',
      userName: 'WH'
    }
  ],
  userId: '2',
  FromSCPId: '3',
  CompanyID: '1'
}
Stop existing :  [ { IRS_ID: 111 }, { IRS_ID: 114 }, { IRS_ID: 117 } ]
{ shipmentId: '13', newStatus: '10', userId: '2' }
Shipment Status :  [
  ResultSetHeader {
    fieldCount: 0,
    affectedRows: 1,
    insertId: 0,
    info: 'Rows matched: 1  Changed: 1  Warnings: 0',
    serverStatus: 2,
    warningStatus: 0,
    changedRows: 1
  },
  undefined
]
{ shipmentId: '13', newStatus: '6', userId: '2' }
Shipment Status :  [
  ResultSetHeader {
    fieldCount: 0,
    affectedRows: 1,
    insertId: 0,
    info: 'Rows matched: 1  Changed: 1  Warnings: 0',
    serverStatus: 2,
    warningStatus: 0,
    changedRows: 1
  },
  undefined
]
Stop :  {
  shipmentId: '13',
  shipmentCode: 'SBU2WH_11',
  shipmentData: [
    {
      SHPD_ShipmentMID: 29,
      SHPH_ShipmentID: 13,
      SHPH_ShipmentType: 'New Order',
      SHPH_Status: 10,
      SHPH_ShipmentCode: 'SBU2WH_11',
      ORDM_OrderNumber: 'ORD_SO_SB-U2_16',
      SCPM_ID: 1,
      SCPM_Code: 'BFFO-U2',
      SCPM_Name: 'BHAGWATI FLOUR and FOODS OUTLET',
      SCPM_Caption: 'BHAGWATI OUTLET',
      LGCM_Name: 'SpeedExpress',
      LGCVM_VehicleNumber: 'GJ38TA8566',
      SHPD_ProductName: 'PN',
      SHPD_ProductCode: 'PN01',
      PL_ProductId: 16,
      PM_PackSize: null,
      PM_GrossWeight: null,
      PM_MinOffset: null,
      PM_MaxOffset: null,
      SHPD_ShipQty: 3,
      BatchId: '150',
      Count: '3',
      LCM_LocationName: 'BHAGWATI FLOUR and FOODS OUTLET',
      Address: 'Sarkhej- Bavla Highway,, Moraiya (Changodar), Ahmedabad, Gujarat, India, 382 213',
      userId: '2',
      userName: 'WH'
    },
    {
      SHPD_ShipmentMID: 28,
      SHPH_ShipmentID: 13,
      SHPH_ShipmentType: 'New Order',
      SHPH_Status: 10,
      SHPH_ShipmentCode: 'SBU2WH_11',
      ORDM_OrderNumber: 'ORD_SO_SB-U2_15',
      SCPM_ID: 2,
      SCPM_Code: 'OM-U2',
      SCPM_Name: 'OM MARKETING',
      SCPM_Caption: 'OM',
      LGCM_Name: 'SpeedExpress',
      LGCVM_VehicleNumber: 'GJ38TA8566',
      SHPD_ProductName: 'PROD 27/02/2026',
      SHPD_ProductCode: '272',
      PL_ProductId: 15,
      PM_PackSize: null,
      PM_GrossWeight: null,
      PM_MinOffset: null,
      PM_MaxOffset: null,
      SHPD_ShipQty: 2,
      BatchId: '148',
      Count: '2',
      LCM_LocationName: 'OM MARKETING',
      Address: 'Deepkala Avenue,, opposite Government Tubewell,, Ahmedabad, Gujarat, India, 380058',
      userId: '2',
      userName: 'WH'
    }
  ],
  userId: '2',
  FromSCPId: '3',
  CompanyID: '1'
}
Stop existing :  [ { IRS_ID: 111 }, { IRS_ID: 114 }, { IRS_ID: 117 } ]
{ shipmentId: '13', newStatus: '10', userId: '2' }
Shipment Status :  [
  ResultSetHeader {
    fieldCount: 0,
    affectedRows: 1,
    insertId: 0,
    info: 'Rows matched: 1  Changed: 1  Warnings: 0',
    serverStatus: 2,
    warningStatus: 0,
    changedRows: 1
  },
  undefined
]
{ shipmentId: '13', newStatus: '6', userId: '2' }
Shipment Status :  [
  ResultSetHeader {
    fieldCount: 0,
    affectedRows: 1,
    insertId: 0,
    info: 'Rows matched: 1  Changed: 1  Warnings: 0',
    serverStatus: 2,
    warningStatus: 0,
    changedRows: 1
  },
  undefined
]
Stop :  {
  shipmentId: '13',
  shipmentCode: 'SBU2WH_11',
  shipmentData: [
    {
      SHPD_ShipmentMID: 29,
      SHPH_ShipmentID: 13,
      SHPH_ShipmentType: 'New Order',
      SHPH_Status: 10,
      SHPH_ShipmentCode: 'SBU2WH_11',
      ORDM_OrderNumber: 'ORD_SO_SB-U2_16',
      SCPM_ID: 1,
      SCPM_Code: 'BFFO-U2',
      SCPM_Name: 'BHAGWATI FLOUR and FOODS OUTLET',
      SCPM_Caption: 'BHAGWATI OUTLET',
      LGCM_Name: 'SpeedExpress',
      LGCVM_VehicleNumber: 'GJ38TA8566',
      SHPD_ProductName: 'PN',
      SHPD_ProductCode: 'PN01',
      PL_ProductId: 16,
      PM_PackSize: null,
      PM_GrossWeight: null,
      PM_MinOffset: null,
      PM_MaxOffset: null,
      SHPD_ShipQty: 3,
      BatchId: '150',
      Count: '3',
      LCM_LocationName: 'BHAGWATI FLOUR and FOODS OUTLET',
      Address: 'Sarkhej- Bavla Highway,, Moraiya (Changodar), Ahmedabad, Gujarat, India, 382 213',
      userId: '2',
      userName: 'WH'
    },
    {
      SHPD_ShipmentMID: 28,
      SHPH_ShipmentID: 13,
      SHPH_ShipmentType: 'New Order',
      SHPH_Status: 10,
      SHPH_ShipmentCode: 'SBU2WH_11',
      ORDM_OrderNumber: 'ORD_SO_SB-U2_15',
      SCPM_ID: 2,
      SCPM_Code: 'OM-U2',
      SCPM_Name: 'OM MARKETING',
      SCPM_Caption: 'OM',
      LGCM_Name: 'SpeedExpress',
      LGCVM_VehicleNumber: 'GJ38TA8566',
      SHPD_ProductName: 'PROD 27/02/2026',
      SHPD_ProductCode: '272',
      PL_ProductId: 15,
      PM_PackSize: null,
      PM_GrossWeight: null,
      PM_MinOffset: null,
      PM_MaxOffset: null,
      SHPD_ShipQty: 2,
      BatchId: '148',
      Count: '2',
      LCM_LocationName: 'OM MARKETING',
      Address: 'Deepkala Avenue,, opposite Government Tubewell,, Ahmedabad, Gujarat, India, 380058',
      userId: '2',
      userName: 'WH'
    }
  ],
  userId: '2',
  FromSCPId: '3',
  CompanyID: '1'
}
Stop existing :  [ { IRS_ID: 111 }, { IRS_ID: 114 }, { IRS_ID: 117 } ]
{ shipmentId: '13', newStatus: '10', userId: '2' }
Shipment Status :  [
  ResultSetHeader {
    fieldCount: 0,
    affectedRows: 1,
    insertId: 0,
    info: 'Rows matched: 1  Changed: 1  Warnings: 0',
    serverStatus: 2,
    warningStatus: 0,
    changedRows: 1
  },
  undefined
]
Daily MySQL backup scheduled at 10:30
✅ CryptoUtils loaded (COMPATIBLE VERSION)
Server running on port 9010
connected to the Local database
INPUT PASSWORD    : Admin@123
DECRYPTED PASSWORD: Admin@123
Found folders: [ 'SBU2WH_11', 'SBU2WH_5', 'SBU2WH_6', 'SBU2WH_8' ]
Checking folder: SBU2WH_11, isDash1: false
Derived shipmentCode: SBU2WH_11
Shipment query result for code SBU2WH_11: [ { SHPH_ShipmentID: 13, SHPH_Status: 10 } ]
Checking folder: SBU2WH_5, isDash1: false
Derived shipmentCode: SBU2WH_5
Shipment query result for code SBU2WH_5: [ { SHPH_ShipmentID: 7, SHPH_Status: 10 } ]
Checking folder: SBU2WH_6, isDash1: false
Derived shipmentCode: SBU2WH_6
Shipment query result for code SBU2WH_6: [ { SHPH_ShipmentID: 8, SHPH_Status: 10 } ]
Checking folder: SBU2WH_8, isDash1: false
Derived shipmentCode: SBU2WH_8
Shipment query result for code SBU2WH_8: [ { SHPH_ShipmentID: 10, SHPH_Status: 10 } ]
{ shipmentId: '13', newStatus: '6', userId: '2' }
Shipment Status :  [
  ResultSetHeader {
    fieldCount: 0,
    affectedRows: 1,
    insertId: 0,
    info: 'Rows matched: 1  Changed: 1  Warnings: 0',
    serverStatus: 2,
    warningStatus: 0,
    changedRows: 1
  },
  undefined
]
Stop :  {
  shipmentId: '13',
  shipmentCode: 'SBU2WH_11',
  shipmentData: [
    {
      SHPD_ShipmentMID: 29,
      SHPH_ShipmentID: 13,
      SHPH_ShipmentType: 'New Order',
      SHPH_Status: 10,
      SHPH_ShipmentCode: 'SBU2WH_11',
      ORDM_OrderNumber: 'ORD_SO_SB-U2_16',
      SCPM_ID: 1,
      SCPM_Code: 'BFFO-U2',
      SCPM_Name: 'BHAGWATI FLOUR and FOODS OUTLET',
      SCPM_Caption: 'BHAGWATI OUTLET',
      LGCM_Name: 'SpeedExpress',
      LGCVM_VehicleNumber: 'GJ38TA8566',
      SHPD_ProductName: 'PN',
      SHPD_ProductCode: 'PN01',
      PL_ProductId: 16,
      PM_PackSize: null,
      PM_GrossWeight: null,
      PM_MinOffset: null,
      PM_MaxOffset: null,
      SHPD_ShipQty: 3,
      BatchId: '150',
      Count: '3',
      LCM_LocationName: 'BHAGWATI FLOUR and FOODS OUTLET',
      Address: 'Sarkhej- Bavla Highway,, Moraiya (Changodar), Ahmedabad, Gujarat, India, 382 213',
      userId: '2',
      userName: 'WH'
    },
    {
      SHPD_ShipmentMID: 28,
      SHPH_ShipmentID: 13,
      SHPH_ShipmentType: 'New Order',
      SHPH_Status: 10,
      SHPH_ShipmentCode: 'SBU2WH_11',
      ORDM_OrderNumber: 'ORD_SO_SB-U2_15',
      SCPM_ID: 2,
      SCPM_Code: 'OM-U2',
      SCPM_Name: 'OM MARKETING',
      SCPM_Caption: 'OM',
      LGCM_Name: 'SpeedExpress',
      LGCVM_VehicleNumber: 'GJ38TA8566',
      SHPD_ProductName: 'PROD 27/02/2026',
      SHPD_ProductCode: '272',
      PL_ProductId: 15,
      PM_PackSize: null,
      PM_GrossWeight: null,
      PM_MinOffset: null,
      PM_MaxOffset: null,
      SHPD_ShipQty: 2,
      BatchId: '148',
      Count: '2',
      LCM_LocationName: 'OM MARKETING',
      Address: 'Deepkala Avenue,, opposite Government Tubewell,, Ahmedabad, Gujarat, India, 380058',
      userId: '2',
      userName: 'WH'
    }
  ],
  userId: '2',
  FromSCPId: '3',
  CompanyID: '1'
}
Stop existing :  [ { IRS_ID: 111 }, { IRS_ID: 114 }, { IRS_ID: 117 } ]
{ shipmentId: '13', newStatus: '10', userId: '2' }
Shipment Status :  [
  ResultSetHeader {
    fieldCount: 0,
    affectedRows: 1,
    insertId: 0,
    info: 'Rows matched: 1  Changed: 1  Warnings: 0',
    serverStatus: 2,
    warningStatus: 0,
    changedRows: 1
  },
  undefined
]
